symbol,company,market_cap,industry,lodged,topic,clause,why_it_matters
BHP,BHP GROUP LIMITED,339826752284,Materials,2024-10-01,venue-limited derivatives ban,"PDMRs are prohibited from dealing ... where the dealing involves transactions in put options, call options or other derivative securities, on an exchange or in any other organised market","A bilateral OTC collar with a bank is outside the express ban, so its treatment turns on the dealing definition and clearance, but the bank should not hedge or novate the position through listed options in the executive's name."
BHP,BHP GROUP LIMITED,339826752284,Materials,2024-10-01,substance over form,BHP will take a substance over form approach and will have regard to the intent and spirit of this policy when applying and enforcing it.,A Clearance Officer may treat an OTC collar as within the spirit of the exchange-traded derivatives ban or the hedging ban and refuse clearance on that basis.
BHP,BHP GROUP LIMITED,339826752284,Materials,2024-10-01,one-year maturity test,An investment with a maturity of one year or less is considered of a short-term nature,"Both the collar and the loan must have a tenor exceeding twelve months for a PDMR, and early termination or roll features may be scrutinised."
BHP,BHP GROUP LIMITED,339826752284,Materials,2024-10-01,hedging locked shares,Participants must not at any time enter into a transaction that operates or is intended to operate to limit participants' exposure to the risk of holding unvested BHP securities ... or vested BHP securities that are subject to holding locks or similar restrictions.,"Only vested shares free of holding locks or plan restrictions can be collared; the ban applies at any time, including outside Closed Periods, and is intent-based."
BHP,BHP GROUP LIMITED,339826752284,Materials,2024-10-01,secured financing is a dealing,"Dealing includes ... use as security, or otherwise granting a charge, lien or other encumbrance over securities ... entry into any margin lending or other secured financing arrangement.","The loan leg and the security interest over the collared shares each require clearance and are barred in Closed Periods, and for PDMRs are publicly disclosed via FCA and exchange notification."
BHP,BHP GROUP LIMITED,339826752284,Materials,2024-10-01,reputational test on clearance,"If the market was aware of all the current circumstances, could the proposed dealing be perceived as taking advantage of my position in an inappropriate way? ... clearance will not be granted where the dealing would not satisfy the considerations above.",Clearance for a director's collar is discretionary and may be refused on perception grounds even absent inside information.
BHP,BHP GROUP LIMITED,339826752284,Materials,2024-10-01,clearance window and withdrawal,"Upon receipt of written approval, the dealing must be completed within two business days. ... A clearance to deal can be withdrawn if new information comes to light or there is a change in circumstances.","The collar and loan must be priced and signed within two business days of clearance, and BHP can withdraw clearance before execution."
BHP,BHP GROUP LIMITED,339826752284,Materials,2024-10-01,PCA obligations,"PDMRs must ensure that their PCAs: must request clearance before dealing in BHP securities ... companies, trusts, partnerships or entities: which are managed by a PDMR or a family member; which are directly or indirectly controlled by a PDMR",A collar or loan entered through a family trust or controlled company needs the same clearance and disclosure as if entered by the PDMR.
BHP,BHP GROUP LIMITED,339826752284,Materials,2024-10-01,hardship relief is sale-only,"exceptional circumstances, such as severe financial difficulty or compulsion by court order, exist which require the immediate sale of shares","Closed Period relief covers an immediate sale, not entry into a hedge or financing, and the policy is silent on a lender's enforcement sale in a Closed Period."
BHP,BHP GROUP LIMITED,339826752284,Materials,2024-10-01,dealing on behalf of a third party,"Persons on insider lists, Restricted Persons, PDMRs and their PCAs must not deal (or deal on behalf of a third party) in BHP securities during any Closed Period.","Physical settlement, unwind or collateral top-up during a Closed Period would be a dealing; structures should cash-settle or avoid mandatory delivery dates in Closed Periods."
CBA,COMMONWEALTH BANK OF AUSTRALIA.,266331534276,Banks,2024-09-30,forced sale,"Specified Persons and their Associates must not use Group Securities as security for margin lending or other secured financing arrangements, as a forced sale may lead to the breach of this Policy.","The loan leg of a funded collar secured on the collared shares is expressly prohibited for every Specified Person, and there is no secured-lender-sale exception if the bank enforces."
CBA,COMMONWEALTH BANK OF AUSTRALIA.,266331534276,Banks,2024-09-30,hedging scope split,"Para 8 bans risk-limiting transactions on unvested or locked plan securities for all Specified Persons; para 9 extends the ban to any vested Group Securities only for CBA Board directors, Group Company Secretaries, Group Executives and their Associates.","The hedge leg is available only to Specified Persons outside the para 9 group (e.g. Executive General Managers, Subsidiary Board directors) and only over vested shares free of any holding lock."
CBA,COMMONWEALTH BANK OF AUSTRALIA.,266331534276,Banks,2024-09-30,conditional orders,"Trading involving conditional or limit orders (e.g. a specified, minimum sell or maximum purchase price or a stop-loss instruction) must be placed and executed during a Trading Window.","A collar whose put or call is exercised or physically settled at maturity, or any price-triggered unwind, may execute outside a Trading Window and breach the policy unless cash-settled or timed to a window."
CBA,COMMONWEALTH BANK OF AUSTRALIA.,266331534276,Banks,2024-09-30,director off-market transfers,Off-market transfers with no change in beneficial ownership are exempt from Trading Windows other than those by the CBA Board directors and their Associates.,A director transferring collared shares to a bank custodian or security account is making a Trade that must occur in a Trading Window with Pre-Clearance.
CBA,COMMONWEALTH BANK OF AUSTRALIA.,266331534276,Banks,2024-09-30,exception mechanics,"A Trading Window exception must be requested in writing with evidence that the proposed Trade is the most reasonable course of action and there are no other viable legal alternatives; it remains in force for seven calendar days unless revoked earlier, Pre-Clearance if required must be obtained within that period, Group Control Room must be notified, and confirmation of whether the Trade was placed must go to the approver and Group Control Room by the next business day.","The hardship relief is drafted around a sale and does not extend to entering a hedge, so a collar cannot be executed in a closed period under it."
CBA,COMMONWEALTH BANK OF AUSTRALIA.,266331534276,Banks,2024-09-30,MAR overlay,"CBA Board directors, Group Company Secretaries, Group Executives and Associates must not Trade any other Security that has a price or value which depends on, or has an effect on, the price or value of a Group Security that is listed or traded on a UK or EU regulated market.","If the collar's reference security or any Group Security it prices off is listed on a UK or EU market, the derivative is barred outright for this group regardless of Trading Windows."
CBA,COMMONWEALTH BANK OF AUSTRALIA.,266331534276,Banks,2024-09-30,insider trading override,"The prohibition on Insider Trading applies at all times and overrides any Pre-Clearance, exception or other provision of this Policy. Pre-Clearance or an exception being granted is not an endorsement of any Trade.",Pre-Clearance does not protect the executive or the bank if the executive holds Inside Information when the collar is struck.
CBA,COMMONWEALTH BANK OF AUSTRALIA.,266331534276,Banks,2024-09-30,ETF lookthrough,"If Group Securities make up 20% or more of an exchange traded fund (ETF) at the time of placing a Trade, the ETF is considered to be a Group Security for the purposes of this Policy.",A hedge referenced to a CBA-heavy ETF is treated as a hedge of Group Securities.
CBA,COMMONWEALTH BANK OF AUSTRALIA.,266331534276,Banks,2024-09-30,designation fluidity,The Specified Person list is not exhaustive and other individuals may be considered Specified Persons; designation is recorded on the Conflicts Hub and may change from time to time.,"The bank should confirm the counterparty's current designation and whether they fall in the para 9 group before structuring, since the answer differs between tiers."
CBA,COMMONWEALTH BANK OF AUSTRALIA.,266331534276,Banks,2024-09-30,pre-clearance scope,"If Pre-Clearance requirements apply to you, you should refer to the Procedure for further information including how to seek Pre-Clearance and for which types of Trading it is required.","Whether an OTC derivative specifically requires Pre-Clearance is settled by the unpublished Procedure, not this policy."
NAB,NATIONAL AUSTRALIA BANK LIMITED,120018938963,Banks,2021-11-05,derivative maturity window,the Derivative must have a maturity date that falls within the eight-week period that immediately follows the date on which either NAB's half-year or full-year financial results are released to the ASX,"The collar's put and call must both expire within eight weeks after a results release, which fixes the available tenors (roughly six or twelve months from an open window) and rules out long-dated or open-ended structures."
NAB,NATIONAL AUSTRALIA BANK LIMITED,120018938963,Banks,2021-11-05,counterparty restriction,neither NAB nor any member of the Group can be a counterparty to the Derivative.,"The collar and, prudently, the loan must be written by a bank outside the NAB Group; NAB's own markets desk cannot face the executive."
NAB,NATIONAL AUSTRALIA BANK LIMITED,120018938963,Banks,2021-11-05,permitted purposes,Derivatives may be used by NAB People in relation to those vested securities in the following circumstances: to protect the value of an asset supporting a loan taken out for the exercise price of options granted by NAB; to protect the value of the Group Security where the employee has paid or is required to pay a tax liability at the tax cessation time; or on a case-by-case basis with approval,"A general funded collar falls outside the two self-executing purposes and needs discretionary case-by-case approval (Chair for Directors, Group Company Secretary for the Chair, Group CEO or delegate for ELT and others) in addition to the Compliance Certificate."
NAB,NATIONAL AUSTRALIA BANK LIMITED,120018938963,Banks,2021-11-05,vested definition,"Group Securities are considered vested once the NAB-imposed time and performance hurdles have been satisfied, irrespective of whether a NAB Person has opted for a longer period of restriction","Shares under a voluntary extended holding lock are collar-eligible, but for KMP shares that remain subject to forfeiture conditions after vesting are still off limits under 3.5.5."
NAB,NATIONAL AUSTRALIA BANK LIMITED,120018938963,Banks,2021-11-05,margin loan definition,"Margin Loan: A loan arrangement whereby NAB Securities are mortgaged, provided as security, lent, or charged to a financier.","The bank loan secured on the collared shares is a Margin Loan regardless of label, so Directors and ELT must lodge a Compliance Certificate before drawdown and before any collateral top-up."
NAB,NATIONAL AUSTRALIA BANK LIMITED,120018938963,Banks,2021-11-05,public disclosure of derivatives,NAB will publicly disclose all Derivative positions over Group Securities taken out by a Director or by Key Management Personnel of the Group ... irrespective of whether or not the particular form of Derivative technically falls within the disclosure requirements of the ASX Listing Rules or the Corporations Act.,"A Director's or ELT member's collar will be announced to the market and reported in the Annual Financial Report even if it would not otherwise be notifiable, so confidentiality of the structure cannot be assumed."
NAB,NATIONAL AUSTRALIA BANK LIMITED,120018938963,Banks,2021-11-05,margin call disclosure,Directors and members of the Executive Leadership Team are required to inform the Group Company Secretary where a financier demands payment under a Margin Loan and there is a risk that the demand will not be able to be satisfied without the disposal of Group Securities.,Any loan-to-value breach or margin call on the funded collar may have to be escalated internally and potentially disclosed to the market; the policy is silent on whether a forced sale in a Black-out Period is a breach.
NAB,NATIONAL AUSTRALIA BANK LIMITED,120018938963,Banks,2021-11-05,compliance certificate nature,"Acknowledgment of the Compliance Certificate by NAB is intended as a compliance monitoring function only, and is not an endorsement of the proposed transaction.","The certificate is a no-inside-information confirmation acknowledged by the Chair or manager rather than a substantive approval, and the Trade must occur within 5 business days of acknowledgement."
NAB,NATIONAL AUSTRALIA BANK LIMITED,120018938963,Banks,2021-11-05,plan securities and black-outs,Performance rights must only be exercised outside the Black-out Periods.,"Shares to be collared must be settled from exercise outside the roughly six-week Black-out Periods beginning 16 March and 16 September, and the collar itself as a Trade in Derivatives is likewise confined to open periods."
NAB,NATIONAL AUSTRALIA BANK LIMITED,120018938963,Banks,2021-11-05,policy exemptions,Must not: Means an action is explicitly prohibited and any deviation from this will require a formal policy exemption.,"Written exemptions are available only in Exceptional Circumstances (hardship or legal compulsion to sell), so they cannot be used to permit a collar over unvested or forfeitable securities."
WBC,WESTPAC BANKING CORPORATION,117521621560,Banks,2021-02-05,forced sale,"If your margin lender sells any of your Westpac securities during a Blackout Period, whether on your instructions to do so or not, it will be considered a breach of this Policy.","Enforcement or physical settlement of the collared shares by the bank during the 15 March or 15 September Blackout Periods puts the Director or executive in breach even if involuntary, so the facility must not permit lender sales in those windows."
WBC,WESTPAC BANKING CORPORATION,117521621560,Banks,2021-02-05,margin call funding,Westpac securities cannot be sold to meet a margin call during a Blackout Period or if you are in receipt of inside information relating to Westpac.,Any loan-to-value shortfall on the funded collar must be met in cash or other assets during Blackout Periods or while the executive holds inside information.
WBC,WESTPAC BANKING CORPORATION,117521621560,Banks,2021-02-05,price trigger guidance,"If a Westpac Director or Prescribed Employee has any doubt about their ability to meet a margin call by means other than a sale of their Westpac securities, they should take steps to rearrange their affairs to have a facility that does not contain price triggers (for example, an investment loan secured against other assets).","A collar with a put floor can support a loan without price triggers, which aligns with the policy's stated preference, but a facility with LTV triggers requires demonstrable alternative resources."
WBC,WESTPAC BANKING CORPORATION,117521621560,Banks,2021-02-05,change of ownership is a trade,"Any transaction which causes a change in ownership of Westpac securities will be considered a trade of securities under this Policy. This includes a transfer to a family member, family trust or personal superannuation scheme.",Moving collared shares into a lender's nominee or a sponsored holding may itself be a trade needing notification or Chairman approval and must occur outside Blackout Periods.
WBC,WESTPAC BANKING CORPORATION,117521621560,Banks,2021-02-05,hedging vested securities named,"buy or sell Westpac securities, or entering into a hedging arrangement over vested Westpac securities; or arrange for another person to enter into arrangements of those kinds.","The collar is expressly recognised as a permissible hedging arrangement over vested securities, subject to the tier's approval or notification and Blackout Periods, and the arranging limb catches hedges placed through associates or the bank."
WBC,WESTPAC BANKING CORPORATION,117521621560,Banks,2021-02-05,key prescribed employee process,"In addition, Key Prescribed Employees are subject to the requirements as set out in the Key Prescribed Employee Trading Process, which is an Addendum to this Policy.","For senior executives the operative pre-clearance terms (approver, validity, conditions) sit in an unpublished addendum that must be obtained before structuring."
WBC,WESTPAC BANKING CORPORATION,117521621560,Banks,2021-02-05,associates,"any trustee of a trust or other fiduciary arrangement under which you, your spouse or partner or your dependent children, is or may be a beneficiary; any company in which you hold (directly or indirectly) a majority of the shares or otherwise control",A collar or loan written to a family trust or controlled company is treated as the executive's own trade unless the executive is fully excluded from the decision.
WBC,WESTPAC BANKING CORPORATION,117521621560,Banks,2021-02-05,blackout discretion,The Chief Compliance Officer has discretion to extend or reduce (conditionally or unconditionally) the Blackout Periods.,"Open windows are not fixed; collar entry, roll or unwind dates must be confirmed with the Group Control Room close to execution."
WBC,WESTPAC BANKING CORPORATION,117521621560,Banks,2021-02-05,director post-trade notification,"Westpac Directors must also notify the General Manager, Company Secretary immediately of any trading by either themselves or their associates in Westpac securities including entering into a hedging arrangement over vested Westpac securities.","A Director's collar will be notified to the Company Secretary immediately and reported to ASX under Listing Rule 3.19A, so the structure will be public."
ANZ,ANZ GROUP HOLDINGS LIMITED,112614448954,Banks,2026-08-05,secured financing scope,not use ANZ Securities in connection with a margin loan or similar financing arrangements that may be subject to a margin call or loan to value ratio;,"The loan leg of a funded collar secured on the collared shares with any LTV covenant or margin call right is prohibited outright for Directors, ExCo, KMP and all other Restricted Persons and their Associates; only a facility with no margin call or LTV mechanism falls outside the literal ban."
ANZ,ANZ GROUP HOLDINGS LIMITED,112614448954,Banks,2026-08-05,hedging ban extends to locked and clawback shares,an unvested holding or a holding subject to a holding lock or clawback period under an ANZ employee or executive incentive plan,Vested deferred or restricted shares cannot be collared until both the holding lock and any clawback period have expired; only unencumbered plan shares or on-market purchases are eligible.
ANZ,ANZ GROUP HOLDINGS LIMITED,112614448954,Banks,2026-08-05,trade definition,any transaction or change affecting title to or interest in ANZ Securities or ANZ Rights,"Granting a charge, transferring shares to a lender's nominee, and each put/call leg are all Trades requiring Pre-trade Approval outside Blackout Periods, and unwinds or settlements need fresh approval."
ANZ,ANZ GROUP HOLDINGS LIMITED,112614448954,Banks,2026-08-05,off-market transfers,"outside of Blackout Periods, a transfer of ANZ Securities from a Broker Account held solely in the name of the ANZ Restricted Person and/ or Associate to another Broker Account held in the ANZ Restricted Person and/ or Associate's own name.","Only same-name transfers are exempt from Pre-trade Approval; moving collared shares into a bank custody or nominee account is a Trade needing approval, and the August 2026 update was specifically made to tighten controls on off-market transfers."
ANZ,ANZ GROUP HOLDINGS LIMITED,112614448954,Banks,2026-08-05,market perception test,Employees and contingent workers must not engage in Trading in ANZ Securities where the proposed Trade could be perceived as taking advantage of their position.,"Even a technically compliant collar can be refused or later criticised if it could be seen as exploiting the executive's position, giving approvers a broad discretionary veto."
ANZ,ANZ GROUP HOLDINGS LIMITED,112614448954,Banks,2026-08-05,blackout length,Blackout Periods commence: Two months prior to the announcement of ANZ's half year and full year financial results; Two weeks prior to any periodic ANZ market trading updates,"Roughly five to six months of each year are closed, plus trading-update and ad hoc blackouts, so collar entry, rolls, resets and unwinds must be scheduled into narrow open windows."
ANZ,ANZ GROUP HOLDINGS LIMITED,112614448954,Banks,2026-08-05,approval validity,Pre-trade Approvals are valid for 48 hours. Limit orders which have not been executed within 48 hours require a new Pre-trade Approval.,"The collar must be priced and executed within 48 hours of approval, and approval lapses if the executive receives Inside Information before execution."
ANZ,ANZ GROUP HOLDINGS LIMITED,112614448954,Banks,2026-08-05,associates,ANZ Restricted Persons must treat their Associates' transactions for the purpose of this Policy and applicable laws as if the transactions were their own.,"Structuring the collar or loan through a spouse, SMSF, trust or controlled company does not avoid the financing ban or approval requirements."
ANZ,ANZ GROUP HOLDINGS LIMITED,112614448954,Banks,2026-08-05,approval is monitoring only,Acknowledgement of a Pre-trade Approval by or on behalf of ANZ is intended as a compliance monitoring function only and is not an endorsement of the proposed transaction.,Approval gives no comfort that the structure complies with insider trading law or the prohibited activities list; the executive bears that risk.
ANZ,ANZ GROUP HOLDINGS LIMITED,112614448954,Banks,2026-08-05,exceptions,"Exceptions to this Policy will only be granted in exceptional circumstances. For example, where the ANZ Restricted Person is experiencing severe financial hardship or has an unanticipated significant financial commitment.",A waiver of the margin/LTV financing ban for a routine funded collar is unlikely; the exception route is reserved for hardship and needs both Line Manager and Control Room approval.
MQG,MACQUARIE GROUP LIMITED,94975532859,Financial Services,2024-01-02,MSR floor,Key Management Personnel and Executive Directors may not enter into a transaction that operates to limit or reduce the economic risk of their shareholding below the minimum personal shareholding requirement.,"A collar (which limits economic risk) can only be written over shares held in excess of the executive's minimum personal shareholding requirement, so the collarable parcel must be sized after deducting the MSR."
MQG,MACQUARIE GROUP LIMITED,94975532859,Financial Services,2024-01-02,hedging unrestricted securities permitted,"They can however enter into a transaction intended to hedge unrestricted Macquarie securities subject to pre-clearance and other general personal dealing requirements (and, in respect of Key Management Personnel, subject to section 2.4 below).","The collar legs are expressly permitted over vested, unlocked shares with PTA pre-clearance in a Staff Trading Window; MEREP shares under holding lock or dealing restriction remain ineligible."
MQG,MACQUARIE GROUP LIMITED,94975532859,Financial Services,2024-01-02,financing arrangements permitted,Macquarie Staff who enter into margin loans or other financing arrangements over Macquarie securities should ensure they have sufficient available cash or other acceptable collateral to meet margin calls including during a period of extreme sudden market downturn.,"The loan leg secured on the collared shares is contemplated and not prohibited, but the executive is expected to be able to meet margin calls from other resources rather than by selling Macquarie shares."
MQG,MACQUARIE GROUP LIMITED,94975532859,Financial Services,2024-01-02,margin call liquidation,Liquidating a position to satisfy a margin call requires pre-clearance against Macquarie's PTA system.,"A lender's enforcement sale outside a Staff Trading Window would require pre-clearance that is only available in a window or under an exceptional-circumstances waiver, so the facility must not rely on forced sales of the collared shares."
MQG,MACQUARIE GROUP LIMITED,94975532859,Financial Services,2024-01-02,KMP financing notifications,"KMP must inform the Company Secretary immediately if ... the member of KMP holds Macquarie securities that have been lent, mortgaged, or charged to a financier; circumstances have arisen in which the financier is entitled or likely to become entitled to exercise a right under the finance arrangements to demand payment; the member of KMP expects that the demand will not able to be satisfied without the disposal of securities representing at least 1% of the total number of issued securities of Macquarie.","Charging the collared shares to the bank triggers immediate notification to the Company Secretary (and likely ASX disclosure of the director's interest), and any LTV or event-of-default trigger must also be reported immediately."
MQG,MACQUARIE GROUP LIMITED,94975532859,Financial Services,2024-01-02,trading windows discretionary,"subject to Macquarie's discretion, a period of up to five weeks following the release of Macquarie's interim results (November/December), final results (May/June) and Annual General Meeting (July/August)","Collar entry, any roll or reset, and unwind must each fall within one of three short discretionary windows a year, and the window may be shortened or withheld."
MQG,MACQUARIE GROUP LIMITED,94975532859,Financial Services,2024-01-02,pre-clearance withdrawal and confidentiality,All pre-clearances are subject to an expiry date and may be withdrawn if new information comes to light or there is a change in circumstances. A denied pre-clearance is final and binding on the Macquarie Staff member who made the request and must be kept confidential.,The bank should expect that a cleared collar can be blocked before execution and that a refusal cannot be explained to it.
MQG,MACQUARIE GROUP LIMITED,94975532859,Financial Services,2024-01-02,dealing definition,"Macquarie considers dealing to include, without limitation, securities transactions such as transfers of beneficial ownership and trading (either directly or indirectly), including entering into an agreement to trade.","Signing the collar confirmation or any agreement to deliver shares is a dealing at signing, and any transfer of beneficial ownership to a lender or nominee is separately a dealing requiring pre-clearance in a window."
MQG,MACQUARIE GROUP LIMITED,94975532859,Financial Services,2024-01-02,securities definition,"Macquarie securities Includes, but is not limited to: ... Structured products providing exposure to MQG shares, including but not limited to ETFs; Futures contracts, options and warrants over MQG shares",An OTC collar with a bank is a structured product providing exposure to MQG shares and is caught with no venue limitation.
MQG,MACQUARIE GROUP LIMITED,94975532859,Financial Services,2024-01-02,waiver procedure,"A waiver request must be submitted to RMG Employee Compliance in writing, accompanied by a statutory declaration from the requesting Macquarie Staff member declaring that: the proposed dealing is the only reasonable action available; they do not possess non-public price-sensitive information","Out-of-window settlement, unwind or forced sale of the collared shares is available only through a hardship-style waiver at Macquarie's absolute discretion, which cannot be assumed in facility documentation."
WES,WESFARMERS LIMITED,87507592674,Consumer Discretionary Distribution & Retail,2021-04-07,off-market dealing timing,"In the case of an on-market trade, the dealing occurs at execution (but not settlement) of the trade. In the case of an off-market trade, the dealing occurs at settlement of the trade. ... in the case of an off-market dealing, settle the dealing, in Wesfarmers or BWP Trust securities within two clear trading days of receiving confirmation from the Wesfarmers Company Secretary","An OTC collar and secured loan are off-market dealings, so signing, funding and security grant must all settle within two clear trading days of clearance and outside a Blackout Period, which drives the execution timetable with the bank."
WES,WESFARMERS LIMITED,87507592674,Consumer Discretionary Distribution & Retail,2021-04-07,front page test,"Where any approval under this Policy is required for a dealing, approval will not be granted where the dealing would not satisfy the 'front page' test.","Even a policy-compliant collar can be refused if the Company Secretary considers the market would perceive it as an inappropriate use of position, so reputational optics of hedging director exposure are a live gating factor."
WES,WESFARMERS LIMITED,87507592674,Consumer Discretionary Distribution & Retail,2021-04-07,Corporations Act hedging overlay,the Corporations Act restricts directors and senior executives of the Wesfarmers Group who are classified as 'key management personnel' ... from entering into an arrangement (with anyone) if the arrangement would have the effect of limiting the exposure of that director or senior executive to risk relating to an element of that director or senior executive's remuneration that remains subject to restrictions on disposal. Clearance cannot be obtained ... for dealings which are restricted by the Corporations Act.,The collar may only be written over shares that are both vested and free of any plan disposal restriction; vested shares still subject to a holding lock cannot be collared by KMP and no waiver is available.
WES,WESFARMERS LIMITED,87507592674,Consumer Discretionary Distribution & Retail,2021-04-07,clearance discretion and withdrawal,"clearance can be given or refused at the discretion of the Wesfarmers Company Secretary, without giving reasons; clearance can be withdrawn by the Wesfarmers Company Secretary at any time prior to the order for dealing being lodged or otherwise authorised, if new information comes to light or there is a change in circumstances","The bank should not price or commit until clearance is in hand, and the transaction can be pulled up to the moment of settlement."
WES,WESFARMERS LIMITED,87507592674,Consumer Discretionary Distribution & Retail,2021-04-07,blackout relief is sale-only,The only exception to the prohibition on dealing during Blackout Periods is a sale of Wesfarmers securities,"Entering, rolling, restriking or granting security under a collar can never occur in a Blackout Period; only a hardship or court-ordered sale, or a no-change-of-beneficial-ownership transfer, can be approved inside a blackout."
WES,WESFARMERS LIMITED,87507592674,Consumer Discretionary Distribution & Retail,2021-04-07,director associate net,"in relation to Wesfarmers directors only, any other person or entity where dealing in Wesfarmers securities by that person or entity would require disclosure to the ASX by the Wesfarmers director. This includes where the Wesfarmers director: (i) controls the right to vote or dispose of Wesfarmers securities; or (ii) is entitled to benefit from a contract to call for, or deliver Wesfarmers securities.","Routing the collar through a trust, company or superannuation fund does not avoid clearance, and the option contracts themselves are the type of interest that brings a vehicle into the director's Associated Party net."
WES,WESFARMERS LIMITED,87507592674,Consumer Discretionary Distribution & Retail,2021-04-07,share plan rules,Directors and employees who acquire Wesfarmers securities under a Wesfarmers share plan must also comply with the rules of that plan when dealing in those securities.,Plan rules (not in the policy) may impose holding locks or hedging bans over vested plan shares that would independently block a collar or security grant.
WES,WESFARMERS LIMITED,87507592674,Consumer Discretionary Distribution & Retail,2021-04-07,BWP Trust securities,Additional restrictions in this Annexure B apply to dealings in Wesfarmers and BWP Trust securities,"The clearance regime and Annexure B 9 restrictions extend to BWP Trust units, although the Blackout Periods are expressed to apply only to Wesfarmers securities."
WES,WESFARMERS LIMITED,87507592674,Consumer Discretionary Distribution & Retail,2021-04-07,post-vesting disposal carve-out,this does not include disposals of Wesfarmers securities within a short period of time after vesting or issuance of those securities under a share plan,"Newly vested shares can be sold or delivered under a collar without offending the three-month short-term rule, so the collar tenor need not be driven by the vesting date."
CSL,CSL LIMITED,82521323101,"Pharmaceuticals, Biotechnology & Life Sciences",2023-12-15,undefined terms,This Policy applies to all of CSL's Personnel ... additional restrictions on dealing in CSL Securities which apply to Restricted Persons and their Related Parties,"The lodged document contains no definitions section, so whether a given executive is a Restricted Person or Global Leadership Group member, whether Related Parties include trusts and controlled companies, and whether CSL Securities includes OTC derivatives must be confirmed from CSL's internal definitions before structuring."
CSL,CSL LIMITED,82521323101,"Pharmaceuticals, Biotechnology & Life Sciences",2023-12-15,secured financing ban,"Personnel must not obtain margin loans using CSL Securities (either solely or as part of a portfolio) as security for the loans, or enter into any other secured financing arrangements in respect of CSL Securities.","The loan leg of a funded collar secured on the collared shares is prohibited for every tier with no approval route, so only an unfunded collar could ever be considered."
CSL,CSL LIMITED,82521323101,"Pharmaceuticals, Biotechnology & Life Sciences",2023-12-15,hedge exercise date in Open Period,"may hedge against vested CSL Securities that are not subject to a holding lock if the hedge is both initiated in, and arranged so that the specified exercise date falls within, an Open Period","For eligible non-GLG Personnel, the collar's expiry or exercise date must be pre-set to fall within an Open Period, and an ad hoc Closed Period over that date requires approval to exercise."
CSL,CSL LIMITED,82521323101,"Pharmaceuticals, Biotechnology & Life Sciences",2023-12-15,hedging is dealing,"Hedging is a form of dealing ... Therefore, where hedging is not prohibited under this Policy it must be undertaken in accordance with this Policy.","A permitted hedge still attracts Closed Periods, the three-month short-term rule and, for Restricted Persons, prior approval and the three-trading-day validity window."
CSL,CSL LIMITED,82521323101,"Pharmaceuticals, Biotechnology & Life Sciences",2023-12-15,exceptional circumstances cannot override bans,"Unless otherwise notified to the Personnel, any dealing permitted under this section 2.7 Exceptional circumstances must comply with the other sections of this Policy.",Hardship relief opens Closed Periods and the short-term rule only; it does not unlock hedging for directors and GLG or secured financing for anyone.
CSL,CSL LIMITED,82521323101,"Pharmaceuticals, Biotechnology & Life Sciences",2023-12-15,approval withdrawal,"If a request for approval to trade is granted, it may be withdrawn at any time prior to the order for dealing being lodged or otherwise authorised, if new information comes to light or there is a change in the circumstances of CSL Securities.","Any cleared transaction can be pulled before execution, so the bank should not commit pricing until the order is authorised."
CSL,CSL LIMITED,82521323101,"Pharmaceuticals, Biotechnology & Life Sciences",2023-12-15,front page test,"Where any approval is required for a dealing under this Policy, approval may not be granted where the dealing may not satisfy the Front Page Test.",Even a technically permitted hedge by a Restricted Person can be refused on reputational grounds without explanation.
CSL,CSL LIMITED,82521323101,"Pharmaceuticals, Biotechnology & Life Sciences",2023-12-15,3.1 applies to excluded dealings,This Policy (except for section 3.1 Seeking prior approval) does not apply to: ... (c) transfers of CSL Securities resulting in no change in beneficial interests,Even a transfer of shares to a custodian or nominee with no change in beneficial interest still requires the prior approval process for Restricted Persons.
RIO,RIO TINTO LIMITED,66001984052,Materials,2020-12-23,PDMR derivatives ban,PDMRs are prohibited from undertaking any of the following Dealings with respect to Rio Tinto Securities: (a) Dealing in derivative products issued over or in respect of Rio Tinto Securities,"Both option legs of a collar are derivative products over Rio Tinto Securities, so no collar of any kind is available to directors, KMP or designated PDMRs, funded or not."
RIO,RIO TINTO LIMITED,66001984052,Materials,2020-12-23,PDMR secured financing ban,(d) entering into margin lending or other secure financing arrangements in respect of Rio Tinto Securities.,The loan leg secured on the collared shares is independently prohibited for PDMRs with no exemption authority.
RIO,RIO TINTO LIMITED,66001984052,Materials,2020-12-23,secured lender sale excluded,"The following types of Dealings are excluded from the operation of this Policy and may be undertaken by Restricted Persons at any time, without prior written clearance ... (f) a disposal of Rio Tinto Securities that is the result of a secured lender exercising their rights.","For non-PDMR Restricted Persons who lawfully grant security, the bank's enforcement sale is outside the Policy even in a Closed Period, though the Insider Dealing prohibition still applies."
RIO,RIO TINTO LIMITED,66001984052,Materials,2020-12-23,economic-outcome dealings,"(e) entering into a transaction the economic outcome of which is dependent upon the price of a Rio Tinto Security, including but not limited to a transaction which has the effect of limiting the economic risk of holding a Rio Tinto Security","An OTC collar with a bank is a Dealing regardless of venue or settlement method, so non-PDMR Permanent and Project Restricted Persons need prior written clearance for it."
RIO,RIO TINTO LIMITED,66001984052,Materials,2020-12-23,charge under derivative contract is dealing,"(h) entering into any margin lending, derivative contract or other secured financial arrangement pursuant to which a charge is granted over the Rio Tinto Securities.","The security package of a funded collar is itself a Dealing, so the loan and charge must be cleared and executed inside the clearance window, not only the options."
RIO,RIO TINTO LIMITED,66001984052,Materials,2020-12-23,hedging ban scope,"Rio Tinto prohibits Permanent Restricted Persons, from entering into arrangements which have the effect of limiting the economic risk related to an unvested share ... (or a vested share ... that is still subject to disposal restrictions).","For non-PDMR Permanent Restricted Persons, only vested plan shares free of disposal restrictions, or non-plan shares, may be collared."
RIO,RIO TINTO LIMITED,66001984052,Materials,2020-12-23,clearance period may be specified,"must Deal in Rio Tinto Securities within the period specified in the written clearance to Deal, or in the absence of a period being specified, within two Business Days of the receipt of the clearance to Deal.","The approver can grant a longer execution window, which may be needed to document an OTC collar and security, but the default is two Business Days (UK and Australian holidays both excluded)."
RIO,RIO TINTO LIMITED,66001984052,Materials,2020-12-23,PCA net,"a company, trust, partnership or entity: which is managed by the PDMR or a family member; which is directly or indirectly controlled by the PDMR or a family member; which is set up for the benefit of the PDMR or a family member; or the economic interests of which are substantially equivalent to the PDMR's or a family member's.","A collar or loan taken through a family trust or private company is a PCA Dealing needing clearance and immediate notification, and the PDMR bans on derivatives and secured financing apply to Dealing 'for the account of a third party, directly or indirectly'."
RIO,RIO TINTO LIMITED,66001984052,Materials,2020-12-23,post trade notification even if no deal,"After receiving the clearance to deal, if Restricted Persons decide not to deal in Rio Tinto Securities, you still need to submit a Post Trading Notification promptly, indicating that you did not deal",A cleared but unexecuted collar still requires a portal notification.
RIO,RIO TINTO LIMITED,66001984052,Materials,2020-12-23,exceptional circumstances limited to sales,"where exceptional circumstances, such as severe financial difficulty or compulsion by court order exist, which require an immediate sale of Rio Tinto Securities.","Closed Period relief is confined to immediate sales, so collar entry, roll or unwind cannot be cleared inside a Closed Period."
WDS,WOODSIDE ENERGY GROUP LTD,62165974676,Energy,2024-12-11,collars named in derivatives ban,"Transactions involving Woodside-based derivative securities by directors, executive key management personnel and other executives participating in an equity-based executive incentive plan, are also prohibited. ... Transactions in derivative securities include ... transactions in straddles or collars; and/or writing puts or calls.","A collar is expressly named as a prohibited transaction for directors and executive plan participants irrespective of hedging purpose or vesting state, so no approval route exists for the option legs."
WDS,WOODSIDE ENERGY GROUP LTD,62165974676,Energy,2024-12-11,pledging ban,directors or Company Secretaries of Woodside Energy Group Ltd and direct reports to the CEO are prohibited from pledging Woodside securities as collateral.,"The loan leg secured on the collared shares is independently banned for directors and the executive team, but not for GGC-nominated restricted employees or ordinary employees."
WDS,WOODSIDE ENERGY GROUP LTD,62165974676,Energy,2024-12-11,exclusions carved back for directors in black-out,"Subject to the insider trading prohibitions outlined above, and other than in relation to dealings by Directors in black-out periods, the following dealings by a director or restricted employee are excluded from the operation of this Policy: ... disposal of Woodside securities as a result of a secured lender exercising their rights","A secured lender's enforcement sale is outside the Policy for restricted employees, but for a director it would be a black-out period breach; the same carve-back applies to custodian or depositary transfers by directors in black-out."
WDS,WOODSIDE ENERGY GROUP LTD,62165974676,Energy,2024-12-11,hedging vested holdings by restricted employees,These requirements also apply to dealings in financial products issued by third parties in relation to Woodside securities which operate to limit the economic risk of a vested holding in Woodside securities.,"The Policy expressly contemplates restricted employees outside the section 5 tier hedging vested holdings with a bank product, on Compliance Certificate acknowledgement by the Group General Counsel within a 7-day window."
WDS,WOODSIDE ENERGY GROUP LTD,62165974676,Energy,2024-12-11,substance over form,Woodside will take a substance over form approach and will have regard to the intent and spirit of this Policy when applying and enforcing it.,"Restructuring a collar as a cash-settled swap, a funded forward or a family-trust transaction will be judged by economic effect against the derivatives, hedging and pledging bans."
WDS,WOODSIDE ENERGY GROUP LTD,62165974676,Energy,2024-12-11,arrangements forcing disposal within three months,you must not dispose of those securities or enter into arrangements (such as margin loans) which could result in those securities being disposed of within three months of acquisition.,"Even where financing is allowed, a loan or collar whose default or physical settlement could force delivery of shares acquired within the last three months is itself prohibited."
WDS,WOODSIDE ENERGY GROUP LTD,62165974676,Energy,2024-12-11,approval mechanics,A response would normally be expected within 24 hours ... Any such approval will be valid for 7 days from the date it is given,"Where a dealing is permitted, execution and settlement of documentation must fit in a 7-day window from approval or acknowledgement, and the approval can be conditioned or revoked before dealing."
WDS,WOODSIDE ENERGY GROUP LTD,62165974676,Energy,2024-12-11,front page test gates approvals,"If any clearance, approval or acknowledgment is required for a dealing under this Policy, the clearance, approval or acknowledgement will not be granted if the dealing would not satisfy the Front Page Test.","A hedge or financing by a senior person can be refused on perception grounds alone, without reasons."
WDS,WOODSIDE ENERGY GROUP LTD,62165974676,Energy,2024-12-11,securities held through others,"This Policy extends to all securities owned or controlled by a person covered by the Policy, whether those securities are held in the name of that person, in a company, through a trust, by a family member, by a friend or in some other entity or arrangement.","Placing the collared shares in a trust, company or nominee does not take the collar or pledge outside the bans."
WDS,WOODSIDE ENERGY GROUP LTD,62165974676,Energy,2024-12-11,convertible debt,Debt transactions that may be converted into Woodside shares are also prohibited by this Policy.,A financing structured as an exchangeable or convertible instrument over Woodside shares is caught for the section 5 tier.
GMG,GOODMAN GROUP,56444108368,Equity Real Estate Investment Trusts (REITs),2021-06-15,exercise window outside scheduled blackout,A team member can only enter into a derivative contract that hedges their exposure to movements in the price of Securities if the exercise window for either party under that contract is not during a scheduled blackout period.,"The collar's expiry, exercise and settlement dates for both the executive and the bank must be scheduled outside the 30 June, 31 December and quarterly-update blackouts, which rules out American-style or early-termination rights exercisable in those windows."
GMG,GOODMAN GROUP,56444108368,Equity Real Estate Investment Trusts (REITs),2021-06-15,unscheduled blackout over exercise period,"Where an unscheduled blackout period overlaps with an exercise period, a team member must not seek to exercise or settle the derivative and should inform the Company Secretary. A Committee of the Chairman, Group CEO and the Company Secretary will consider appropriate actions.","The collar documentation needs a mechanism to defer exercise or settlement if an ad hoc blackout is declared, since the executive cannot settle and the outcome depends on a Committee decision."
GMG,GOODMAN GROUP,56444108368,Equity Real Estate Investment Trusts (REITs),2021-06-15,margin call resources,You are required to have sufficient resources to meet a margin call by means other than by a sale of your Goodman Securities.,"Any loan secured on the collared shares must be structured so that top-ups can be met in cash, since selling the shares to meet a call when trading is not allowed is a breach."
GMG,GOODMAN GROUP,56444108368,Equity Real Estate Investment Trusts (REITs),2021-06-15,lender sale is breach,"If your margin lender sells any of your Securities at a time when trading is not allowed, it will be considered a breach of this policy. Any dealing in breach of this policy should immediately be disclosed to the Company Secretary for reporting to and consideration by the Board for possible disciplinary action.","Bank enforcement rights over the collateral must be contractually suspended during blackouts and while the executive holds inside information, or the executive is exposed to disciplinary action."
GMG,GOODMAN GROUP,56444108368,Equity Real Estate Investment Trusts (REITs),2021-06-15,KMP margin loan ban,Key management personnel (as defined in the Corporations Act and included in the most recent Remuneration Report) must not have a margin loan in respect of Goodman Securities.,"'Margin loan' is undefined; a bank loan secured on collared securities with a top-up mechanism is likely to be treated as one, so the funded leg is unavailable to directors and Remuneration Report KMP even though the derivative legs are permitted with consent."
GMG,GOODMAN GROUP,56444108368,Equity Real Estate Investment Trusts (REITs),2021-06-15,consent validity,You must not trade the Securities until consent has been granted. Consent lasts 10 business days after which time you must again seek consent to trade. Consent may be withdrawn at any time before you trade in Securities if new relevant information becomes available or there is a change in circumstances.,"Entry into the collar and the loan must complete within 10 business days of consent, and consent can be withdrawn before signing."
GMG,GOODMAN GROUP,56444108368,Equity Real Estate Investment Trusts (REITs),2021-06-15,minimum holding requirement,"The arrangement must also comply with the law, the other provisions of this policy and any other conditions that you may be subject to (such as a minimum holding requirement).","Shares subject to a minimum holding requirement may not be available to collar or deliver, and the bank should confirm whether hedged securities count towards that requirement."
GMG,GOODMAN GROUP,56444108368,Equity Real Estate Investment Trusts (REITs),2021-06-15,discretionary mandates,"Special risks may arise where you do not have control of securities that may be acquired or sold in respect of which you have a beneficial interest. Care should be taken in relation to giving discretionary mandates where you have a direct or indirect interest in the securities, margin loans and derivatives","Bank discretion to sell, rehypothecate or deliver collateral is flagged as a policy risk the executive bears."
GMG,GOODMAN GROUP,56444108368,Equity Real Estate Investment Trusts (REITs),2021-06-15,associates,Their associates which include close family members and people or entities (such as family companies or self managed pension funds) where there is any influence over the investment process or where they are acting on behalf of the Director or employee.,"Routing the collar or loan through a family company or SMSF does not avoid consent, blackouts or the KMP margin loan ban."
GMG,GOODMAN GROUP,56444108368,Equity Real Estate Investment Trusts (REITs),2021-06-15,no change of beneficial interest,Consent is also not required where trading in Securities results in no change to the beneficial interest in the Securities,"Moving shares to the bank's custodian or nominee without change of beneficial interest needs no consent, though such 'trading' is not expressly excluded from blackout periods."
FMG,FORTESCUE LTD,53604779222,Materials,2015-08-20,hedging of holding-locked shares,A Designated Person must not enter into transactions which would have the effect of hedging or transferring the risk of any fluctuation in the value of ... Company Securities which are vested but still subject to a holding lock.,Collared shares must be both vested and free of any plan holding lock; the bank should verify the lock status of each parcel before inception.
FMG,FORTESCUE LTD,53604779222,Materials,2015-08-20,economic-risk limb of dealing,To deal and dealing includes ... entering into agreements or transactions which operate to limit the economic risk of a person's holdings in Company Securities.,"The collar is a dealing in its own right regardless of venue or whether the OTC options are 'Company Securities', so Notification, the 7-day execution window and Prohibited Periods apply to inception, roll and unwind."
FMG,FORTESCUE LTD,53604779222,Materials,2015-08-20,OTC derivative ambiguity,"derivatives and other financial products created by the Company or created or issued by third parties in relation to the Company's shares, debentures, options or other securities able to be traded on ASX or another stock exchange","The 'able to be traded on ASX' qualifier could be read as limiting derivatives to exchange-traded products, but the economic-risk limb of dealing captures an OTC collar in any event."
FMG,FORTESCUE LTD,53604779222,Materials,2015-08-20,notification not approval,Notification means a notification in writing (including by email) that includes ... a confirmation that the Designated Person is not in possession of price sensitive information about the Company that is not generally available to the market.,"Outside Prohibited Periods no one approves the dealing; the executive self-certifies and must execute within seven days of the Notification, so the collar must be priced and signed inside that window."
FMG,FORTESCUE LTD,53604779222,Materials,2015-08-20,four closed seasons,Closed Season means each of: (a) the period from the end of the financial year or half financial year to the business day after the time of release of the annual or half year results; and (b) the period from the end of the September quarter or March quarter to the business day after the time of release of the September or March quarterly reports.,"Quarterly reporting produces four closed seasons per year plus Board blackouts, narrowing the windows for inception, roll, unwind and physical settlement of the collar."
FMG,FORTESCUE LTD,53604779222,Materials,2015-08-20,prohibited period relief is disposal only,may be given written clearance to sell or otherwise dispose of (but not purchase) Company Securities during a Prohibited Period,Buying back the written call or purchasing a put to unwind or restructure during a Prohibited Period cannot be cleared even in hardship; only a disposal (e.g. delivery of shares on call exercise) could be.
FMG,FORTESCUE LTD,53604779222,Materials,2015-08-20,forced sale silence,Designated Persons must refrain from dealing in Company Securities during Prohibited Periods.,"There is no carve-out for a lender's enforcement sale or for physical settlement at expiry, so a bank enforcing its security or exercising the call in a Closed Season could put the Designated Person in breach; expiry dates and enforcement mechanics should avoid Prohibited Periods."
FMG,FORTESCUE LTD,53604779222,Materials,2015-08-20,short term dealing and tenor,Short Term Dealing includes dealing in Company Securities within a 3 month period,"A collar with a tenor under three months, or an unwind within three months of inception, risks characterisation as Short Term Dealing; tenor should exceed three months."
FMG,FORTESCUE LTD,53604779222,Materials,2015-08-20,related parties,"If a Designated Person may not deal in Company Securities, he or she must take all reasonable and necessary steps to prevent any dealing in Company Securities by Related Parties unless the Designated Person has complied with this Policy on behalf of that Related Party.",A collar entered through a family trust or controlled company requires the Designated Person to make the Notification on the Related Party's behalf and observe Prohibited Periods.
FMG,FORTESCUE LTD,53604779222,Materials,2015-08-20,director relevant interest notification,A director is required to notify the Company Secretary if there is any change in the director's relevant interest in securities of the Company ... with sufficient notice to allow the Company Secretary to make the necessary notifications within 5 business days after the change occurs.,"The collar and the security granted to the bank will be disclosed to ASX via Appendix 3Y, so the arrangement will be public within five business days."
TLS,TELSTRA GROUP LIMITED,51574200824,Telecommunication Services,2025-09-24,general hedging ban,"Subject to paragraph 21, if you're a Designated Person, you are prohibited from entering into any hedging arrangement that limits the economic risk of holding Telstra securities.","The collar (purchased put plus written call) is itself a hedging arrangement over vested shares and is banned for every director, executive KMP and their Closely Related Parties regardless of vesting state."
TLS,TELSTRA GROUP LIMITED,51574200824,Telecommunication Services,2025-09-24,collateral ban,"using Telstra securities as collateral in any financial transaction, including entering margin loan arrangements in respect of Telstra securities or transferring Telstra securities to an existing margin loan account","The loan leg secured on the collared shares is independently prohibited for Designated Persons, so both halves of a funded collar fail."
TLS,TELSTRA GROUP LIMITED,51574200824,Telecommunication Services,2025-09-24,grandfathering,"Despite paragraph 16, if you entered an arrangement prior to becoming a Designated Person that would otherwise be prohibited under paragraphs 16 b)-d), you are permitted to continue that arrangement for 12 months from the date that you became a Designated Person or until the date of expiry of the relevant arrangement, whichever occurs earlier.","A collar loan put in place before appointment as a Designated Person can run for at most 12 months after appointment; the hedge leg has a separate, Company Secretary-approved 'limited period' under paragraph 21."
TLS,TELSTRA GROUP LIMITED,51574200824,Telecommunication Services,2025-09-24,pre-existing hedges,"If you have any hedging arrangements in effect prior to becoming a Designated Person that would otherwise be prohibited under paragraph 19, you may, in certain limited circumstances with the approval of the Telstra Company Secretary, be permitted to continue such arrangements for a limited period.","Continuation of an existing collar after appointment is discretionary and time-limited, so the bank cannot assume the hedge survives the client becoming a Designated Person."
TLS,TELSTRA GROUP LIMITED,51574200824,Telecommunication Services,2025-09-24,secured lender sale,a disposal of Telstra securities as a result of a secured lender exercising their rights pursuant to an arrangement that was permitted under paragraph 17,"Lender enforcement is an excluded dealing only for grandfathered pre-appointment arrangements; there is no carve-out for any other enforcement sale, and directors must notify the Company Secretary before relying on it."
TLS,TELSTRA GROUP LIMITED,51574200824,Telecommunication Services,2025-09-24,exceptional dealing gateway,"In exceptional circumstances, you may be granted approval to deal in Telstra securities in a way that's prohibited under this Policy ... where the Exceptional Dealing Approval Request is accompanied by sufficient evidence that the proposed dealing in Telstra securities is the only reasonable course of action available in the circumstances","The only theoretical route to a funded collar for a Designated Person is a hardship-type approval showing the collar is the only reasonable course, which is unlikely for a discretionary monetisation."
TLS,TELSTRA GROUP LIMITED,51574200824,Telecommunication Services,2025-09-24,forward contracts speculative,Buying and selling Telstra securities within a 3-month period and entering into short term arrangements such as forward contracts in respect of Telstra securities will always be considered speculative dealing and accordingly is prohibited.,"Even a non-hedging restructure using a forward is deemed speculative, closing off prepaid-forward alternatives to a collar."
TLS,TELSTRA GROUP LIMITED,51574200824,Telecommunication Services,2025-09-24,approval withdrawal and confidentiality,can be withdrawn at any time before you deal if new information becomes available or there is a change in circumstances ... Any such refusal is confidential and you must not disclose the fact that your request has been refused to any other person without the consent of the Telstra Company Secretary.,"Where any approval is obtained, the bank may not be told of a refusal or withdrawal, and the executive must execute within 2 business days."
TLS,TELSTRA GROUP LIMITED,51574200824,Telecommunication Services,2025-09-24,closely related parties,The trustee of a trust or fiduciary arrangement of which you or any of the persons referred to in (a) or (b) are a beneficiary,"Routing the collar or loan through a family trust, controlled company or a trust of which the executive is a beneficiary does not escape the hedging and collateral bans."
TLS,TELSTRA GROUP LIMITED,51574200824,Telecommunication Services,2025-09-24,minimum shareholding requirement,The Telstra CEO and Group Executives should undertake any dealings in Telstra securities in compliance with the minimum shareholding requirement (MSR) set out in the Minimum Shareholding Requirement Policy,A separate MSR policy may treat hedged or encumbered shares as not counting toward the holding requirement; it should be reviewed alongside this Policy.
TLS,TELSTRA GROUP LIMITED,51574200824,Telecommunication Services,2025-09-24,market perception obligation,You must not deal if your proposed dealing could be perceived by the market as you taking advantage of your position in an inappropriate way.,"Applies to everyone including non-Designated staff, so even a permitted collar for a Band C executive must survive a market-perception test."
TLS,TELSTRA GROUP LIMITED,51574200824,Telecommunication Services,2025-09-24,plan shares released from restriction,"where any Telstra securities granted to a Designated Person under an equity plan cease to be held under the terms of that plan (for example, Telstra securities that are acquired following the exercise of options or rights or that are released from restriction), the Designated Person must only deal in those Telstra securities in accordance with this Policy","Vested plan shares become ordinary holdings subject to the full hedging and collateral bans once released, so there is no plan-based carve-out for collaring them."
WOW,WOOLWORTHS GROUP LIMITED,48045496221,Consumer Staples Distribution & Retail,2021-08-20,collateral ban,enter into arrangements to use Woolworths Securities as collateral in any financial transaction following the date of this Policy (no new margin lending arrangements),"A loan secured on the collared shares is a new arrangement using Woolworths Securities as collateral and is prohibited for Specified Persons and their Closely Related Parties, so only an unfunded collar is available; the ban is prospective, so pre-20 August 2021 facilities appear grandfathered."
WOW,WOOLWORTHS GROUP LIMITED,48045496221,Consumer Staples Distribution & Retail,2021-08-20,collars named as Derivatives,"derivatives within the meaning given in section 761D of the Corporations Act (such as options, forward contracts, swaps, futures, warrants, caps and collars); and any other transaction in financial products that operates to limit the economic risk associated with holding the relevant securities.","A collar is expressly a Derivative and therefore a Security and a Trade, so it is squarely within the clearance, Blackout Period and section 3.4 regimes regardless of OTC form."
WOW,WOOLWORTHS GROUP LIMITED,48045496221,Consumer Staples Distribution & Retail,2021-08-20,hedging with clearance,enter into hedging arrangements in relation to vested and unrestricted Woolworths Securities (no hedging) without first obtaining clearance in accordance with section 4.3.,"The option legs over vested unrestricted shares are permissible with prior written clearance, although the '(no hedging)' label signals approvers may be reluctant."
WOW,WOOLWORTHS GROUP LIMITED,48045496221,Consumer Staples Distribution & Retail,2021-08-20,security interest is a Trade,"Trade, Trading includes ... creating a security interest or other financial interest over Securities, engaging in any transaction involving a change in beneficial ownership of the Securities","Granting security to the bank or transferring shares to a custodian or the bank would itself be a Trade needing clearance and barred in Blackout Periods, in addition to the collateral ban."
WOW,WOOLWORTHS GROUP LIMITED,48045496221,Consumer Staples Distribution & Retail,2021-08-20,clearance at any time,"Any Specified Person, or any Closely Related Party to a Specified Person, who wishes to trade in Woolworths Securities at any time must seek prior approval in writing from the relevant approver in Schedule 1.","Clearance is required outside Blackout Periods too, so inception, roll, unwind and physical settlement of the collar each need fresh written clearance valid for five business days."
WOW,WOOLWORTHS GROUP LIMITED,48045496221,Consumer Staples Distribution & Retail,2021-08-20,director derivative disclosure,Woolworths may also publicly disclose any Derivative positions over Woolworths Securities taken out by a Woolworths Group Director. These disclosures may be made irrespective of whether or not they are technically required by the ASX Listing Rules or the Corporations Act.,A director's collar may be announced to the market at Woolworths' discretion even where no Appendix 3Y obligation arises.
WOW,WOOLWORTHS GROUP LIMITED,48045496221,Consumer Staples Distribution & Retail,2021-08-20,settlement after blackout start,"Provided a Trade is placed and executed by you or your broker prior to the commencement of a Blackout Period, it is not a breach of this Policy if the Trade settles and clears after the commencement of a Blackout Period.","A collar executed before a Blackout Period may settle inside it, but option expiry or exercise falling within a Blackout Period is not covered by this relief."
WOW,WOOLWORTHS GROUP LIMITED,48045496221,Consumer Staples Distribution & Retail,2021-08-20,forced sale silence,Trade in Woolworths Securities during designated Blackout Periods (closed periods),"There is no carve-out for a lender's or counterparty's enforcement or physical settlement in a Blackout Period, and the hardship exception requires clearance and a demonstrated absence of any other reasonable option."
WOW,WOOLWORTHS GROUP LIMITED,48045496221,Consumer Staples Distribution & Retail,2021-08-20,three-month holding period,Woolworths Team Members must not sell Woolworths Securities within 3 months after their purchase,"Shares bought within the past three months cannot be delivered under the call, and a collar unwound quickly may be characterised as speculative Trading."
WOW,WOOLWORTHS GROUP LIMITED,48045496221,Consumer Staples Distribution & Retail,2021-08-20,closely related parties,"family trusts or superannuation funds where the Specified Person is a trustee, beneficiary or an advisor to the trustee","Structuring the collar or loan through a family trust, SMSF or family company does not escape the collateral ban or the clearance requirement."
WOW,WOOLWORTHS GROUP LIMITED,48045496221,Consumer Staples Distribution & Retail,2021-08-20,front page test,"If the market was aware of all the current circumstances, could the proposed Trading be perceived by the market as me taking advantage of my position in an inappropriate way? How would it look if the Trade was reported on the front page of the newspaper?",Approvers may apply a reputational filter to an executive collar independent of the technical rules.
RMD,RESMED INC,47875131567,Health Care Equipment & Services,2010-12-23,puts and calls ban,"You are prohibited from engaging in any speculative transactions involving ResMed Securities, including: Buying or selling puts or calls on ResMed Securities","A collar is a purchased put and a written call, so both option legs are expressly prohibited for Insiders regardless of whether the shares are vested, the venue is OTC, or the purpose is protective rather than speculative."
RMD,RESMED INC,47875131567,Health Care Equipment & Services,2010-12-23,pre-approval transaction list,"any transaction involving ResMed Securities (including any option exercise, stock purchase, stock sale, gift, loan, pledge, hedge, contribution to a trust, or any other transfer or acquisition), must first obtain pre-approval of the transaction from the Global General Counsel","Pledging shares to the bank and any non-option hedge are clearable transactions for Specified Persons, so the loan leg is possible with approval even though the option legs are not; approval must be sought at least two business days ahead."
RMD,RESMED INC,47875131567,Health Care Equipment & Services,2010-12-23,approval discretion criteria,Approval for a proposed transaction may be withheld ... if ... the transaction could result in adverse publicity or have a material adverse impact on trading in ResMed Securities or ResMed; for persons subject to Section 16 ... the transaction could result in liability to the Specified Person under the short-swing rules of Section 16(b); or sufficient advance notice had not been given to allow preparation and review of a Form 4,"Even a permitted pledge or hedge can be refused on reputational or Section 16(b) grounds, and a refusal cannot be overruled by management."
RMD,RESMED INC,47875131567,Health Care Equipment & Services,2010-12-23,clearance period and MNPI lapse,"Clearance, when given, will be only for the precise period specified. ... It is incumbent on the Specified Person to stop any such order that extends beyond the permitted period, or when the Specified Person comes into possession of material non-public information.","Any cleared transaction must be executed within the stated period and abandoned if inside information arises, so a multi-step financing cannot rely on a standing approval."
RMD,RESMED INC,47875131567,Health Care Equipment & Services,2010-12-23,stop-loss and limit orders,"You are prohibited from placing any ""stop loss"" orders or any other ""limit order"" involving ResMed Securities, except pursuant to a qualified Rule 10b5-1 plan","Price-triggered mechanics such as knock-outs, automatic top-up sales or lender liquidation instructions could be characterised as prohibited stop-loss or limit orders unless housed in a pre-approved 10b5-1 plan."
RMD,RESMED INC,47875131567,Health Care Equipment & Services,2010-12-23,no exceptions to trading window,"Apart from these five exceptions, listed in a through e of this paragraph, there shall be no exceptions to the foregoing prohibitions.","There is no hardship, court-order or lender-enforcement relief, so any sale or settlement outside a trading window is a breach."
RMD,RESMED INC,47875131567,Health Care Equipment & Services,2010-12-23,Rule 144,"Total sales of ResMed common stock by a covered individual for any three-month period may not exceed the greater of: (i) 1% of the total number of outstanding shares ... or (ii) the average weekly reported volume ... The shares must be sold either in a ""broker's transaction"" or in a transaction directly with a ""market maker.""","Physical delivery of shares to the bank on exercise or enforcement by a director or executive officer is an affiliate sale subject to Rule 144 volume limits, manner-of-sale rules and Form 144 filing."
RMD,RESMED INC,47875131567,Health Care Equipment & Services,2010-12-23,Section 16 reporting and matching,"require our Section 16 Persons to report all transactions involving ResMed Securities (including options, warrants, and other ""derivative securities"") to the SEC. Almost all transactions must be reported within two business days after the transaction date.",Any derivative or pledge-related transaction by a director or executive officer becomes public on Form 4 within two business days and may be matched against other trades within six months for short-swing profit disgorgement.
RMD,RESMED INC,47875131567,Health Care Equipment & Services,2010-12-23,buy-sell trap,"you could receive permission to buy a security, but later be refused permission to sell it (at least temporarily). These situations are frequently beyond the control of ResMed, and could lock you into an unwanted investment for a considerable period of time.","ResMed disclaims responsibility if a later clearance to sell or unwind is refused, so the executive bears the liquidity risk of being unable to settle or restructure."
RMD,RESMED INC,47875131567,Health Care Equipment & Services,2010-12-23,household and trust coverage,"An Employee includes an Employee's spouse, children, or relatives in the same household; corporation or other business entity controlled by an Employee, or trust in which the Employee acts as trustee or has a beneficial or pecuniary interest.",Structuring a collar or loan through a family trust or controlled company does not escape the puts and calls ban or the pre-approval requirement.
RMD,RESMED INC,47875131567,Health Care Equipment & Services,2010-12-23,policy amendable at any time,"this policy may be amended or supplemented at any time by our Global General Counsel, Chief Executive Officer or Chief Financial Officer and that any such amendments or supplements will become effective immediately.",The rules governing an outstanding financing can change without notice or Board process during the life of the arrangement.
RMD,RESMED INC,47875131567,Health Care Equipment & Services,2010-12-23,trading window addressee,You will only be allowed to purchase or sell ResMed Securities during a trading window period commencing one (1) full trading day following the date of our public disclosure of the financial results,"Section 5 does not say whether it binds all Employees or only Insiders, but for directors and executives it plainly applies and the Global General Counsel may refuse clearance whenever the window is not in effect."
RMD,RESMED INC,47875131567,Health Care Equipment & Services,2010-12-23,vintage,"In accordance with Listing Rule 12.9, which is due to take effect from 1 January 2011, we submit a copy of the Company's current Insider Trading Policy.",This is the December 2010 lodgement of a May 2010 policy; the current ResMed policy should be checked before relying on these terms.
TCL,TRANSURBAN GROUP,43557765415,Transportation,2021-06-29,director and executive hedging ban,"Directors, members of the Executive Committee and their Related Parties must not enter into hedging arrangements in relation to Transurban Securities.","The option legs of a collar are a hedging arrangement and are absolutely prohibited for directors, Executive Committee members and their Related Parties over vested and unvested securities alike."
TCL,TRANSURBAN GROUP,43557765415,Transportation,2021-06-29,secured financing ban,"Employees must not obtain margin loans using Transurban Securities (either solely or as part of a portfolio) as security for the loans, or enter into any other secured financing arrangements in respect of Transurban Securities.","A loan secured on the collared shares is prohibited for every Employee and Related Party, so a funded collar fails for all tiers regardless of whether the hedge itself is permitted."
TCL,TRANSURBAN GROUP,43557765415,Transportation,2021-06-29,employee hedge timing,"may hedge against vested Transurban Securities that are not subject to a holding lock if the hedge is both initiated in, and arranged so that the specified exercise date falls within, an Open Period.","For Employees below Executive Committee level an unfunded collar must be executed in an Open Period with a fixed expiry inside an Open Period, which effectively requires European-style options and rules out American exercise or early termination rights that could fall in a Closed Period."
TCL,TRANSURBAN GROUP,43557765415,Transportation,2021-06-29,hedging is dealing,"Hedging is a form of dealing. Therefore, where hedging is not prohibited under this Policy it must be undertaken in accordance with this Policy.","A permitted hedge by a Restricted Person needs prior approval, is subject to Closed Periods and must be reported to the Company Secretary within two ASX trading days as a 'hedge'."
TCL,TRANSURBAN GROUP,43557765415,Transportation,2021-06-29,Board extension over exercise date,"Where an Employee ... has a hedge which is to be exercised in an Open Period but the Transurban Board has decided to declare or extend a Closed Period to cover the exercise date, the Employee may request prior approval to exercise","Settlement of a permitted employee hedge can be blocked by a later Closed Period and depends on discretionary approval, a risk the bank should price into settlement mechanics."
TCL,TRANSURBAN GROUP,43557765415,Transportation,2021-06-29,dealing form acknowledgement,"I will not engage in short selling of Transurban Securities, obtain margin loans using Transurban Securities (either solely or as part of a portfolio) as security for loans or enter into any other secured financing arrangements in respect of Transurban Securities.","Every approval request requires a personal undertaking against secured financing, so a funded collar would involve a false acknowledgement as well as a policy breach."
TCL,TRANSURBAN GROUP,43557765415,Transportation,2021-06-29,related party breadth,a person or company that has a private understanding or business arrangement with the person for dealing in Securities,"A counterparty or vehicle with a standing arrangement to deal in Transurban Securities on the executive's behalf may itself be a Related Party, so the bans cannot be avoided by interposing an entity or nominee."
TCL,TRANSURBAN GROUP,43557765415,Transportation,2021-06-29,approval withdrawal and confidentiality,"If a request for approval to trade is granted, it may be withdrawn if new information comes to light or there is a change in the circumstances of Transurban Securities. If a request for approval to trade is refused, the decision is final and binding and the Employee who has sought the clearance must keep the information (of the refusal) confidential",Any approved dealing can be revoked before execution within its five-trading-day validity and the executive may not tell the bank why a request was refused.
TCL,TRANSURBAN GROUP,43557765415,Transportation,2021-06-29,exceptional circumstances scope,may be granted prior approval to sell or otherwise deal in Transurban Securities during a Closed Period or on a short term basis,"Closed Period relief extends to any dealing, not just sales, but is confined to hardship, court order or other exceptional circumstances and cannot override the hedging or secured financing bans."
TCL,TRANSURBAN GROUP,43557765415,Transportation,2021-06-29,stapled securities,"the shares in THL, the shares in TIL and the units in THT stapled together and quoted on the ASX; and any other Securities relating to Transurban.","Any hedge or security would need to cover the stapled triple security as a unit, and 'any other Securities relating to Transurban' sweeps in OTC option contracts."
TCL,TRANSURBAN GROUP,43557765415,Transportation,2021-06-29,forced sale silence,"Employees must not, except in exceptional circumstances (see section 5.7), deal in Transurban Securities during the following periods (Closed Periods)","There is no carve-out for a counterparty's enforcement or physical settlement in a Closed Period, so even a permitted employee hedge must avoid settlement or unwind in the 1 July and 1 January Closed Periods."
ALL,ARISTOCRAT LEISURE LIMITED,36126622825,Consumer Services,2023-07-31,substance over form,Aristocrat will take a substance over form approach and will have regard to the intent and spirit of this Policy when applying and enforcing it.,A bank loan secured on collared shares with LVR triggers or lender sale rights risks being treated as a 'margin lending arrangement' banned for Designated Persons even if not so labelled.
ALL,ARISTOCRAT LEISURE LIMITED,36126622825,Consumer Services,2023-07-31,margin lending scope,Designated Persons must not: (a) enter into a margin lending arrangement in respect of Aristocrat securities; or (b) transfer securities in Aristocrat into an existing margin loan account.,"The ban is confined to margin lending; a fixed-term, non-margin secured loan is not expressly prohibited, so the loan leg turns on whether the facility has margin-call mechanics."
ALL,ARISTOCRAT LEISURE LIMITED,36126622825,Consumer Services,2023-07-31,hedging definition,Hedging includes entering into any arrangements that operate to limit the economic risk associated with holding Aristocrat securities.,"A collar is squarely hedging, so it is barred over unvested plan securities and shares under a holding lock, and permitted only over vested, unrestricted shares."
ALL,ARISTOCRAT LEISURE LIMITED,36126622825,Consumer Services,2023-07-31,forward contracts as short-term dealing,"Short-term trading includes buying and selling securities on market within a 3-month period and entering into other short-term dealings (for example, forward contracts).",A collar with tenor under three months or early-termination features may be characterised as a short-term dealing; tenor should exceed three months.
ALL,ARISTOCRAT LEISURE LIMITED,36126622825,Consumer Services,2023-07-31,front page test,"Where any approval is required for a dealing under this Policy, approval will not be granted where the dealing would not satisfy the Front Page Test.","Approval of a collar over executive shareholdings is discretionary and may be refused on reputational grounds alone, without reasons."
ALL,ARISTOCRAT LEISURE LIMITED,36126622825,Consumer Services,2023-07-31,approval revocable and confidential,"The approver is not obliged to provide reasons for any aspect of their decision, and may revoke their approval at any time. If a request is not approved or an approval is revoked, that fact must be kept confidential.",A cleared collar must be executed within 5 business days and approval can be withdrawn before signing; the bank cannot be told why.
ALL,ARISTOCRAT LEISURE LIMITED,36126622825,Consumer Services,2023-07-31,MSR confirmation,A request for approval under sections 4.2 or 4.3 by members of the Executive Steering Committee must be accompanied by a confirmation that the member is in compliance with the Executive Minimum Shareholding Policy.,ESC members must show MSR compliance before a collar is approved; whether collared shares count toward the MSR is governed by the external policy.
ALL,ARISTOCRAT LEISURE LIMITED,36126622825,Consumer Services,2023-07-31,connected persons,a company or any other entity which the Designated Person has an ability to control.,"Routing the collar or loan through a controlled entity or family trust does not avoid the approval requirement, blackouts or the margin lending ban."
ALL,ARISTOCRAT LEISURE LIMITED,36126622825,Consumer Services,2023-07-31,incomplete orders in blackout,Buy or sell orders for Aristocrat securities which are placed but not completed outside of a blackout period ... must be completed within 5 trading days of the order being placed otherwise it will lapse; and the order cannot be varied.,Physical settlement or unwind of a collar that straddles the start of a blackout is not accommodated; settlement dates should avoid blackout periods.
ALL,ARISTOCRAT LEISURE LIMITED,36126622825,Consumer Services,2023-07-31,sanctions,Any person who breaches this Policy could face disciplinary action (including forfeiture of securities and/or suspension or termination of employment).,"A breach caused by the collar or the lender's enforcement could result in forfeiture of the collared securities, a risk to the bank's collateral."
NST,NORTHERN STAR RESOURCES LTD,33753631919,Materials,2017-11-01,universal clearance,"Restricted Persons must not trade in Company Securities at any time, including in the exceptional circumstances referred to in Section 6, unless the Restricted Person first emails a Securities Trading Policy Request Form to the Approving Officer, copied to the Company Secretary, and obtains written clearance to trade","Every leg of a collar (entry, roll, unwind, physical settlement) is a trade needing fresh written clearance, valid for 5 business days unless the Approving Officer sets another period."
NST,NORTHERN STAR RESOURCES LTD,33753631919,Materials,2017-11-01,secured lending with clearance,Restricted Persons must not enter into margin loan agreements or other secured lending arrangements in relation to Company Securities without first obtaining prior written clearance from the appropriate Approving Officer,"The loan leg secured on collared shares is expressly permitted subject to clearance, so the funded collar has a policy pathway."
NST,NORTHERN STAR RESOURCES LTD,33753631919,Materials,2017-11-01,lender enforcement,"a disposal of Company Securities that is the result of a secured lender exercising their rights, for example, under a margin lending arrangement","A bank's enforcement sale is carved out of the blackout restrictions in Section 5, though the carve-out does not in terms extend to the Section 7 clearance requirement; enforcement remains subject to insider trading law."
NST,NORTHERN STAR RESOURCES LTD,33753631919,Materials,2017-11-01,clearance withdrawal,"Written clearance under this Policy may be withdrawn by the Approving Officer in writing, in person or by email at any time during the clearance period ... should the Approving Officer consider that circumstances have changed, having regard to the broader reputational, governance and other implications of the proposed trading","A cleared collar can be blocked before execution on reputational grounds, so pricing and signing should follow promptly after clearance."
NST,NORTHERN STAR RESOURCES LTD,33753631919,Materials,2017-11-01,reputational review,"the Approving Officer must obtain advice from General Counsel, and may as appropriate seek input from other relevant Key Management Personnel and Senior Employees about the broader reputational, governance and other implications of the proposed trading","Clearance for hedging a director's holding is discretionary and reviewed for governance optics, and cleared trades are reported to the Board quarterly."
NST,NORTHERN STAR RESOURCES LTD,33753631919,Materials,2017-11-01,OTC derivatives are securities,"derivatives of any of the above (including equity swaps, futures, hedges and exchange-traded or over-the-counter options) whether settled by cash or otherwise","An OTC put and call with a bank, cash or physically settled, is squarely a Company Security and each is a trade requiring clearance."
NST,NORTHERN STAR RESOURCES LTD,33753631919,Materials,2017-11-01,connected persons,"an unlisted body corporate which the Key Management Personnel, Senior Employee or Key Consultant or Key Contractor controls or is director of, a trust of which [they are] a trustee and of which he or she or any of the persons referred to above is a beneficiary",A collar or loan entered by a family trust or controlled company must be cleared as if by the Restricted Person.
NST,NORTHERN STAR RESOURCES LTD,33753631919,Materials,2017-11-01,confidential additional periods,Restricted Persons must not disclose to anyone that an Additional Period is in effect.,"The executive cannot tell the bank why a settlement or unwind is delayed, so the collar documentation should accommodate undisclosed trading suspensions."
NST,NORTHERN STAR RESOURCES LTD,33753631919,Materials,2017-11-01,register and board reporting,"The Company Secretary must report all notifications of trading in, and clearances given, in relation to trading in Company Securities at the next Quarterly Board meeting of the Company.","A cleared collar and secured loan will be reported to the full Board, so confidentiality from the Board cannot be assumed."
QBE,QBE INSURANCE GROUP LIMITED,33585670041,Insurance,2026-08-17,collars named,"derivative ... includes options, forward contracts, swaps, futures, warrants, caps, collars and any other transaction in financial products that operates to limit the economic risk associated with holding securities.","A collar is expressly a derivative and a risk-limiting transaction, so it is caught by the absolute hedging ban with no room for characterisation arguments."
QBE,QBE INSURANCE GROUP LIMITED,33585670041,Insurance,2026-08-17,hedging ban absolute,Hedging of QBE securities by a Relevant Person and their Closely Related Parties is prohibited at all times.,"The put and call legs are prohibited for all tiers over vested and unvested shares alike, and the paragraph 5 waiver power does not extend to hedging."
QBE,QBE INSURANCE GROUP LIMITED,33585670041,Insurance,2026-08-17,secured financing scope,"pledging, collateralisation, or use of QBE securities as security for any other financing arrangement.",The loan leg secured on the collared shares is expressly not permitted regardless of whether the facility has margin-call mechanics.
QBE,QBE INSURANCE GROUP LIMITED,33585670041,Insurance,2026-08-17,financing arrangements are dealings,"entering into margin lending, stock lending or other financing arrangements related to securities; ... granting a mortgage or other right over securities to another party; and transferring legal ownership of securities","Even an unsecured financing referenced to QBE shares, or a transfer to a custodian or bank nominee, is a dealing subject to Closed Periods and clearance."
QBE,QBE INSURANCE GROUP LIMITED,33585670041,Insurance,2026-08-17,no waiver for hedging or financing,the Relevant Person may apply to the person(s) listed in the table below (Assessor) for a waiver from compliance with the provisions of that paragraph [4.2(a) or 4.2(b)].,Exceptional-circumstances waivers cannot unlock a collar or secured loan; only Closed Period and short-term dealing relief is available.
QBE,QBE INSURANCE GROUP LIMITED,33585670041,Insurance,2026-08-17,closely related parties,"Where this Policy requires a Relevant Person to do something (e.g., obtaining clearance in accordance with paragraphs 5 or 6), that person must also do so for their Closely Related Parties.","Structuring the collar through a spouse, controlled company or family trust does not escape the hedging and secured financing bans."
QBE,QBE INSURANCE GROUP LIMITED,33585670041,Insurance,2026-08-17,sanctions,Any person who is proven to have breached this Policy could face disciplinary action (including forfeiture of QBE securities and/or suspension or termination of employment).,"Forfeiture of QBE securities is a stated sanction, so collateral pledged in breach of the Policy is at risk."
QBE,QBE INSURANCE GROUP LIMITED,33585670041,Insurance,2026-08-17,plan platform dealings,Transactions effected through employee share plan administrators or platforms are considered dealings in securities for the purposes of this Policy.,Delivering vested plan shares to a bank via the plan administrator is itself a dealing requiring clearance.
COL,COLES GROUP LIMITED.,31805637156,Consumer Staples Distribution & Retail,2023-06-19,secured financing scope,"All directors, Restricted Persons and their Connected Persons are prohibited from obtaining a margin loan using the Company's securities (either solely or as part of a portfolio) as security for the loan or entering into any secured financing arrangement in respect of the Company's securities.","The loan leg of a funded collar, secured on the collared shares, is prohibited for every Restricted Person regardless of whether the facility has margin-call mechanics."
COL,COLES GROUP LIMITED.,31805637156,Consumer Staples Distribution & Retail,2023-06-19,margin call sale prohibited,"For the avoidance of doubt, such dealings include: ... selling securities in the Company to satisfy a call pursuant to a margin loan.","A Restricted Person cannot themselves sell to meet a lender's call; only a disposal effected by the secured lender exercising its own rights is an excluded dealing under 7(g), so any facility would have to rely on lender enforcement rather than borrower top-up sales."
COL,COLES GROUP LIMITED.,31805637156,Consumer Staples Distribution & Retail,2023-06-19,lender enforcement excluded,disposal of securities of the Company that is the result of a secured lender exercising their rights.,"Enforcement sales by a lender are outside the blackout, clearance and short-term rules, though subject to insider trading law; this carve-out sits uneasily with the ban on entering the secured financing in the first place."
COL,COLES GROUP LIMITED.,31805637156,Consumer Staples Distribution & Retail,2023-06-19,hedging ban for directors and ELT,"All directors, members of the Executive Leadership Team and their Connected Persons are prohibited from hedging their exposure to Company securities.","The put and call legs are barred outright for directors and ELT over any Company securities, vested or not, with no waiver route."
COL,COLES GROUP LIMITED.,31805637156,Consumer Staples Distribution & Retail,2023-06-19,hedging by Permitted Restricted Persons,"any Permitted Restricted Person must not enter into, renew, alter or close out a hedge transaction when they are in possession of Inside Information","For GM-level executives an unfunded collar is possible, but every roll, amendment or unwind is itself a cleared dealing that cannot occur while holding Inside Information or in a blackout."
COL,COLES GROUP LIMITED.,31805637156,Consumer Staples Distribution & Retail,2023-06-19,forward contracts as short-term dealing,"Short-term trading includes buying and selling securities on market within a 3 month period, and entering into other short-term dealings (for example, forward contracts or short selling).",A collar with tenor under three months or a forward-style structure may be characterised as a short-term dealing; tenor should exceed three months.
COL,COLES GROUP LIMITED.,31805637156,Consumer Staples Distribution & Retail,2023-06-19,clearance mechanics,"if the approval is given during or after trading on one day, the order for the dealing must be lodged or otherwise authorised before the close of trading on the second trading day after the approval is given.","A cleared collar must be signed within two clear trading days and clearance can be withdrawn until the dealing is authorised, so documentation must be ready before clearance is sought."
COL,COLES GROUP LIMITED.,31805637156,Consumer Staples Distribution & Retail,2023-06-19,front page test,"Where any approval is required for a dealing under this Policy, approval will not be granted where the dealing would not satisfy the Front Page Test.","Even a permissible hedge by a Permitted Restricted Person may be refused without reasons on reputational grounds, after confirmation with two Disclosure Committee members."
COL,COLES GROUP LIMITED.,31805637156,Consumer Staples Distribution & Retail,2023-06-19,legal ownership transfer is dealing,"transferring legal ownership of securities, even where beneficial ownership does not change","Transferring collared shares to a bank nominee or custodian is a dealing requiring clearance, separately from the collar itself."
COL,COLES GROUP LIMITED.,31805637156,Consumer Staples Distribution & Retail,2023-06-19,connected persons,a company or any other entity which the team member or director has an ability to control or significantly influence.,Routing the collar or loan through a family trust or controlled company does not avoid the hedging or secured financing bans.
SIG,SIGMA HEALTHCARE LIMITED,31283434686,Health Care Equipment & Services,2020-12-10,collars named as derivatives,"Derivatives ... includes the following if they relate to or derive value from Sigma Shares ...: put or call options, exchange traded options, forward contracts, futures, warrants, depositary receipts, structured financial products, swaps, contracts for difference, spread bets, caps and collars and any other hedging or investment arrangement","An OTC collar is squarely a Derivative and, through the Sigma Shares definition, a dealing in Sigma Shares requiring Chairman clearance and subject to Closed Periods and the unvested/holding-lock ban."
SIG,SIGMA HEALTHCARE LIMITED,31283434686,Health Care Equipment & Services,2020-12-10,derivatives permitted post-vesting,"Sigma Team Members may use derivatives in relation to Sigma Shares which have vested, provided any dealing in those derivatives complies with the other requirements of this policy and the Sigma Shares are not subject to a holding lock.","There is no general hedging ban for directors or executives; the put and call legs over vested, unlocked shares are expressly contemplated."
SIG,SIGMA HEALTHCARE LIMITED,31283434686,Health Care Equipment & Services,2020-12-10,margin loan ban scope,Team Members are prohibited from entering margin loan arrangements to fund the acquisition of Sigma Shares or in relation to which Sigma Shares may be used as security against loan repayment.,The loan leg secured on the collared shares is caught if characterised as a margin loan arrangement; the stated rationale (lender-compelled sale in a Closed Period) means a bank facility with LVR triggers or enforcement rights is likely treated the same way.
SIG,SIGMA HEALTHCARE LIMITED,31283434686,Health Care Equipment & Services,2020-12-10,12-month disposal arrangements,"Sigma Team Members who acquire Sigma Shares must not dispose of those shares, or enter arrangements (such as margin loans) which could result in those shares being disposed of, within 12 months of acquisition.",A collar with physical settlement or a secured loan with enforcement rights over shares acquired within the past 12 months is a prohibited arrangement; the collar should cover only shares held (or LTI/SPP/ESP shares acquired) at least 12 months earlier or fall within the carve-outs.
SIG,SIGMA HEALTHCARE LIMITED,31283434686,Health Care Equipment & Services,2020-12-10,stock lending ban,Sigma Team Members are prohibited from entering short selling or stock lending arrangements in relation to Sigma Shares.,The bank cannot borrow the collared shares from the executive to hedge its own position or to structure the facility as a securities loan.
SIG,SIGMA HEALTHCARE LIMITED,31283434686,Health Care Equipment & Services,2020-12-10,Team Member scope,"Team Member means any full time, part time or casual employee of any member of Sigma Group and extends to any secondee, contractor or consultant of, or adviser to, any member of Sigma Group whose terms of engagement require them, or who have been given written notice ... to comply with this policy as though they were an employee.","Sections 11 and 12 (12-month holding, derivatives, margin loans) are addressed to Team Members, so their application to non-executive Directors, who are Specified Persons but not employees, depends on their engagement terms."
SIG,SIGMA HEALTHCARE LIMITED,31283434686,Health Care Equipment & Services,2020-12-10,clearance in Closed Periods,"No clearance to trade will be given during a Closed Period as these are periods when the risk of insider trading, or the appearance of insider trading is high.","Entry, roll, unwind and settlement of the collar must all fall in open periods; only the Chairman's extraordinary-circumstances dispensation can override this."
SIG,SIGMA HEALTHCARE LIMITED,31283434686,Health Care Equipment & Services,2020-12-10,clearance validity,A clearance to undertake the proposed dealing will be valid for two business days ... Timeframes beyond 2 days require the approval of the Sigma Chairman.,A collar must be priced and executed within two business days of clearance unless the Chairman approves a longer window.
SIG,SIGMA HEALTHCARE LIMITED,31283434686,Health Care Equipment & Services,2020-12-10,undisclosed inside information blocks clearance,A clearance to trade should not be granted where: there is a matter in relation to which inside information in respect of Sigma Shares (whether the Specified Person knows about the matter or not) when the Specified Person requests clearance or proposes to deal in Sigma Shares,"Clearance can be refused without reasons because of a matter the executive is unaware of, and refusal must be kept confidential from the bank."
SIG,SIGMA HEALTHCARE LIMITED,31283434686,Health Care Equipment & Services,2020-12-10,registry blocks and monitoring,the blocking of off market dealings for Specified Persons where shares are held through issuer sponsored holdings without prior clearance ... monitor all trades by Specified Person via share registry trading alerts,Transfer of issuer-sponsored shares to a bank custodian or nominee will be blocked at the registry without clearance and any movement will be flagged to the Company Secretary.
SIG,SIGMA HEALTHCARE LIMITED,31283434686,Health Care Equipment & Services,2020-12-10,exceptions limited to clearance,"The additional restrictions on Specified Persons in Chapter 4 do not apply to dealing by a Specified Person or their Associate that constitutes or involves, or results directly from, any of the acts or circumstances set out below.","The section 17 exceptions relieve only the clearance requirement, not the Closed Period, 12-month or margin loan rules, and there is no secured-lender enforcement exception."
SIG,SIGMA HEALTHCARE LIMITED,31283434686,Health Care Equipment & Services,2020-12-10,associates,"a company, trust or other entity that A or any of their family members referred to above controls (whether alone or jointly with each other)",A collar or loan entered through a family trust or controlled company is treated as the Specified Person's own dealing and needs clearance.
EVN,EVOLUTION MINING LIMITED,30502549053,Materials,2015-04-07,secured financing scope,Personnel are not permitted at any time to: ... enter into margin lending or other secured financing arrangements in respect of the Company's securities;,"The loan leg of a funded collar, secured on the collared shares, is an 'other secured financing arrangement' expressly prohibited for all personnel at any time, regardless of vesting state, with no approval or exemption route."
EVN,EVOLUTION MINING LIMITED,30502549053,Materials,2015-04-07,dealing definition catches collars,"Deal ... Includes, in relation to securities: Any acquisition or disposal, or agreement to acquire or dispose: Entering into a contract with the purpose to secure a profit or avoid a loss by reference to price fluctuations","A put/call collar is squarely a contract to avoid a loss by reference to price fluctuations, so entry, unwind, roll and settlement are each dealings requiring clearance and a trading window for Directors, Senior Executives and designated employees."
EVN,EVOLUTION MINING LIMITED,30502549053,Materials,2015-04-07,hedging ban breadth,"enter into transactions with securities (or any derivative thereof) which limit the economic risk of any unvested entitlements awarded under an equity-based remuneration scheme, or otherwise awarded, or which will be offered by the Company in the future (eg hedging).","The ban reaches entitlements 'otherwise awarded' and future offers, so the collar must be sized strictly to vested shares and a bank should confirm that no part of the hedged parcel is referable to unvested or prospective awards."
EVN,EVOLUTION MINING LIMITED,30502549053,Materials,2015-04-07,exceptional circumstances sale-only,Clearance may be given for such a person to sell (but not purchase) Evolution securities in a prohibited trading period.,"Closed-period relief cannot cover entry into a collar or a purchase to close a written call; only an outright sale in severe financial difficulty or under a court order can be cleared, and only by the Executive Chairman."
EVN,EVOLUTION MINING LIMITED,30502549053,Materials,2015-04-07,short trading windows,"The trading windows for Directors, Senior Executives and designated employees are: (a) For a period of thirty days after the release of the Company's half yearly results; ... (g) For a period of fifteen days following the release of the Company's quarterly reports.","The policy uses narrow open windows (15 or 30 days after specified releases) rather than closed periods, so the collar must be documented and executed within one of those windows and within five business days of clearance."
EVN,EVOLUTION MINING LIMITED,30502549053,Materials,2015-04-07,ad hoc restriction,"The Company reserves the right to impose a restriction on trading during any period, including one that would otherwise fall within a permitted trading window.","A trading window can be closed without notice, which may block a scheduled unwind, roll or physical settlement of the collar."
EVN,EVOLUTION MINING LIMITED,30502549053,Materials,2015-04-07,clearance withdrawal,A clearance to deal can be withdrawn if new information comes to light or there is a change in circumstances. The Company's decision to refuse clearance is final and binding on the person seeking clearance.,"A cleared collar can become unexecutable between clearance and pricing, so the bank should price and sign promptly within the five-business-day validity."
EVN,EVOLUTION MINING LIMITED,30502549053,Materials,2015-04-07,associates,Directors and Senior Executives (or any family member or associate over whom they have influence) have additional dealing restrictions,"Routing the collar or the secured loan through a family member, trust or controlled entity does not escape the window, clearance or secured-financing rules."
EVN,EVOLUTION MINING LIMITED,30502549053,Materials,2015-04-07,short-term trading,"engage in short-term trading (less than one month), or short selling of the Company's securities at any time;",A collar or any related share purchase/sale that is opened and closed within one month risks characterisation as short-term trading; tenor should exceed one month.
EVN,EVOLUTION MINING LIMITED,30502549053,Materials,2015-04-07,remedial action,Remedial action may include a requirement that the person who sold Evolution securities in breach of the Policy to donate any profits earned to charity.,"Any profit from a non-compliant collar or forced sale could be required to be disgorged to charity, in addition to disciplinary action."
AMC,AMCOR PLC,29923013057,Materials,2015-04-28,"secured financing is consent-based, not banned",You and your Associates are not permitted to enter into margin lending or other secured financing arrangements in respect of Amcor Securities without the prior consent of the Company Secretary.,"The loan leg of a funded collar, secured on the collared shares, is available to Directors, Executive Team Members and co-workers on a single consent from the Company Secretary, making Amcor one of the policies under which the structure is achievable."
AMC,AMCOR PLC,29923013057,Materials,2015-04-28,collars named expressly,"If you are an Executive Team Member, you are prohibited from Trading in a Blackout Period in Derivatives, financial products issued or created over or in respect of Amcor Securities. Examples of these financial products include swaps, caps and collars.","Collars are named and are prohibited only during Blackout Periods, which confirms by implication that a collar entered outside a Blackout Period with the required notification is contemplated by the policy."
AMC,AMCOR PLC,29923013057,Materials,2015-04-28,forced sale carve-out,The Amcor Share Trading Policy does not apply to ... an involuntary disposal of Amcor Securities that is the result of a secured lender exercising their rights.,"A bank enforcing its security or a margin call sale during a Blackout Period falls outside the policy entirely, so the lender's enforcement rights do not put the executive in breach - a materially better position than policies that treat forced sales as a breach."
AMC,AMCOR PLC,29923013057,Materials,2015-04-28,three month round-trip ban,Short-term Trading refers to Trading in and out of Securities within a consecutive three month period.,"Because Securities include Derivatives, the collar's tenor and any unwind, roll, restrike or early termination must be more than three months apart, ruling out short-dated or frequently rolled structures."
AMC,AMCOR PLC,29923013057,Materials,2015-04-28,minimum shareholding confirmation,"The notification must confirm the Executive Team Member will be in compliance with the minimum shareholding policy after the trade, (if applicable).","The confirmer must be satisfied the Executive Team Member still meets the minimum shareholding after the collar, so the collared parcel must be sized to leave the minimum holding unhedged unless the Minimum Shareholding Policy says otherwise."
AMC,AMCOR PLC,29923013057,Materials,2015-04-28,two week trading window in the notification,specify the proposed dates of the trade which should be no more than two weeks,"Pricing, documentation and execution of the collar and the secured loan must all be completed inside the two-week window nominated in the notification, or a fresh notification and confirmation is needed."
AMC,AMCOR PLC,29923013057,Materials,2015-04-28,clearance withdrawal and confidentiality,A clearance to trade can be withdrawn if new information comes to light or there is a change in circumstances; ... A decision to refuse clearance is final and binding ... the person seeking the clearance must keep that information confidential and not disclose it to anyone.,"The bank cannot be told why a trade was blocked and confirmation can be withdrawn between pricing and settlement, so the trade documentation needs a condition precedent for subsisting clearance at execution."
AMC,AMCOR PLC,29923013057,Materials,2015-04-28,post-clearance inside information,"IF YOU DO COME INTO POSSESSION OF INSIDE INFORMATION AFTER RECEIVING A CLEARANCE TO TRADE, YOU MUST NOT TRADE DESPITE HAVING RECEIVED THE CLEARANCE.","A cleared collar can become unexecutable at any point before signing, so the bank should expect a walk-away right on the executive's side."
AMC,AMCOR PLC,29923013057,Materials,2015-04-28,associates and controlled vehicles,"A person is an “Associate” if a Director or co-worker is acting in concert with that person or if a Director or co-worker has, or can be regarded as having, investment control or influence over that person. Examples ... a trust of which the Director or co-worker ... are the trustee or beneficiary; ... a company which the Director or co-worker or their family controls.","Booking the collar or the loan through a family trust or controlled company does not avoid the consent, notification and Blackout Period requirements."
AMC,AMCOR PLC,29923013057,Materials,2015-04-28,annual certification,"Following the end of each financial year, all Directors and Executive Team Members must certify to the Company Secretary that they and their Associates are in compliance with this policy (or advise of any breaches of this policy).","An outstanding collar and secured loan must remain compliant for its whole life and is re-attested annually, so a structure that drifts out of the minimum shareholding or is rolled inside three months surfaces at certification."
AMC,AMCOR PLC,29923013057,Materials,2015-04-28,OTC expressly within Derivatives,"“Derivatives” includes warrants, exchange traded and over the counter options and contracts for differences.","There is no venue limitation, so an OTC put and call written with a bank is inside the derivatives regime rather than outside an exchange-limited ban."
AMC,AMCOR PLC,29923013057,Materials,2015-04-28,ad hoc blackouts are communicated,"any other period that the Board specifies from time to time. If the Board specifies any other period, communications will be sent to you.","Additional blackouts are notified rather than kept confidential, so an executive can tell the bank a window is closed without breaching confidentiality, though the reason may not be disclosable."
STO,SANTOS LIMITED,26891560117,Energy,2020-08-03,any form of security is banned,Designated Persons must not enter into margin lending or any other arrangements where any form of security is granted over Santos securities.,"This is broader than a margin lending ban and kills the funded leg outright: a loan secured on the collared shares, and any charge, pledge or security trust over them, is prohibited for every Designated Person with no consent route."
STO,SANTOS LIMITED,26891560117,Energy,2020-08-03,forward contracts are speculative dealing,"Short-term or speculative dealing includes buying and selling securities on market within a 3 month period, forward contracts and short selling.","Naming forward contracts as speculative dealing blocks prepaid forward and forward sale alternatives to a collar, and invites the same characterisation of a tightly struck zero-cost collar that is economically a forward sale."
STO,SANTOS LIMITED,26891560117,Energy,2020-08-03,no waiver over the financing and hedging bans,A written application to deal with Santos securities outside a Trading Window due to severe financial difficulty or other exceptional circumstances may be made to the Company Secretary.,"The only discretionary relief in the policy is from the Trading Window restriction, so the sections 4.8, 4.9 and 5 prohibitions cannot be waived even in hardship."
STO,SANTOS LIMITED,26891560117,Energy,2020-08-03,front page test,"If the market was aware of all the current circumstances, could the proposed dealing be perceived to be inappropriate for someone in my position? ... Clearance to deal under this Policy will not be granted where the person providing clearance does not consider that the ‘front page test’ is satisfied.","Even an unfunded collar over vested unrestricted shares can be refused on perception grounds alone, with no reasons given and no appeal, so the bank cannot rely on the technical permissibility of the derivative legs."
STO,SANTOS LIMITED,26891560117,Energy,2020-08-03,windows open only on notice,"Designated Persons may not assume that a Trading Window is open, even after the relevant ASX announcement or Annual General Meeting. ... A Trading Window may be varied, suspended or withdrawn by the Board or the CEO at any time.","Execution windows are discretionary and can be withdrawn mid-window, so any collar entry, roll or unwind must be documented as conditional on a subsisting open window at the moment of dealing."
STO,SANTOS LIMITED,26891560117,Energy,2020-08-03,clearance mechanics,Any clearance given under section 4.3 or 4.6 will be provided in writing and lasts for 5 business days or such other period specified in the notice of clearance. ... Any clearance may be revoked or withdrawn or the clearance period shortened or lengthened and may include conditions at the company's absolute discretion.,"Pricing and execution of the derivative legs must complete within 5 business days and can be conditioned or revoked at any point before dealing, and a refusal must be kept confidential from the bank."
STO,SANTOS LIMITED,26891560117,Energy,2020-08-03,off-market dealing timing,"In the case of an on-market trade, the dealing occurs at execution (but not settlement) of the trade. In the case of an off-market trade, the dealing occurs at settlement of the trade.","For an OTC collar the dealing is timed at settlement rather than trade date, so physical settlement or delivery must itself fall inside an open window with subsisting clearance, not merely the trade date."
STO,SANTOS LIMITED,26891560117,Energy,2020-08-03,third party derivatives are securities,"“securities” include ... financial products relating to a company's securities (for example, warrants and other derivative products), irrespective of whether the financial products are created by the company or by third parties.","A bank-written OTC put and call are securities in their own right, so the Trading Window, clearance, short-term dealing and front page test rules all attach to the option legs, not just to the shares."
STO,SANTOS LIMITED,26891560117,Energy,2020-08-03,connected persons,Designated Persons must ... ensure that their Connected Persons do not engage in any short-term or speculative dealing or margin lending arrangements.,"Routing the collar or the secured loan through a spouse, family trust or controlled company does not escape the section 4.9 ban."
STO,SANTOS LIMITED,26891560117,Energy,2020-08-03,forced sale is a breach,"margin lending and other such arrangements could result in a forced sale of securities in breach of insider trading laws or this policy, such as during a period when you are in possession of or could be perceived to be in possession of inside information.","Santos treats lender enforcement as capable of breaching the policy rather than excluding it, so even for non-Designated employees a secured structure carries policy risk on enforcement."
NWS,NEWS CORPORATION..,25941422787,Media & Entertainment,2026-08-09,hedging and pledging ban,No Hedging or Pledging. Covered Persons are prohibited from hedging or pledging any equity compensation or Company securities that they hold directly.,"This single sentence kills both legs of a funded collar at once: the put and call are a hedge and the loan security is a pledge, for every Covered Person and their family members and controlled entities, with no vesting, tier or size qualifier and no clearance route."
NWS,NEWS CORPORATION..,25941422787,Media & Entertainment,2026-08-09,'hold directly' wording,prohibited from hedging or pledging any equity compensation or Company securities that they hold directly,"The only textual soft spot in the ban is the words 'hold directly', but the Scope section makes family members and controlled entities Covered Persons in their own right, so an indirect holding structure does not create a workable exemption and any attempt would need General Counsel confirmation."
NWS,NEWS CORPORATION..,25941422787,Media & Entertainment,2026-08-09,derivatives ban is venue-neutral,"This prohibition includes, but is not limited to, trading in Company-based put or call option contracts, trading in straddles and the like.","An OTC bilateral put and call with a bank is caught exactly as a listed option would be, and a two-leg collar is closer to a 'straddle and the like' than a plain option, so there is no exchange/OTC arbitrage."
NWS,NEWS CORPORATION..,25941422787,Media & Entertainment,2026-08-09,CDIs are Company securities,"all of the Company's securities, including ... CHESS Depositary Interests representing the Class A Common Stock and Class B Common Stock and derivative securities (including stock options, put or call options and other similar securities)","A collar written over ASX-quoted CDIs rather than Nasdaq-listed common stock is inside the Policy, so the ASX line offers no separate route."
NWS,NEWS CORPORATION..,25941422787,Media & Entertainment,2026-08-09,Rule 10b5-1 override,"For the avoidance of doubt, transactions pursuant to Rule 10b5-1 Trading Plans that are effected in accordance with this Policy may occur notwithstanding the other prohibitions included herein.","This is the widest permission in the document and could in principle cover disposals inside a black-out, but Appendix A clause 4 expressly forbids any corresponding or hedging position over the plan securities, so a 10b5-1 plan is an alternative to a collar, not a wrapper for one."
NWS,NEWS CORPORATION..,25941422787,Media & Entertainment,2026-08-09,exception authority,"This Policy may be modified or an exception granted with approval of the Company's Board of Directors or the Company's General Counsel, where the circumstances make such modification or exception appropriate, in compliance with applicable law.","The only conceivable path to a funded collar is a bespoke Board or General Counsel exception, which would sit against a proxy-disclosed anti-hedging commitment and would still have to survive Section 16, Rule 144 and short-swing profit analysis."
NWS,NEWS CORPORATION..,25941422787,Media & Entertainment,2026-08-09,short against the box,"A short sale is a sale of securities not owned by the seller or, if owned, not delivered against such sale within twenty (20) days thereafter (a 'short against the box').","Any physically settled forward or delayed-delivery leg where shares are not delivered within twenty days is a prohibited short sale, which forecloses prepaid variable forward structures as well as collars."
NWS,NEWS CORPORATION..,25941422787,Media & Entertainment,2026-08-09,confidential special black-outs,Additional black-out periods may be implemented from time to time ... Any person made aware of any such additional black-out period shall not disclose the existence of the black-out to anyone else inside or outside the Company.,"Undisclosed event-driven black-outs can freeze entry, roll, unwind or settlement at any time and cannot be flagged to a counterparty bank, so any structure would need documentation permitting silent suspension."
NWS,NEWS CORPORATION..,25941422787,Media & Entertainment,2026-08-09,pre-clearance validity and lapse,"the transaction must be executed within five Trading Days after the approval is obtained, but regardless may not be executed if the Restricted Person acquires material, non-public information concerning the Company or its securities during that time.","Even for permitted transactions the pricing window is five Trading Days and clearance falls away automatically on receipt of inside information, so a bank must accept a short, revocable execution window."
NWS,NEWS CORPORATION..,25941422787,Media & Entertainment,2026-08-09,six-month holding period,Any Company securities purchased on the open market by a Restricted Person must be held for a minimum of six (6) months.,"Combined with Section 16 short-swing profit disgorgement, this rules out any collar tenor or early unwind that could put a disposal within six months of an open-market purchase by a director or Section 16 officer."
NWS,NEWS CORPORATION..,25941422787,Media & Entertainment,2026-08-09,limit orders during black-outs,"The prohibition against trading during the Black-Out Period also prohibits the fulfillment of 'limit orders' by any broker for Restricted Persons, and the brokers with whom any such 'limit order' is placed must be informed of such prohibition at the time such 'limit order' is placed.","Automatic third-party execution is treated as the executive's own trading, so a lender's or counterparty's price-triggered sale or delivery during a black-out would be a Policy breach attributed to the executive."
NWS,NEWS CORPORATION..,25941422787,Media & Entertainment,2026-08-09,brokerage account transfers,"transferring shares to an entity that does not involve a change in the beneficial ownership of the shares (for example, transferring shares from one brokerage account to another brokerage account that a Covered Person controls)","Moving shares into a collateral or custody account is not itself a 'transaction' needing clearance, but the security interest granted over them is still a prohibited pledge, so the transfer carve-out gives no help."
NWS,NEWS CORPORATION..,25941422787,Media & Entertainment,2026-08-09,post-termination reach,"After termination of employment or other service, any Covered Person who is aware of material, non-public information regarding the Company or its securities is prohibited from trading in Company securities until that information has become public or is no longer material.",A departing executive cannot assume that leaving releases the restrictions in time to unwind or settle a structure.
NWSLV,NEWS CORPORATION..,25941422787,Media & Entertainment,2026-08-09,hedging and pledging ban,No Hedging or Pledging. Covered Persons are prohibited from hedging or pledging any equity compensation or Company securities that they hold directly.,"This single sentence kills both legs of a funded collar at once: the put and call are a hedge and the loan security is a pledge, for every Covered Person and their family members and controlled entities, with no vesting, tier or size qualifier and no clearance route."
NWSLV,NEWS CORPORATION..,25941422787,Media & Entertainment,2026-08-09,'hold directly' wording,prohibited from hedging or pledging any equity compensation or Company securities that they hold directly,"The only textual soft spot in the ban is the words 'hold directly', but the Scope section makes family members and controlled entities Covered Persons in their own right, so an indirect holding structure does not create a workable exemption and any attempt would need General Counsel confirmation."
NWSLV,NEWS CORPORATION..,25941422787,Media & Entertainment,2026-08-09,derivatives ban is venue-neutral,"This prohibition includes, but is not limited to, trading in Company-based put or call option contracts, trading in straddles and the like.","An OTC bilateral put and call with a bank is caught exactly as a listed option would be, and a two-leg collar is closer to a 'straddle and the like' than a plain option, so there is no exchange/OTC arbitrage."
NWSLV,NEWS CORPORATION..,25941422787,Media & Entertainment,2026-08-09,CDIs are Company securities,"all of the Company's securities, including ... CHESS Depositary Interests representing the Class A Common Stock and Class B Common Stock and derivative securities (including stock options, put or call options and other similar securities)","A collar written over ASX-quoted CDIs rather than Nasdaq-listed common stock is inside the Policy, so the ASX line offers no separate route."
NWSLV,NEWS CORPORATION..,25941422787,Media & Entertainment,2026-08-09,Rule 10b5-1 override,"For the avoidance of doubt, transactions pursuant to Rule 10b5-1 Trading Plans that are effected in accordance with this Policy may occur notwithstanding the other prohibitions included herein.","This is the widest permission in the document and could in principle cover disposals inside a black-out, but Appendix A clause 4 expressly forbids any corresponding or hedging position over the plan securities, so a 10b5-1 plan is an alternative to a collar, not a wrapper for one."
NWSLV,NEWS CORPORATION..,25941422787,Media & Entertainment,2026-08-09,exception authority,"This Policy may be modified or an exception granted with approval of the Company's Board of Directors or the Company's General Counsel, where the circumstances make such modification or exception appropriate, in compliance with applicable law.","The only conceivable path to a funded collar is a bespoke Board or General Counsel exception, which would sit against a proxy-disclosed anti-hedging commitment and would still have to survive Section 16, Rule 144 and short-swing profit analysis."
NWSLV,NEWS CORPORATION..,25941422787,Media & Entertainment,2026-08-09,short against the box,"A short sale is a sale of securities not owned by the seller or, if owned, not delivered against such sale within twenty (20) days thereafter (a 'short against the box').","Any physically settled forward or delayed-delivery leg where shares are not delivered within twenty days is a prohibited short sale, which forecloses prepaid variable forward structures as well as collars."
NWSLV,NEWS CORPORATION..,25941422787,Media & Entertainment,2026-08-09,confidential special black-outs,Additional black-out periods may be implemented from time to time ... Any person made aware of any such additional black-out period shall not disclose the existence of the black-out to anyone else inside or outside the Company.,"Undisclosed event-driven black-outs can freeze entry, roll, unwind or settlement at any time and cannot be flagged to a counterparty bank, so any structure would need documentation permitting silent suspension."
NWSLV,NEWS CORPORATION..,25941422787,Media & Entertainment,2026-08-09,pre-clearance validity and lapse,"the transaction must be executed within five Trading Days after the approval is obtained, but regardless may not be executed if the Restricted Person acquires material, non-public information concerning the Company or its securities during that time.","Even for permitted transactions the pricing window is five Trading Days and clearance falls away automatically on receipt of inside information, so a bank must accept a short, revocable execution window."
NWSLV,NEWS CORPORATION..,25941422787,Media & Entertainment,2026-08-09,six-month holding period,Any Company securities purchased on the open market by a Restricted Person must be held for a minimum of six (6) months.,"Combined with Section 16 short-swing profit disgorgement, this rules out any collar tenor or early unwind that could put a disposal within six months of an open-market purchase by a director or Section 16 officer."
NWSLV,NEWS CORPORATION..,25941422787,Media & Entertainment,2026-08-09,limit orders during black-outs,"The prohibition against trading during the Black-Out Period also prohibits the fulfillment of 'limit orders' by any broker for Restricted Persons, and the brokers with whom any such 'limit order' is placed must be informed of such prohibition at the time such 'limit order' is placed.","Automatic third-party execution is treated as the executive's own trading, so a lender's or counterparty's price-triggered sale or delivery during a black-out would be a Policy breach attributed to the executive."
NWSLV,NEWS CORPORATION..,25941422787,Media & Entertainment,2026-08-09,brokerage account transfers,"transferring shares to an entity that does not involve a change in the beneficial ownership of the shares (for example, transferring shares from one brokerage account to another brokerage account that a Covered Person controls)","Moving shares into a collateral or custody account is not itself a 'transaction' needing clearance, but the security interest granted over them is still a prohibited pledge, so the transfer carve-out gives no help."
NWSLV,NEWS CORPORATION..,25941422787,Media & Entertainment,2026-08-09,post-termination reach,"After termination of employment or other service, any Covered Person who is aware of material, non-public information regarding the Company or its securities is prohibited from trading in Company securities until that information has become public or is no longer material.",A departing executive cannot assume that leaving releases the restrictions in time to unwind or settle a structure.
BXB,BRAMBLES LIMITED,25914862138,Commercial & Professional Services,2017-07-03,collars named in derivatives ban,"Derivatives means financial products which provide a financial return based on price movements of Securities, including exchange traded options or options granted by third parties, and includes financial products (including equity swaps, caps and collars and other hedging arrangements) which have the effect of limiting exposure to risks associated with such price movements. ... Designated Persons must not trade in Brambles Derivatives.","A bank-written put and call is an 'option granted by a third party' and a 'collar', so the derivative legs of a funded collar are prohibited by name for all Designated Persons regardless of vesting state."
BXB,BRAMBLES LIMITED,25914862138,Commercial & Professional Services,2017-07-03,security interest ban,"A Designated Person must not grant a Security Interest over any Brambles Securities they hold. ... Security Interest means a pledge, lien, charge, mortgage or other encumbrance.",The loan leg secured on the collared shares is prohibited outright; the ban is not limited to margin loans and has no approval route.
BXB,BRAMBLES LIMITED,25914862138,Commercial & Professional Services,2017-07-03,forced sale,"If a Designated Person were to take out a margin loan and the security for that loan included Brambles Securities, the lender may be able to sell or otherwise Deal in those Securities. This would be so notwithstanding that, at the relevant time, there may be a Closed Period or the Designated Person may be in possession of price sensitive information ... This could cause the Designated Person to be in breach of this Policy.","The policy treats a lender's enforcement sale as the Designated Person's own breach, so lender enforcement rights cannot be relied on even if a security interest were somehow permitted."
BXB,BRAMBLES LIMITED,25914862138,Commercial & Professional Services,2017-07-03,unsecured investment loans permitted,Designated Persons may still acquire Brambles Securities through a margin or other investment loan if Brambles Securities are not used as security for that loan.,"Only a loan with no security over Brambles Securities is open, which removes the secured-loan element that defines a funded collar."
BXB,BRAMBLES LIMITED,25914862138,Commercial & Professional Services,2017-07-03,associates and nominees,"their nominee, including an investment manager managing funds on their behalf; a trust of which they, any member of their family, or any family controlled company, are the trustee or beneficiary; ... a company which they or their family control.","Routing a collar or secured loan through a family trust, nominee or controlled company remains within the derivatives and Security Interest bans."
BXB,BRAMBLES LIMITED,25914862138,Commercial & Professional Services,2017-07-03,approval discretion and revocation,Approval can be given or refused at Brambles' discretion without giving reasons. A refusal to approve a request to Deal in Brambles Securities is final and binding ... The Designated Person will be notified if the clearance position changes within those two business days.,"Any permitted Dealing must be executed within two business days and clearance can be withdrawn before execution, which matters for pricing and settlement of any structured transaction."
BXB,BRAMBLES LIMITED,25914862138,Commercial & Professional Services,2017-07-03,share registry surveillance,"The names and addresses of Designated Persons will be supplied to Brambles' share registry from time to time, for the purpose of investigating compliance with this Policy and with the insider trading prohibition.",Any transfer of collared shares to a bank nominee or custodian is likely to be detected through registry monitoring.
BXB,BRAMBLES LIMITED,25914862138,Commercial & Professional Services,2017-07-03,policy vintage,Amended: ... and 3 July 2017,The lodged policy is dated July 2017 and may have been superseded; the bank should confirm the current version before relying on it.
JHX,JAMES HARDIE INDUSTRIES PLC,24065489830,Materials,2011-05-16,absolute hedging ban for senior people,A Designated Person or one of his or her Associates must not engage in Dealings undertaken for Short Swing Profit or Hedging Transactions at any time.,"The put and call legs of a collar are squarely a Hedging Transaction, so no director, CEO, CFO, Financial Controller or Vice President (or their family, family company or trust) can enter a collar at all, whether the shares are vested or not and whether the window is open or closed."
JHX,JAMES HARDIE INDUSTRIES PLC,24065489830,Materials,2011-05-16,"hedging definition is economic, not instrument-based",Hedging Transaction means Dealing in call or put options involving Company Securities or in other derivative Company Securities that provide a means to limit the economic risk of Company Securities.,"It names call and put options directly and then sweeps in any other derivative that limits economic risk, so a bank cannot restructure the collar as a swap, prepaid forward or CFD to avoid it."
JHX,JAMES HARDIE INDUSTRIES PLC,24065489830,Materials,2011-05-16,exemption authority reaches the hedging ban,"An employee of the James Hardie Group may request a specific exemption from the prohibitions in Section 2 ... An exemption may be approved by the CFO or General Counsel, or in the case of an exemption for a Director or direct report to the CEO, by the Chairman of the Board or Audit Committee.","This is the only route to a collar for a Designated Person: the hedging ban sits in Section 2 and is therefore waivable, but only on hardship-style 'good reasons', only if it does not undermine the spirit of the Policy, and the waiver is reported to the Board."
JHX,JAMES HARDIE INDUSTRIES PLC,24065489830,Materials,2011-05-16,hedging permitted for non-designated staff on notification only,An Insider or one of his or her Associates (other than a Designated Person) wishing to Deal in Company Securities through a Hedging Transaction of vested shares ... may only do so if such Dealing is within the Open Period and the Insider or his or her Associate notifies the Compliance Officer of such Dealing within 7 days after such Dealing.,"Below Designated Person level a collar over vested shares is available with no pre-approval at all, provided it is struck inside the four-week Open Period and reported within 7 days."
JHX,JAMES HARDIE INDUSTRIES PLC,24065489830,Materials,2011-05-16,pledging is a dealing,"Deal means buying, selling or otherwise trading in, and gifting, pledging, accepting or exercising Securities.","The loan leg is not prohibited, but the security granted over the collared shares is itself a Dealing, so it must be struck in an Open Period and, for Designated Persons, pre-cleared in writing five ASX trading days in advance."
JHX,JAMES HARDIE INDUSTRIES PLC,24065489830,Materials,2011-05-16,no secured financing or margin lending ban,"The Policy contains no reference to margin loans, margin calls, secured financing arrangements, forced sales by a lender, or price triggers.","Unusually for an ASX policy the funding leg is unrestricted in substance, so the obstacle to a funded collar here is entirely the hedge legs, not the loan."
JHX,JAMES HARDIE INDUSTRIES PLC,24065489830,Materials,2011-05-16,short window and long lead time,Open Period means the period of four weeks following a quarterly profit announcement ... (such four-week period not beginning until two Australian Securities Exchange trading days after the announcement has been released to the market) ... not less than five Australian Securities Exchange trading days before the date of that intended Dealing.,"Even where a structure is permitted, the five-trading-day notice consumes a quarter of the four-week window, so pricing must be agreed well before the window opens and the trade re-priced on execution."
JHX,JAMES HARDIE INDUSTRIES PLC,24065489830,Materials,2011-05-16,clearance expires with the window,"If the Compliance Officer approves the intended Dealing, such Dealing must take place within the Open Period following the approval (or such other period specified by the Compliance Officer).","A cleared pledge or unwind must settle before the Open Period closes, so a collar's roll, restrike or termination has to be scheduled against the quarterly calendar rather than a market date."
JHX,JAMES HARDIE INDUSTRIES PLC,24065489830,Materials,2011-05-16,six-month matching rule,"Short Swing Profit means any profit realised or expected to be realised by any Designated Person or any of his or her Associates from any purchase and sale, or any sale and purchase, of Company Securities within any period of less than six months.","Because Securities include derivatives, even an exempted collar for a Designated Person could not be unwound, rolled or physically settled within six months of the opening legs."
JHX,JAMES HARDIE INDUSTRIES PLC,24065489830,Materials,2011-05-16,associates are fully caught,"Associate means ... a family company of the Insider (i.e., a company in which an Insider, his or her domestic partner, a relative or family trust is a director, shareholder or adviser); or any trust or estate in which an Insider is a trustee, beneficiary or a director of a trustee or an adviser.","Booking the collar or the loan through a family company, family trust or an estate does not escape the Designated Person hedging ban, and the Insider must actively inform those persons of their obligations."
JHX,JAMES HARDIE INDUSTRIES PLC,24065489830,Materials,2011-05-16,undisclosed dealing prohibitions,"The Compliance Officer may prohibit some or all Insiders and their Associates from Dealing in specific Securities ... The Compliance Officer may further prohibit one or more groups of Insiders and Associates from Dealing in Securities during certain periods, including Open Periods.","An Open Period is not a guaranteed execution window: the Compliance Officer can close it for a group at any time, which must be treated as a condition precedent to pricing rather than a settled fact."
JHX,JAMES HARDIE INDUSTRIES PLC,24065489830,Materials,2011-05-16,sanctions,"terminating or suspending an Insider's employment contract, and, if applicable, any such termination shall constitute a termination 'for cause' under such contract; or declaring the Insider ineligible for future participation in the James Hardie Group's equity incentive plans.","A collar entered by a Designated Person without an exemption is a for-cause termination event and forfeits future equity, so the bank should require written evidence of clearance or exemption before trading."
S32,SOUTH32 LIMITED,23509185267,Materials,2022-12-05,restricted dealings bind only KMP and Lead Team,KMP and South32 Lead Team members must not undertake any of the following dealings ... (a) trade in derivative products ... (d) enter into margin lending or other secured financing arrangements ... (e) enter into any hedging arrangements that limit his or her exposure to the Company's securities.,"The derivatives, hedging and secured financing bans are confined to KMP, South32 Lead Team members and their PCAs; a senior executive below the Lead Team faces only Insider Trading rules (and pre-approval plus closed periods if designated a Restricted Employee), so a funded collar is arguable for that population but not for the target directors and executives."
S32,SOUTH32 LIMITED,23509185267,Materials,2022-12-05,hedging ban is not limited to unvested shares,enter into any hedging arrangements that limit his or her exposure to the Company's securities,"Unlike policies that only ban hedging of unvested incentive securities, this prohibition covers a KMP's entire holding, so vesting the shares first does not open a route to a collar."
S32,SOUTH32 LIMITED,23509185267,Materials,2022-12-05,encumbrance is a dealing,Dealing includes a wide range of transactions such as using the Company's shares as security for a loan and entering into any derivative contract which relates to the Company's securities.,"Both the loan leg and the option legs of a funded collar are dealings, so each requires prior approval, falls inside the closed periods, and triggers same-day notification to Company Secretariat and disclosure to ASX, LSE, JSE and the FCA."
S32,SOUTH32 LIMITED,23509185267,Materials,2022-12-05,closed period relief is sale-only,"If, however, a member of the KMP South32 Lead Team or a Restricted Employee needs to deal (to sell but not buy) in securities during a closed period due to exceptional circumstances","Even in hardship there is no route to enter, roll or unwind a collar during a closed period, because buying (including buying a put or closing out a written call) is excluded; only an outright sale can be approved."
S32,SOUTH32 LIMITED,23509185267,Materials,2022-12-05,open-ended exemption power,"the relevant approver may determine that this Policy does not apply to other types of dealings in respect of the Company's securities (for example: those listed in section 6.1 of ASX Listing Rules Guidance Note 27), provided that no such determination would breach any relevant law or regulation.","This is the only conceivable route to a bank collar for a KMP, but it sits in the 'dealings excluded from this Policy' section rather than in section 6.9 and is illustrated only by routine GN27 exclusions, so it should not be relied on without a board-level waiver."
S32,SOUTH32 LIMITED,23509185267,Materials,2022-12-05,two business day approval validity,"The approved dealing must occur within two business days following approval (or such other time specified in the approval), otherwise the approval is no longer effective and approval must be sought again.","Any approved transaction must be priced and executed within two business days, which is tight for negotiating and documenting an OTC collar and loan, although the approver can specify a longer window."
S32,SOUTH32 LIMITED,23509185267,Materials,2022-12-05,PCA list and look-through,"company, a legal person, trust partnership or other entity, the managerial responsibilities of which are discharged by the KMP ... which is directly or indirectly controlled by such a person or is set up for the benefit of such a person, or the economic interests of which are substantially equivalent to those of such a person.","Structuring the collar or the borrowing through an SPV, family trust or spouse does not escape the prohibitions, and KMP must file a list of these persons with the Company."
S32,SOUTH32 LIMITED,23509185267,Materials,2022-12-05,undisclosed additional closed periods,"any other period that is specified as a closed period for dealings from time to time. In particular, this could include a period specified as a closed period if required to do so by applicable law.","Additional closed periods can be declared without notice and the Policy does not say they will be announced, so execution risk sits with the executive on any dated collar entry or unwind."
S32,SOUTH32 LIMITED,23509185267,Materials,2022-12-05,plan securities leaving the plan,"where securities in the Company granted under an employee, executive or director equity plan cease to be held under the terms of that plan, any dealings in those securities must only occur in accordance with this Policy.","Vested shares released from the incentive plan fall squarely back under the Policy, including the section 6.9 hedging and secured financing bans, so there is no post-vesting freedom to collar them."
S32,SOUTH32 LIMITED,23509185267,Materials,2022-12-05,consequences of breach,"Breaches of this Policy may also lead to disciplinary action being taken against the Employee, including forfeiture of securities and/or suspension or termination of employment.","Forfeiture of securities is an express sanction, which for a bank would put the collateral itself at risk if the structure were found to breach the Policy."
CPU,COMPUTERSHARE LIMITED.,22973534420,Commercial & Professional Services,2015-06-16,derivatives expressly include collars,"Derivatives has the meaning given in section 761D of the Corporations Act and includes options, forward contracts, futures, warrants, swaps, caps and collars.","The instrument the bank proposes is named in the Policy's own definitions, so there is no ambiguity that a collar is within scope and, over fully vested unrestricted Securities, within what D.5 permits."
CPU,COMPUTERSHARE LIMITED.,22973534420,Commercial & Professional Services,2015-06-16,hedging ban is vesting-limited,"once any applicable Computershare Securities have vested, such that any Computershare imposed time and performance hurdles have been satisfied (and any disposal restrictions on vested Securities have been lifted), Derivatives may be used in relation to those Securities","This is an express permission, not merely silence, so a collar over fully vested and unrestricted shares is contemplated by the Policy; the bank should obtain confirmation from the Company Secretary that all plan disposal restrictions on the specific parcel have lapsed."
CPU,COMPUTERSHARE LIMITED.,22973534420,Commercial & Professional Services,2015-06-16,secured lending permitted with a distress-only notice,A Designated Person must inform the relevant Nominated Director immediately if all of the following circumstances apply: the Designated Person holds Computershare Securities that have been provided as security in relation to a lending arrangement; circumstances have arisen in which the secured lender demands payment ...; and there is a risk that the demand will not be able to be satisfied without the disposal of Computershare Securities.,"There is no prohibition on the loan leg and no inception or annual disclosure, but the executive must give the Nominated Director immediate notice once the bank demands payment in circumstances where shares may have to be sold, and the facility documents should oblige the bank to alert the borrower in time for that notice."
CPU,COMPUTERSHARE LIMITED.,22973534420,Commercial & Professional Services,2015-06-16,forced sale is an exempt dealing,"an involuntary disposal of Computershare Securities that results from a lender exercising its rights under a secured lending arrangement provided that the Designated Person had, before the disposal, informed the Nominated Director of the risk of the disposal in accordance with Section D.11","Unusually favourable for a funded structure: lender enforcement, including during a Prohibited Period, is carved out of the Section D requirements entirely, but the carve-out is conditional on the D.11 notice having been given first, so a sudden enforcement without notice would put the executive in breach."
CPU,COMPUTERSHARE LIMITED.,22973534420,Commercial & Professional Services,2015-06-16,clearance required even in an open window for derivatives,"Subject to Section D.5 of this Policy, if a Designated Person intends to Deal in a Derivative over Computershare Securities during a Dealing Window then the Designated Person must obtain clearance to Deal in accordance with the procedure set out in Section D.4.","Ordinary share trades in a Dealing Window need no clearance, but every derivative leg does, so entry, roll, restrike, partial unwind and physical settlement of the collar each require a separate written clearance."
CPU,COMPUTERSHARE LIMITED.,22973534420,Commercial & Professional Services,2015-06-16,"no fixed clearance validity, deal as soon as possible",A Designated Person who receives clearance to Deal from the Nominated Director in accordance with this procedure must Deal as soon as possible after receiving the Nominated Director's response,"There is no stated number of days for which a clearance remains valid, but the obligation to deal 'as soon as possible' means the collar should be pre-negotiated and priced so it can be executed immediately on clearance."
CPU,COMPUTERSHARE LIMITED.,22973534420,Commercial & Professional Services,2015-06-16,clearance is not approval,If clearance to Deal is granted that clearance is not an approval of the proposed Dealing. Each Designated Person remains personally responsible for any decision to Deal and for their compliance with the insider trading laws and this Policy.,"Clearance gives the bank no comfort that the company has blessed the structure, so the bank cannot rely on it as a representation of policy compliance and should take its own compliance representations from the executive."
CPU,COMPUTERSHARE LIMITED.,22973534420,Commercial & Professional Services,2015-06-16,narrow open windows,Dealing Window means: the four week period from ... the ASX trading day after the date on which Computershare's half-year financial results are released ... full-year financial results are released ... the annual general meeting is held,"This is an open-window policy: for most of the year a Designated Person is outside both a Dealing Window and a Prohibited Period and needs specific clearance under D.3, so scheduling collar entry and any unwind inside one of the three four-week windows is the low-friction path."
CPU,COMPUTERSHARE LIMITED.,22973534420,Commercial & Professional Services,2015-06-16,Board may add prohibited periods,and any other period that may be designated as a prohibited period by the Board from time to time and notified to each Designated Person.,"An ad hoc Prohibited Period can block collar entry or a voluntary unwind at short notice, though it must be notified to the Designated Person, so the executive will know."
CPU,COMPUTERSHARE LIMITED.,22973534420,Commercial & Professional Services,2015-06-16,short selling ban is absolute,A Designated Person must not enter into an arrangement to short sell Computershare Securities at any time.,"The collar must be fully covered by shares the executive actually holds; an overhedge, or a cash-settled structure over notional shares in excess of the holding, would breach D.10 even inside a Dealing Window."
CPU,COMPUTERSHARE LIMITED.,22973534420,Commercial & Professional Services,2015-06-16,connected persons and controlled entities,"Connected Person means, in relation to a Designated Person: (a) the Designated Person's partner and dependants ...; (b) a company or other entity of which the Designated Person is a director; (c) a trustee where the beneficiaries of the trust include the Designated Person; and (d) any other entity which the Designated Person has an ability to control.","A collar written by a family trust or controlled company is treated as within the Policy, so the same clearance and notification path applies wherever the collateral shares are held."
CPU,COMPUTERSHARE LIMITED.,22973534420,Commercial & Professional Services,2015-06-16,director disclosure of the derivative,"In accordance with ASX Listing Rule 3.19A, the Company Secretary will lodge with the ASX the necessary notification of the change in the Director's interest in Computershare Securities within five business days after the Dealing is transacted.","A Director's collar is a Deal in Securities, so it becomes publicly disclosed via Appendix 3Y within five business days, and the bank should expect the structure to be visible to the market."
FPH,FISHER & PAYKEL HEALTHCARE CORPORATION LIMITED,21470861835,Health Care Equipment & Services,2013-08-29,secured lender sale exclusion,"The additional dealing restrictions set out above do not apply to ... a disposal of securities of FPHC that is the result of a secured lender exercising their rights, for example, under a margin lending arrangement. However, such dealings are still subject to the prohibitions against insider trading.","A bank enforcing security over collared shares (even in a black-out) does not breach the policy, though the executive remains exposed to insider trading law if enforcement is discretionary while they hold material information."
FPH,FISHER & PAYKEL HEALTHCARE CORPORATION LIMITED,21470861835,Health Care Equipment & Services,2013-08-29,no financing restriction,"The policy contains no prohibition on margin lending, secured financing, hedging, short selling or short-term trading; the only rules are insider trading, black-outs and consent for Restricted Persons.","The loan leg of a funded collar, secured on the shares, is not a 'dealing' and requires no consent; only the derivative legs are regulated."
FPH,FISHER & PAYKEL HEALTHCARE CORPORATION LIMITED,21470861835,Health Care Equipment & Services,2013-08-29,OTC derivatives are securities,"the term ""securities"" also extends to financial products issued or created over or in respect of securities issued by FPHC (for example, warrants and other derivative products), whether or not the financial products are created by FPHC or by third parties.","A bank-written OTC put and call is a Restricted Security, so entering, unwinding or physically settling the collar requires Approver consent outside black-outs."
FPH,FISHER & PAYKEL HEALTHCARE CORPORATION LIMITED,21470861835,Health Care Equipment & Services,2013-08-29,off-market dealing contemplated,Request for Consent form: '6. To be Transacted: On NZSX / Off Market Trade / Other Specify'; '3. Type of Transaction: Buy / Sell / Transfer'.,"The consent form expressly accommodates off-market and 'other' transactions, so an OTC collar can be described and cleared through the standard process."
FPH,FISHER & PAYKEL HEALTHCARE CORPORATION LIMITED,21470861835,Health Care Equipment & Services,2013-08-29,consent validity and lapse,A consent is only valid for a period of 15 trading days after notification. A consent is automatically deemed to be withdrawn if the person becomes aware of material information prior to dealing.,The collar must be priced and executed within 15 trading days of consent and becomes unexecutable if material information arises before signing.
FPH,FISHER & PAYKEL HEALTHCARE CORPORATION LIMITED,21470861835,Health Care Equipment & Services,2013-08-29,plan securities after release,"where securities in FPHC granted under an employee, executive or director equity plan cease to be held under the terms of that plan, any dealings in those securities must only occur in accordance with the Securities Dealing Policy and Guidelines and the additional dealing restrictions set out above.","Vested shares released from a plan are ordinary Restricted Securities; unvested plan securities are not separately addressed, so a collar over them is not policy-prohibited but plan terms should be checked."
FPH,FISHER & PAYKEL HEALTHCARE CORPORATION LIMITED,21470861835,Health Care Equipment & Services,2013-08-29,controlled entities,"Restricted Persons will be considered responsible for the actions of trusts and companies controlled by them. In this respect, 'control' is not to be construed in a technical way but by looking at how decisions are made in practice.",A collar entered through a family trust or company controlled in practice by the executive is treated as the executive's own dealing.
FPH,FISHER & PAYKEL HEALTHCARE CORPORATION LIMITED,21470861835,Health Care Equipment & Services,2013-08-29,policy vintage,"Securities Dealing Policy and Guidelines (2013 final), dated 27 August 2013.","The policy pre-dates current ASX Guidance Note 27 expectations on hedging and margin lending, so the company may have adopted a later version; confirm currency before relying on the absence of restrictions."
ORG,ORIGIN ENERGY LIMITED,20156147751,Utilities,2025-03-11,forced sale,A sale of your Origin Securities by a third party outside your control (such as a margin lender) in a Closed Period or when you are otherwise prohibited by this Policy is a serious breach of this Policy and may result in dismissal.,"Even if a secured facility existed, the bank's enforcement or physical settlement of the collar during a Closed Period would put the executive in serious breach, so the structure cannot rely on lender enforcement rights."
ORG,ORIGIN ENERGY LIMITED,20156147751,Utilities,2025-03-11,secured financing scope,"From the date of this Policy, you must not ... enter into any other secured financing arrangements in respect of Origin Securities.","The loan leg of a funded collar, secured on the collared shares, is expressly prohibited for all personnel and Associates regardless of vesting state, with no approval route; the wording is prospective only and is silent on unwinding pre-existing arrangements."
ORG,ORIGIN ENERGY LIMITED,20156147751,Utilities,2025-03-11,no closed-period relief,Dealing in Origin Securities during a Closed Period or Additional Prohibitions will not be permitted.,"No hardship or exceptional-circumstances exemption exists, so collar entry, unwind, roll or settlement must fall entirely within open windows."
ORG,ORIGIN ENERGY LIMITED,20156147751,Utilities,2025-03-11,clearance lapse,"If you come to possess Inside Information after receiving clearance to Deal, you must not complete the trade.",A cleared collar must be priced and executed within the 2-business-day validity and can become unexecutable if inside information arises before signing.
ORG,ORIGIN ENERGY LIMITED,20156147751,Utilities,2025-03-11,confidential prohibitions,"If you hold Origin Securities, you must recognise that a prohibition may apply at the time you wish to sell them, and Origin will have no responsibility to you.","Undisclosed Additional Prohibitions can block delivery or unwind of shares under the collar at any time, and the executive bears that risk."
ORG,ORIGIN ENERGY LIMITED,20156147751,Utilities,2025-03-11,speculative perception,You must not ... enter into arrangements which result in short-term Dealing (such as margin loans) to minimise the perception of speculative trading.,"A short-dated collar or one with early-termination triggers may be characterised as an arrangement resulting in short-term Dealing, so tenor should exceed three months."
ORG,ORIGIN ENERGY LIMITED,20156147751,Utilities,2025-03-11,associates,"This Policy also extends to Associates of Origin Personnel. ... a company, partnership or trust over which: (i) you have control or significant influence",Routing the collar or loan through a family trust or controlled company does not escape the secured financing ban or clearance requirement.
ORG,ORIGIN ENERGY LIMITED,20156147751,Utilities,2025-03-11,OTC derivatives are dealings,Securities: ... any financial product; derivatives ... Dealing: ... create a derivative over Securities,"There is no venue limitation, so an OTC put and call with a bank is squarely a Dealing subject to clearance and windows."
SUN,SUNCORP GROUP LIMITED,19981969003,Insurance,2022-05-10,hedging ban reaches vested shares,"Directors, Employees and Contractors are prohibited from entering into a hedging transaction that is designed to limit the economic risk of holdings in Suncorp Securities, including unvested performance rights.","The ban is drafted around 'holdings in Suncorp Securities' generally rather than plan or unvested securities, so a put and call collar over vested unrestricted shares is prohibited outright, and 'including unvested performance rights' reads as an extension of that scope rather than a limit on it."
SUN,SUNCORP GROUP LIMITED,19981969003,Insurance,2022-05-10,no waiver for the hedging ban,Policy Exemptions: No exemptions apply to this Policy. The Section 8 waiver enables Prescribed Persons 'to Deal in Suncorp Securities during Closed Periods' in Exceptional Circumstances.,"The waiver power is confined to lifting Closed Period restrictions, so there is no mechanism by which the Chairman, Group CEO or Board could authorise a collar despite section 5.1."
SUN,SUNCORP GROUP LIMITED,19981969003,Insurance,2022-05-10,collateral use is expressly contemplated,"The Suncorp Chairman, or the Group CEO, will review any request for waiver or clearance to Deal by Prescribed Persons or their Connected Persons which involves entering into a new or increased Margin Loan or other use of Suncorp Securities as collateral in a financial transaction.","The loan leg of a funded collar, secured on the collared shares, is permitted in principle subject to individual approval by the Chairman or Group CEO who may attach conditions, so the financing is not the obstacle here; the hedging ban on the derivative legs is."
SUN,SUNCORP GROUP LIMITED,19981969003,Insurance,2022-05-10,forced sale is an exempt dealing,"involuntary disposal under a margin loan: a disposal of Suncorp Securities that is the result of a secured lender exercising their rights, for example, under a margin lending arrangement.","Unusually favourable for a lender: enforcement or margin-call sale by the bank is expressly exempt from Closed Period restrictions and from the clearance requirement, so the bank's security can be realised at any time without putting the executive in breach."
SUN,SUNCORP GROUP LIMITED,19981969003,Insurance,2022-05-10,granting security is itself a dealing,"Examples of Dealing in Securities include: ... granting a mortgage, lien, charge or other security interest (such as a Margin Loan) over Securities;","Executing the security document over the collared shares is a Dealing in its own right, so it needs prior written clearance, must be outside Closed Periods and must be completed inside the clearance window."
SUN,SUNCORP GROUP LIMITED,19981969003,Insurance,2022-05-10,OTC derivatives are Securities,"Security or Securities: ... derivative products (including but not limited to warrants, exchange-traded options, over-the-counter options and contracts for differences) relating to those securities, whether or not the securities or the derivative products are issued or created by Suncorp or by third parties.","The put and the call written by a bank are themselves Suncorp Securities, so every leg, roll, amendment and settlement is a separate Dealing subject to clearance and Closed Periods even before section 5.1 is considered."
SUN,SUNCORP GROUP LIMITED,19981969003,Insurance,2022-05-10,forward contracts are short-term dealing,"Short-Term Dealing ... means buying and selling the same Security within a six month period and entering into any other short term Dealings (for example, forward contracts) in relation to Securities.","Even if the hedging ban did not apply, a forward-settled or short-dated collar is the express example of prohibited short-term Dealing, so any structure would need a tenor comfortably beyond six months and no early unwind."
SUN,SUNCORP GROUP LIMITED,19981969003,Insurance,2022-05-10,clearance is discretionary and confidential,"Any clearance request to Deal can be given, refused or withdrawn by Suncorp in its discretion, without giving any reasons. A decision to refuse clearance is final and binding on the person seeking clearance. If clearance to Deal is refused, the person seeking clearance must keep that information confidential and not disclose it to anyone.","Clearance can be withdrawn after it is given and before execution, and the executive cannot tell the bank why a trade cannot proceed, so pricing and mandate documentation must tolerate silent withdrawal."
SUN,SUNCORP GROUP LIMITED,19981969003,Insurance,2022-05-10,confidential Restricted List,In certain circumstances the Company Secretary may be asked to restrict individuals from Dealing in Suncorp Securities who may be in possession of Price Sensitive Information for a period of time ('Restricted List').,"An individual can be blocked from dealing at any time outside the scheduled Closed Periods, which would prevent entry, roll, unwind or physical settlement of any structure without notice to the counterparty."
SUN,SUNCORP GROUP LIMITED,19981969003,Insurance,2022-05-10,Connected Persons and controlled entities,"A Connected Person of a Prescribed Person includes ... a company, trust or entity that the Prescribed Person (or any of their family members falling within any of the above categories) controls or has an interest in.","Routing the collar or the loan through a family trust, SMSF or controlled company does not escape either the hedging ban or the clearance and Closed Period regime, and the 'has an interest in' limb is wider than control."
SUN,SUNCORP GROUP LIMITED,19981969003,Insurance,2022-05-10,hedging ban has the widest personal scope,"5.1 Directors, Employees and Contractors are prohibited from entering into a hedging transaction ...","The hedging ban is addressed to all Directors, Employees and Contractors rather than only to Prescribed Persons, so it catches executives well below KMP level who are otherwise free of Closed Periods and clearance."
SCG,SCENTRE GROUP,18721337412,Equity Real Estate Investment Trusts (REITs),2024-02-23,secured financing carve-out,"The above restriction includes all arrangements properly described as margin lending arrangements but does not extend to other types of loan arrangements which may be secured by a security interest granted in respect of Scentre Group Securities. However, if a Restricted Person proposes to enter into any such security arrangement they should obtain the prior approval of the Company Secretary prior to entering into any such arrangement.","This is the clause that makes a funded collar feasible: a bank term loan secured on the collared securities is expressly outside the margin lending ban and needs only the Company Secretary's prior approval, so the financing leg has a defined, single-approver route."
SCG,SCENTRE GROUP,18721337412,Equity Real Estate Investment Trusts (REITs),2024-02-23,margin loan characterisation risk,A Restricted Person should also consult with the Company Secretary if they are uncertain as to whether an arrangement is properly classified as a margin lending or security arrangement.,"The Company Secretary decides whether the facility is 'properly described as' margin lending, so the loan should be documented with no LVR-based margin call or top-up mechanics and the characterisation confirmed in writing before signing."
SCG,SCENTRE GROUP,18721337412,Equity Real Estate Investment Trusts (REITs),2024-02-23,lender enforcement is excluded trading,"a disposal of Scentre Group Securities that is the result of a secured lender exercising their rights. For the avoidance of doubt, in relation to Key Management Personnel, this does not extend to the exercise by a lender of rights under a margin lending arrangement.","Enforcement or physical settlement by the bank under a non-margin secured facility is excluded from the blackout and trading restrictions even for directors and KMP, so the bank's security can be realised in a blackout period without putting the executive in breach; the carve-back bites only on margin lending, which is prohibited anyway."
SCG,SCENTRE GROUP,18721337412,Equity Real Estate Investment Trusts (REITs),2024-02-23,hedging ban is bounded to plan securities,Prohibitions also apply to executives participating in the equity-linked incentive plans from entering into hedging arrangements in respect of unvested awards or awards that have vested but are held in a holding lock or otherwise the subject of deferral of delivery.,"There is no hedging prohibition on vested, released or ordinarily acquired securities, so a collar over unrestricted shares is not barred by this policy, but shares still in a holding lock or subject to deferred delivery must be excluded from the collar pool."
SCG,SCENTRE GROUP,18721337412,Equity Real Estate Investment Trusts (REITs),2024-02-23,hedging rules sit outside this policy,These prohibitions are outlined in the Group's Hedging of Executive Awards and Performance Rights Policy.,"The operative hedging restrictions are in a separate document not lodged with this policy, so that policy must be reviewed before any collar is priced; it may be wider than the summary given here."
SCG,SCENTRE GROUP,18721337412,Equity Real Estate Investment Trusts (REITs),2024-02-23,three-month floor on tenor,Restricted Persons must not engage in short-term or speculative trading in Scentre Group Securities or in derivative or other Financial Products issued over or is respect of Scentre Group Securities. Short-term means in less than a 3-month period.,"The ban expressly reaches derivatives over the securities, so a collar must have a tenor of at least three months and should not contain early unwind or knock-out features that would make it short-term in substance."
SCG,SCENTRE GROUP,18721337412,Equity Real Estate Investment Trusts (REITs),2024-02-23,speculation test at clearance,clearance to trade will not be given where the request to trade is based on considerations of a short-term or speculative nature,"The clearance application should present the collar as long-term risk management of a concentrated holding rather than a view on the price, since the Clearance Officer must refuse anything framed as short-term or speculative."
SCG,SCENTRE GROUP,18721337412,Equity Real Estate Investment Trusts (REITs),2024-02-23,OTC products may fall outside the Securities definition,Scentre Group Securities means ... any Financial Products issued over or in respect of the above securities which are able to be traded on a financial market.,"A bilateral OTC collar may not be 'able to be traded on a financial market' and so may sit outside the clearance and blackout machinery on the literal wording, but section 11(d) regulates derivatives over the securities without that limit, so clearance should be sought regardless rather than relying on the gap."
SCG,SCENTRE GROUP,18721337412,Equity Real Estate Investment Trusts (REITs),2024-02-23,clearance withdrawal and short window,"a clearance to trade can be withdrawn if new information comes to light or if there is a change in circumstances ... must complete the trade within three business days of the clearance being received, and fresh approval must be sought for any trades after this clearance period.","The collar must be priced and executed within three business days of clearance, and clearance can be pulled before execution, so the bank's mandate should contemplate silent withdrawal and re-approval for any roll or restructure."
SCG,SCENTRE GROUP,18721337412,Equity Real Estate Investment Trusts (REITs),2024-02-23,confidential refusal,"if the clearance to trade is refused, the person seeking clearance must keep that information confidential.","The executive cannot tell the bank why the trade cannot proceed, so documentation should not require a reason to be given for withdrawal."
SCG,SCENTRE GROUP,18721337412,Equity Real Estate Investment Trusts (REITs),2024-02-23,brokers with discretion must be notified,Restricted Persons must also inform their brokers or financial advisers who have discretion to trade on their behalf that the Restricted Person is restricted from trading Scentre Group Securities under this policy.,"If any part of the structure gives the bank discretionary dealing authority over the securities, the bank must be formally notified of the trading restrictions."
SCG,SCENTRE GROUP,18721337412,Equity Real Estate Investment Trusts (REITs),2024-02-23,associates and controlled entities,"any other entity (including family companies, family trusts and personal superannuation funds) over which the Restricted Person or Restricted Person's immediate family member has, or may be expected to have, investment control or influence (including in its capacity as trustee or shareholder or unitholder)","Booking the collar or the loan in a family trust, SMSF or personal company does not avoid clearance, the blackout periods or the section 11 prohibitions."
SCG,SCENTRE GROUP,18721337412,Equity Real Estate Investment Trusts (REITs),2024-02-23,confidential ad hoc restrictions,the Chief Executive Officer has discretion to impose ad hoc restrictions on certain employees at times when matters subject to ASX Listing Rule 3.1A are being considered,"Entry, roll or unwind can be blocked at any time outside the scheduled blackout calendar and without public notice, so execution timing cannot be guaranteed to the counterparty."
SCG,SCENTRE GROUP,18721337412,Equity Real Estate Investment Trusts (REITs),2024-02-23,dual blackout calendars,A blackout period is: (a) in respect of stapled securities of Scentre Group: the period commencing on 1 July ... and the period commencing on 1 January ...; and (b) in respect of units in the Carindale Property Trust: ...,"Scentre Group stapled securities are effectively closed from 1 January and 1 July until two hours after the relevant results release, leaving only narrow open windows in which a collar can be entered, amended or unwound."
PME,PRO MEDICUS LIMITED,18430590872,Health Care Equipment & Services,2011-01-05,no financing or hedging prohibition,"The Policy contains no prohibition on hedging, margin lending, secured financing, encumbrance, short selling or short-term dealing; the only reference to financing is the post-dealing disclosure of 'any margin lending or other security arrangement affecting those securities'.","The loan leg of a funded collar secured on the collared shares is not banned, so the structure turns entirely on window timing, Company Secretary clearance and disclosure rather than on any substantive prohibition."
PME,PRO MEDICUS LIMITED,18430590872,Health Care Equipment & Services,2011-01-05,OTC derivatives are securities,"PME Securities include any derivatives of PME shares and securities (including equity swaps, futures, hedges and exchange-traded or over-the-counter options) whether settled by cash or otherwise.","Both collar legs, cash-settled or physically settled, are PME Securities, so each of entry, roll, unwind and settlement is a separate Dealing needing its own clearance and window."
PME,PRO MEDICUS LIMITED,18430590872,Health Care Equipment & Services,2011-01-05,narrow window calendar,"Dealing is generally confined to three 30-day Trading Windows: after the full-year results, after the half-year results and after the AGM.","There are only about 90 dealing days a year, and the Chairman can shorten any window, so collar execution and any unwind must be scheduled tightly against the results and AGM calendar."
PME,PRO MEDICUS LIMITED,18430590872,Health Care Equipment & Services,2011-01-05,7-day clearance validity,Any Dealing must occur within 7 days of being so advised (and within 7 days of approval where the Chairman has approved an out-of-window Dealing).,"Pricing, documentation and execution of the collar and the secured loan must all complete inside a 7-day clearance life or the clearance must be re-obtained."
PME,PRO MEDICUS LIMITED,18430590872,Health Care Equipment & Services,2011-01-05,conditions on approval,"the Dealing ... must comply with any conditions (including disclosure) which may be imposed by the Chairman (or in the case of the Chairman, the Board). Any approval given or conditions imposed are within the discretion of the Chairman.","The Chairman can attach open-ended conditions, including public disclosure of the collar, as the price of any out-of-window execution."
PME,PRO MEDICUS LIMITED,18430590872,Health Care Equipment & Services,2011-01-05,ad hoc blackouts and window truncation,"The Chairman can, as he or she deems appropriate, reduce the period of any Trading Window from time to time ... the Board or Chairman may, from time to time, declare any other period to be a 'Blackout Period'.","A collar unwind, roll or physical settlement can be blocked at short notice by a declared Blackout Period or a truncated window, so the documentation needs cash settlement or deferral mechanics."
PME,PRO MEDICUS LIMITED,18430590872,Health Care Equipment & Services,2011-01-05,plan rules overlay,"Employees who acquire PME Securities under the Pro Medicus Share Plan, Pro Medicus Option Plan or any other employee incentive scheme from time to time must also comply with the rules of that Plan when Dealing in those securities.","Hedging and encumbrance bans over unvested or plan-held shares may sit in the plan rules, which are not in this policy and must be diligenced separately before collaring plan shares."
PME,PRO MEDICUS LIMITED,18430590872,Health Care Equipment & Services,2011-01-05,no associates extension,"This Policy applies to all PME Directors and PME Employees. There is no definition of associates, and no extension to spouses, dependants, controlled entities or trusts.","On its face the policy does not reach a family trust or controlled company holding the shares, though the Corporations Act insider trading prohibition and directors' notifiable interest obligations still bite."
PME,PRO MEDICUS LIMITED,18430590872,Health Care Equipment & Services,2011-01-05,breach consequences,"Strict compliance with this policy is a condition of employment. Breaches of this policy will be subject to disciplinary action, which may include termination of employment.","A lender enforcement sale in a Blackout Period would be an unapproved Dealing by the borrower with dismissal risk, even though the policy is silent on forced sales."
IAG,INSURANCE AUSTRALIA GROUP LIMITED,18399689299,Insurance,2023-11-30,collateral ban,"Specified Persons and their Closely Related Parties must not use IAG Securities as collateral in any financial transaction, including by: a. entering into a margin lending arrangement in respect of IAG Securities; or b. transferring IAG Securities into an existing margin loan account.","The loan leg of a funded collar, secured on the collared shares, is squarely prohibited for every Specified Person and their Closely Related Parties, with no approval or exceptional-circumstances route, so the structure cannot be offered to this population as designed."
IAG,INSURANCE AUSTRALIA GROUP LIMITED,18399689299,Insurance,2023-11-30,collateral ban breadth,"The prohibition is on collateral in 'any financial transaction'; the margin lending and margin account limbs are introduced by 'including by', so they are examples rather than the limit.","Recharacterising the facility as a securities-backed loan, a limited recourse loan or a pledged prepaid forward does not escape clause 34."
IAG,INSURANCE AUSTRALIA GROUP LIMITED,18399689299,Insurance,2023-11-30,hedging instruments are Securities,"Securities means ... financial products (such as warrants, options, performance rights, contracts for difference and other derivatives) relating to, or which operate to limit, leverage or increase the economic risk in holding, those securities ... whether or not the securities or the financial products are issued or created by IAG Group or third parties.","Both collar legs written by a bank are themselves IAG Securities, so entry, roll, exercise, unwind and settlement are each separate Dealings requiring their own consent within a Trading Window."
IAG,INSURANCE AUSTRALIA GROUP LIMITED,18399689299,Insurance,2023-11-30,absolute plan hedging ban,"IAG Securities acquired under an employee, executive or director equity plan operated by IAG by any participant must never be hedged prior to vesting ... IAG securities must never be hedged while they are subject to a holding lock or restriction on dealing under the terms of an employee, executive or director equity plan.","Even an unfunded collar can only be placed over plan shares that have vested and are free of any holding lock, and the ban reaches Closely Related Parties so a family trust holding cannot be used."
IAG,INSURANCE AUSTRALIA GROUP LIMITED,18399689299,Insurance,2023-11-30,conditional orders,"Dealings involving conditional orders must be placed and executed during a Trading Window (e.g., a specified, minimum sell or maximum purchase price or a stop-loss instruction).","Any price-triggered feature of a collar - a knock-in or knock-out barrier, automatic unwind or stop-loss - must both trigger and complete inside a Trading Window, which is impractical for a multi-year structure."
IAG,INSURANCE AUSTRALIA GROUP LIMITED,18399689299,Insurance,2023-11-30,front page test,"Where consent is required for a trade under this Policy, consent will not be granted where the approver does not consider that the trade would satisfy the front page test. This decision of the approver is final.","A collar over an executive's shareholding is precisely the kind of trade that may be judged to look inappropriate on the front page, and the approver's refusal is final, unreasoned and confidential."
IAG,INSURANCE AUSTRALIA GROUP LIMITED,18399689299,Insurance,2023-11-30,consent revocation,"Consent may be withdrawn if new information is revealed or there is a change in circumstances, and that decision to refuse consent is final and binding on the Specified Person seeking consent and must be kept confidential.","A bank cannot rely on consent surviving to signing or settlement, and the executive cannot explain a withdrawal to the counterparty because it must be kept confidential."
IAG,INSURANCE AUSTRALIA GROUP LIMITED,18399689299,Insurance,2023-11-30,consent life,"Consents to trade ... will be effective for 5 business days (but no later than the last day of the Trading Window), unless a different timeframe is specified in the consent provided.","Pricing and execution of the derivative legs must complete within 5 business days and before the window closes, so documentation must be fully negotiated before consent is sought."
IAG,INSURANCE AUSTRALIA GROUP LIMITED,18399689299,Insurance,2023-11-30,three-month rule,"Specified Persons and their Closely Related Parties must not deal in IAG Securities on a short-term trading basis, being a period of three months between purchase and sale of any IAG Securities.","Because derivatives are Securities with no stated carve-outs, a collar's purchased put and written call and any unwind must be spaced more than three months from related purchases and sales."
IAG,INSURANCE AUSTRALIA GROUP LIMITED,18399689299,Insurance,2023-11-30,window instability,"Specified Persons must not assume that a Trading Window is open in the absence of notification, as the IAG Board may vary, suspend or terminate (conditionally or unconditionally) Trading Windows arrangements at any time.","Execution and unwind dates cannot be committed in advance, since the Board can close a window at any time and the only relief is a discretionary Exceptional Circumstances consent."
IAG,INSURANCE AUSTRALIA GROUP LIMITED,18399689299,Insurance,2023-11-30,approver inconsistency,"Clause 14's table routes consent requests from Non-Executive Directors of a Specified Board (excluding the IAG Board Chair) to the 'GCEO and Group General Counsel & Company Secretary', while the clause 36 roles table gives the IAG Board Chair responsibility to approve trading by other Non-Executive Directors, the GCEO and the Group General Counsel & Company Secretary.","For a director-level collar the correct approver is ambiguous on the face of the Policy, so the bank should require evidence of consent from both the Chair and the Group General Counsel & Company Secretary."
IAG,INSURANCE AUSTRALIA GROUP LIMITED,18399689299,Insurance,2023-11-30,no forced sale relief,"The Policy is silent on forced sales, margin calls, lender enforcement and pre-existing financing arrangements; there is no grandfathering wording accompanying the clause 34 prohibition added in the 30 November 2023 amendment.","There is no carve-out permitting a secured lender to sell during a closed period, and no stated transition for legacy secured facilities, so any existing arrangement is exposed."
IAG,INSURANCE AUSTRALIA GROUP LIMITED,18399689299,Insurance,2023-11-30,mandatory shareholding,"Mandatory Holdings means the minimum holding of IAG ordinary shares required to be attained by IAG Directors and by the GCEO and GLT, in accordance with IAG's Mandatory Shareholding Requirement Policy.","The separate Mandatory Shareholding Requirement Policy may require an unhedged minimum holding and must be diligenced, as this Policy neither operationalises nor excludes hedged shares."
IAG,INSURANCE AUSTRALIA GROUP LIMITED,18399689299,Insurance,2023-11-30,director disclosure,IAG Directors who undertake a Dealing in IAG Securities following consent must provide the Group Company Secretary within 1 business day of the execution of the trade a confirmation of trade so that an ASX Appendix 3Y can be completed and lodged with the ASX within 5 business days.,"A director's collar would become publicly disclosed on an Appendix 3Y within days of execution, which feeds back into the front page test at the consent stage."
PLS,PLS GROUP LIMITED,17678188289,Materials,2016-10-11,universal clearance requirement,"Restricted Persons must not trade in Company Securities at any time, including in the exceptional circumstances referred to in section 6, unless the Restricted Person first obtains prior written clearance from [the Approving Officer].","Clearance is required for every leg of a funded collar at any time of year, not just in Blackout Periods, so entry, roll, unwind and physical settlement each need a fresh written approval."
PLS,PLS GROUP LIMITED,17678188289,Materials,2016-10-11,secured lending is permitted with clearance,Restricted Persons must not enter into margin loan agreements or other secured lending arrangements in relation to Company Securities without first obtaining prior written clearance from the appropriate Approving Officer.,"Unlike policies with a flat ban, the loan leg secured on the collared shares is permissible here provided the Approving Officer gives prior written clearance, which makes a funded collar structurally available."
PLS,PLS GROUP LIMITED,17678188289,Materials,2016-10-11,hedging permitted with clearance,Restricted Persons must not enter into transactions or arrangements which operate to limit the economic risk of their security holding in the Company without first obtaining prior written clearance from the appropriate Approving Officer.,"The put and call legs over vested shares are a clearance decision rather than a prohibition, so the whole structure turns on the Chair's or Managing Director's willingness to approve."
PLS,PLS GROUP LIMITED,17678188289,Materials,2016-10-11,unvested hedging ban,Restricted Persons are prohibited from entering into transactions or arrangements which limit the economic risk of participating in unvested entitlements under any equity based remuneration schemes.,"Absolute with no clearance route, so the collar and any security must be confined to shares that have already vested and been delivered."
PLS,PLS GROUP LIMITED,17678188289,Materials,2016-10-11,forced sale carve-out,"a disposal of Company Securities that is the result of a secured lender exercising their rights, for example, under a margin lending arrangement [is excluded from the section 5 restrictions].","The bank's enforcement sale over the collared shares in a Blackout Period does not put the executive in breach, which removes the single biggest obstacle most ASX policies present to a funded collar."
PLS,PLS GROUP LIMITED,17678188289,Materials,2016-10-11,short clearance validity,Any written clearance granted under this policy will be valid for the period of five business days from the time which it is given or such other period as may be determined by the Approving Officer. The expiry time of the clearance will be stated in the clearance granted.,"The collar must be priced, documented and executed inside five business days unless the Approving Officer expressly extends the window in the clearance itself."
PLS,PLS GROUP LIMITED,17678188289,Materials,2016-10-11,confidential ad hoc blackout,Restricted Persons must not trade in Company Securities within any period imposed by the Board from time to time ... Restricted Persons must not disclose to anyone that an Additional Period is in effect.,"An undisclosed Board-imposed Additional Period can block execution or unwind of the collar at any time, and the executive cannot even tell the bank why."
PLS,PLS GROUP LIMITED,17678188289,Materials,2016-10-11,quarterly blackouts,the end of each of the March and September financial quarters and 24 hours immediately following the release of the Company's quarterly reports for those financial quarters,"As a mining company PLS has four closed periods a year rather than two, materially narrowing the windows in which a collar can be struck or unwound."
PLS,PLS GROUP LIMITED,17678188289,Materials,2016-10-11,speculative trading,Restricted Persons must not engage in short term or speculative trading of Company Securities.,"Undefined, so a short-dated or knock-out collar risks being characterised as speculative; a multi-year tenor with no early termination triggers is safer."
PLS,PLS GROUP LIMITED,17678188289,Materials,2016-10-11,OTC derivatives are securities,"derivatives of any of the above (including equity swaps, futures, hedges and exchange-traded or over-the-counter options) whether settled by cash or otherwise, (Company Securities)","Both collar legs are themselves Company Securities, so acquiring the put and writing the call are separately 'trading' events needing clearance and falling outside Prohibited Periods."
PLS,PLS GROUP LIMITED,17678188289,Materials,2016-10-11,connected persons,"Where this policy requires a Restricted Person to do an act or thing, the relevant Restricted Person must do that act or thing in respect of the Connected Person.","Booking the collar or loan through a family trust, controlled company or spouse does not avoid the clearance requirement; the executive must procure compliance."
PLS,PLS GROUP LIMITED,17678188289,Materials,2016-10-11,breach consequence,Breach of this policy (irrespective of whether the insider trading prohibition or any other law is breached) will also be regarded by the Group as serious misconduct which may lead to disciplinary action and/or dismissal.,"Executing any collar leg without written clearance is a dismissal-level offence, so the bank should condition drawdown on sighting the clearance."
SOL,WASHINGTON H. SOUL PATTINSON AND COMPANY LIMITED,16891229062,Financial Services,2025-09-15,financial products ban,"Directors, KMPs and Employees are prohibited from using margin loans to finance the purchase of securities in the Company or from trading in any financial products issued or created over the Company's securities.","This is the decisive clause: both collar legs are financial products created over Company securities, so the derivative overlay is banned outright with no approval route, regardless of vesting state."
SOL,WASHINGTON H. SOUL PATTINSON AND COMPANY LIMITED,16891229062,Financial Services,2025-09-15,hedging ban is narrower than the products ban,must not trade in securities of the Company ... as part of a hedging arrangement if the arrangement would have the effect of limiting their exposure to Company securities that have not vested or are subject to a holding lock.,"Section 10 alone would permit hedging fully vested unrestricted shares, so any argument for a collar must overcome section 11.1 rather than section 10.1."
SOL,WASHINGTON H. SOUL PATTINSON AND COMPANY LIMITED,16891229062,Financial Services,2025-09-15,margin loan ban is purpose-limited,prohibited from using margin loans to finance the purchase of securities in the Company,"The financing ban bites only on borrowing to buy Company shares, so a bank loan secured on an existing vested holding is not expressly prohibited, leaving the derivative legs as the sole blocker."
SOL,WASHINGTON H. SOUL PATTINSON AND COMPANY LIMITED,16891229062,Financial Services,2025-09-15,no secured financing regime,"The policy contains no provision on granting security, charges, liens or pledges over Company securities, on forced sales by a secured lender, on margin calls, or on disclosure of encumbrances.","A lender enforcing security during a Closed Period has no express carve-out, so the executive would have to rely on the general 'no control or influence' exclusion in section 8.1 with no certainty."
SOL,WASHINGTON H. SOUL PATTINSON AND COMPANY LIMITED,16891229062,Financial Services,2025-09-15,clearance revocation by inside information,This is the case even if clearance to trade securities has been granted under this policy. Such clearance is taken to be revoked if the relevant person seeking to trade is in possession of non-public price sensitive information about or affecting the relevant securities.,"Approval is automatically void on receipt of inside information, so any structure must be executed immediately after approval and cannot rely on a standing consent."
SOL,WASHINGTON H. SOUL PATTINSON AND COMPANY LIMITED,16891229062,Financial Services,2025-09-15,approval validity and withdrawal,"The written approval shall have effect for a period of four weeks from the date of the approval notice or a shorter period if specified in the notice unless a material change in circumstances occurs. ... Written approval to trade during a Prohibited Period is discretionary, is not an endorsement of the proposed trade and can be withdrawn if new information comes to light or there is a change in circumstances.","Even the generous four-week exceptional-circumstances approval is expressly revocable, so a bank cannot treat it as a committed condition precedent."
SOL,WASHINGTON H. SOUL PATTINSON AND COMPANY LIMITED,16891229062,Financial Services,2025-09-15,refusal is final and confidential,A decision to refuse approval to trade during a Prohibited Period is final and binding and must be kept confidential.,There is no appeal and the executive cannot explain to the bank why a trade date was missed.
SOL,WASHINGTON H. SOUL PATTINSON AND COMPANY LIMITED,16891229062,Financial Services,2025-09-15,group-wide reach,"This Policy applies to trading in the securities of Washington H. Soul Pattinson and Company Limited, those of its controlled and associated entities and those of entities in which it has a Substantial Interest [5% or more of the voting shares].","A collar over shares in any listed investee in which SOL holds 5% or more also needs Chairman approval, which matters given SOL's investment portfolio."
SOL,WASHINGTON H. SOUL PATTINSON AND COMPANY LIMITED,16891229062,Financial Services,2025-09-15,associates carve-out from section 10 and 11,"Sections 10.1 and 11.1 bind 'Directors, KMPs and Employees' whereas sections 2.2, 4.1, 5.1, 6.1 and 9.1 bind those persons 'and their Associates'.","The drafting arguably leaves Associates outside the financial products ban, but the Associate definition and the approval requirement make any attempt to structure around it plainly against the policy's intent."
SOL,WASHINGTON H. SOUL PATTINSON AND COMPANY LIMITED,16891229062,Financial Services,2025-09-15,breach reporting,"A breach of this policy will be recorded, and serious breaches will be reported to the Leadership Team and the Board.","Entering a collar without approval would be escalated to the Board rather than handled informally, with termination of employment expressly contemplated."
SGH,SGH LIMITED,16035727780,Capital Goods,2021-08-24,no hedging prohibition,"The policy contains no clause prohibiting hedging. Instead, 'Other financial products that operate to limit the economic risk of holding SGH shares' are simply included in the definition of SGH securities.","This is the key enabling feature: a collar is regulated as an ordinary dealing needing a window or clearance, rather than banned, and there is no ban on hedging unvested or restricted plan securities either."
SGH,SGH LIMITED,16035727780,Capital Goods,2021-08-24,absolute blackout ban on derivative products,"In addition, during the blackout periods, no Executives or designated staff may deal in financial products issued or created over or in respect of SGH securities. No exceptional circumstances exemption applies to this prohibition.","Collar entry, roll, unwind or any adjustment involving the option legs is absolutely impossible in a blackout period, with no hardship or court-order relief, so the bank must build hard date constraints into the trade."
SGH,SGH LIMITED,16035727780,Capital Goods,2021-08-24,margin lending expressly permitted,Any designated employee must obtain clearance in writing from the relevant approver detailed in the table in Section 3 for any proposed dealing in SGH securities in connection with a margin lending arrangement. ... Clearance may be granted subject to any conditions the approver determines appropriate.,"The loan leg secured on the collared shares is permitted with clearance rather than prohibited, and the approver's power to impose conditions gives the company a way to protect itself rather than refuse outright."
SGH,SGH LIMITED,16035727780,Capital Goods,2021-08-24,forced sale carve-out,"this policy does not apply to: ... A disposal of SGH securities that is the result of a secured lender exercising their rights under a margin lending arrangement, where this policy has been complied with in relation to the margin lending arrangement.","Lender enforcement over the collared shares, including in a blackout period, is outside the policy, but only if the underlying facility was itself properly cleared, so the bank should make clearance a condition precedent and retain evidence of it."
SGH,SGH LIMITED,16035727780,Capital Goods,2021-08-24,clearance validity two business days,Clearance may be given in any written form and is effective for two business days after it has been given.,"The collar and the loan must be documented in advance and executed within two business days of clearance, so pricing and legal work must be complete before the approval is sought."
SGH,SGH LIMITED,16035727780,Capital Goods,2021-08-24,long open windows,In the period between 24 hours and 30 working days after the release of SGH's Half Yearly Results announcement ... Annual Results announcements ... and the close of the SGHs Annual General Meeting.,Three 30-working-day windows a year give ample scope to strike or unwind a collar without needing discretionary clearance at all.
SGH,SGH LIMITED,16035727780,Capital Goods,2021-08-24,self-approval prohibited,A designated employee must not be involved in a decision regarding their own application for clearance.,"For a Chairman or CEO collar the approval must come from the Lead Independent Director or ARC Chair, so the bank should verify who signed the clearance."
SGH,SGH LIMITED,16035727780,Capital Goods,2021-08-24,no short-term or speculative trading rule,The policy imposes no minimum holding period and no restriction on short-term or speculative dealing.,"Collar tenor is unconstrained by the policy, so short-dated or rolling structures are not objectionable on their face."
SGH,SGH LIMITED,16035727780,Capital Goods,2021-08-24,narrow definition of Deal,"Deal includes buying and selling, as well as procuring others to buy or sell.","Granting security is not literally a Deal, so section 5 rather than the general definition is what brings the loan and any share transfer into the clearance net; a pledge unconnected to a lending arrangement sits in a gap."
SGH,SGH LIMITED,16035727780,Capital Goods,2021-08-24,associates deemed designated,"Associates of designated employees must comply with the policy as if they were a designated employee ... A breach of this policy, including a breach by an associate, will be regarded as serious misconduct.","Booking the collar through a family trust or superannuation fund attracts the identical window, clearance and blackout constraints and the employee bears the consequences."
SGH,SGH LIMITED,16035727780,Capital Goods,2021-08-24,substantial interest lookthrough,"All designated employees and their associates must obtain approval prior to trading in the securities of listed entities in which SGH has a Substantial Interest (including controlled and associated entities) [Appendix 1: Beach Energy (BPT), Boral (BLD), Seven West Media (SWM)].","A collar over Beach Energy, Boral or Seven West Media shares held by an SGH designated employee also requires prior approval under this policy."
LYC,LYNAS RARE EARTHS LIMITED,15590724933,Materials,2011-09-22,secured lender sale excluded,The following transactions relating to trading in the Company's securities are excluded from the operation of this policy: ... a disposal of securities that is the result of a secured lender exercising its rights.,"This is the single most collar-friendly clause in the policy: the bank's enforcement sale of the collared shares, including a sale in a closed period, falls outside the policy altogether, so the executive does not breach by reason of the lender enforcing."
LYC,LYNAS RARE EARTHS LIMITED,15590724933,Materials,2011-09-22,no secured financing prohibition,"The policy contains no margin lending, secured financing, pledge or encumbrance prohibition of any kind, and no disclosure obligation in respect of any such facility.","The loan leg of a funded collar, secured on the collared shares, is unrestricted, which is unusual among ASX policies and removes the usual blocking provision."
LYC,LYNAS RARE EARTHS LIMITED,15590724933,Materials,2011-09-22,derivatives barred in prohibited periods,Directors and employees are prohibited from trading during prohibited periods in financial products issued or created over or in respect of the Company's securities.,"The put and call legs are financial products over Lynas securities, so entry, amendment, roll, unwind and any cash or physical settlement of the collar must all be timed to fall inside a three-week open window."
LYC,LYNAS RARE EARTHS LIMITED,15590724933,Materials,2011-09-22,inverted window structure,All periods other than the periods referred to in paragraphs 7.1 and 9.2 are “closed periods” during which all directors and employees are generally prohibited from Dealing in Securities of the Company.,"Lynas is closed by default and open only for three weeks after results, the AGM or a prospectus, so there may be as little as four short windows a year in which a collar can be struck or unwound."
LYC,LYNAS RARE EARTHS LIMITED,15590724933,Materials,2011-09-22,sell-only hardship relief,clearance may be given by the Chairman and at least one other non-executive director for the director or employee to sell (but not to purchase) securities when he or she otherwise would not be permitted to do so.,"Out-of-window relief is confined to selling, so it cannot be used to buy back a written call, close out a put or enter a collar outside a window; only an outright sale of the underlying can be cleared."
LYC,LYNAS RARE EARTHS LIMITED,15590724933,Materials,2011-09-22,hedging ban limited to unvested options,Directors and employees must not at any time hedge options issued to them under an employee option plan prior to vesting of the options.,"The hedging prohibition is confined to unvested employee options, so a collar over vested shares is not caught by it, but unvested option entitlements must be excluded from the collared parcel."
LYC,LYNAS RARE EARTHS LIMITED,15590724933,Materials,2011-09-22,undefined short-term trading ban,Directors and employees must not at any time engage in short-term trading in securities of the Company.,"With no defined holding period, a short-dated collar or one with early termination or roll features risks being characterised as short-term trading, so a long tenor and confirmation from the Chairman or Secretary at clearance are advisable."
LYC,LYNAS RARE EARTHS LIMITED,15590724933,Materials,2011-09-22,no clearance validity period,the Chairman or Secretary has indicated in writing that there is no impediment to them doing so; and the proposed Dealing is permitted under paragraph 7.1 or 9.2.,"The policy sets no window within which a cleared trade must be executed and no express revocation right, so the bank should document that the written no-impediment confirmation is current at pricing and at each subsequent leg."
LYC,LYNAS RARE EARTHS LIMITED,15590724933,Materials,2011-09-22,board exemption power,directors and employees should consider this policy to be binding on them in the absence of specific exemption by the board.,"The board can exempt a specific transaction from the policy entirely, which offers a route to sanction a collar whose timing or structure does not fit the narrow windows."
LYC,LYNAS RARE EARTHS LIMITED,15590724933,Materials,2011-09-22,associates only partly covered,"This policy has been implemented to prevent the incidence of 'insider trading' ... by directors and employees and persons associated with any of them. ... a director or employee must not recommend or otherwise suggest to any person (including a spouse, relative, friend, trustee of a family trust or directors of a family company) that they buy or sell securities in the Company.","Associates are referred to in the introduction but no associate is defined and no operative rule binds them, so a collar entered by a spouse or family trust sits in an untested area rather than a clearly permitted or prohibited one."
LYC,LYNAS RARE EARTHS LIMITED,15590724933,Materials,2011-09-22,director interest notification,Directors must notify the company secretary immediately on acquiring or disposing of a relevant interest in any securities in the Company.,"Entering the collar may change the director's relevant interest, or be treated as doing so on physical settlement, triggering immediate notice to the company secretary and an Appendix 3Y within 5 Business Days that will disclose the structure publicly."
APA,APA GROUP,14336227803,Utilities,2016-07-01,absolute derivatives and hedging ban,Directors and Designated Persons are not permitted at any time (including outside any Closed Period) to enter into any hedging instruments or arrangements regarding or derivative financial products issued over any APA Securities held by the Director or Designated Person.,"This single clause defeats the funded collar: both the purchased put and the written call are derivative financial products issued over APA Securities held by the executive, and the ban is absolute in time, indifferent to vesting, and has no clearance or exemption route."
APA,APA GROUP,14336227803,Utilities,2016-07-01,diversified portfolio condition,Directors and Designated Persons may include APA Securities in a diversified portfolio under a margin loan facility or secured financing arrangement provided that: the facility or arrangement does not permit title to the APA Securities to be transferred.,"Even setting the derivatives ban aside, the loan leg fails on its own terms: a facility secured solely on the collared APA parcel is not a diversified portfolio, and any title-transfer collateral or rehypothecation right is expressly prohibited, so only a non-title-transfer security interest inside a broader portfolio facility is permitted."
APA,APA GROUP,14336227803,Utilities,2016-07-01,unvested and holding-locked securities,"Directors and Designated Persons may not at any time, directly or indirectly, grant any form of security (whether by way of charge, mortgage, pledge or otherwise) over any APA Securities which are unvested or subject to a holding lock, to secure any obligation of that person, or any third party.","Unvested and holding-locked securities are unavailable as collateral in any structure, and the words 'directly or indirectly' and 'or any third party' block back-to-back or guarantee arrangements over that stock."
APA,APA GROUP,14336227803,Utilities,2016-07-01,policy follows the pledged stock,"to avoid doubt, the terms of this policy will continue to apply to the relevant APA Securities, including the requirement that they not be disposed of in a Closed Period unless permission for such disposal is granted pursuant to section 4.2.7.","A margin call or enforcement sale during a Closed Period is not an excluded dealing and requires exceptional circumstances permission from the Chairman, so a lender cannot rely on unfettered enforcement rights and the borrower bears the timing risk."
APA,APA GROUP,14336227803,Utilities,2016-07-01,short clearance validity,"Clearance to undertake a proposed dealing will be valid for three business days or until a Closed Period commences, whichever is the shorter period.","Any permitted dealing in the underlying must be priced and executed within three business days, and a clearance may be withdrawn if circumstances change, which constrains any multi-leg execution."
APA,APA GROUP,14336227803,Utilities,2016-07-01,clearance is discretionary and confidential,"The decision to give or refuse clearance is in the absolute discretion of the Recipient and is final and binding on the Applicant, and reasons for the decision need not be provided. ... If clearance is refused, the Applicant must keep the fact of that refusal confidential.","There is no appeal and no obligation to explain, and the executive cannot tell a bank counterparty why a transaction cannot proceed, so financing documents should not require disclosure of the reason for a refusal."
APA,APA GROUP,14336227803,Utilities,2016-07-01,12 month holding intention,"the guiding principle is that Directors and Designated Persons who purchase APA Securities should intend, at the time of acquisition, to continue to hold the purchased APA Securities for at least the next 12 months.","Any structure with an economic tenor of under 12 months, or that contemplates repurchasing securities delivered under the collar, risks being treated as short-term or speculative trading."
APA,APA GROUP,14336227803,Utilities,2016-07-01,same open period buy and sell,Directors and Designated Persons must not both buy and sell APA Securities in the same “open” period between two consecutive Closed Periods.,"Physical settlement of a collar combined with any purchase in the same open window would breach this rule, so delivery and any repurchase must straddle a Closed Period."
APA,APA GROUP,14336227803,Utilities,2016-07-01,Related Parties,APA Group requires that Directors and Designated Persons take all reasonable steps to cause their respective Related Parties to comply with this section 4.2 as if they were Directors or Designated Persons.,"Holding the collared stock through a spouse, resident child, family trust, superannuation fund or significantly influenced company does not escape the hedging ban or the financing conditions."
APA,APA GROUP,14336227803,Utilities,2016-07-01,derivative over securities not held,derivative financial products issued over any APA Securities held by the Director or Designated Person.,"The ban is drafted by reference to securities held, so a cash-settled index or basket derivative not referable to a held parcel is arguably outside 4.2.5, though it would still face the short selling and short-term trading prohibitions in 4.2.4."
APA,APA GROUP,14336227803,Utilities,2016-07-01,dynamic Designated Person list,"other persons specified from time to time by the Managing Director ... The Company Secretary will operate a process for regularly reviewing the list of Designated Persons and maintain a register of Designated Persons, and will notify relevant individuals of their inclusion on or removal from the register.","An executive outside section 4.2 today can be brought within it at the Managing Director's discretion, so any structure entered by a non-Designated employee should be documented to survive, or be unwound on, later designation."
APA,APA GROUP,14336227803,Utilities,2016-07-01,breach announcement,"If it becomes apparent that a Director has breached this policy, APA Group will give careful consideration to whether it ought to make an announcement to the market explaining the circumstances of the breach and what, if any, remedial and/or disciplinary action it has taken.","A breach by a Director carries express reputational exposure through a possible market announcement, raising the stakes on any structure that sits close to the 4.2.5 line."
XRO,XERO LIMITED,14211650719,Software & Services,2024-07-31,collars named expressly,You must not engage in transactions in the derivative markets involving products based on Xero Securities. This includes OTC products ... caps and collars and any other financial product that operates to limit the economic risk associated with Xero Securities.,"This is one of the few ASX policies that names 'collars' and 'OTC products' expressly, so the derivative legs of a funded collar are prohibited on their face rather than merely caught by a definition."
XRO,XERO LIMITED,14211650719,Software & Services,2024-07-31,exceptional circumstances as the only derivatives gate,You may apply for approval to enter into one of these transactions in exceptional circumstances. Approval will not be given in relation to unvested Xero Securities.,"A collar over vested shares is not absolutely barred, but it can only proceed through an exceptional-circumstances application (severe hardship, court order or similar), which a commercial monetisation is unlikely to satisfy."
XRO,XERO LIMITED,14211650719,Software & Services,2024-07-31,financing leg permitted with clearance,"Whether or not you are a Designated Person, you must seek clearance ... before you: enter into a margin loan or other secured financing arrangements (including transferring Xero Securities into an existing margin loan account); grant a security or rights over your Xero Securities.","The loan and security legs of a funded collar are permitted with clearance, so the structure fails only on the derivative legs; a plain secured loan against Xero shares without a hedge is available."
XRO,XERO LIMITED,14211650719,Software & Services,2024-07-31,profit from a price decrease,You must not enter into an arrangement or transaction that ... otherwise enables you to profit from a decrease in the market price of Xero Securities.,This limb is not restricted to unvested holdings and independently catches the purchased put in a collar over fully vested shares.
XRO,XERO LIMITED,14211650719,Software & Services,2024-07-31,substance over form,Xero takes a 'substance over form' approach and has regard to the intent and spirit of this policy when applying and enforcing it.,"Structuring around the derivatives ban (for example a non-recourse loan with an economically equivalent payoff, or a hedge booked at a Connected Person entity) will be assessed on its economic substance."
XRO,XERO LIMITED,14211650719,Software & Services,2024-07-31,front page test,"Where clearance is required to deal under this policy, approval will not be granted where the dealing would not meet the Front Page Test.","Even the permitted secured financing leg can be refused on reputational grounds alone, without reasons being given."
XRO,XERO LIMITED,14211650719,Software & Services,2024-07-31,clearance withdrawal,"They may also decide to impose conditions on the dealing or withdraw the clearance at any time. If your clearance is not approved or is withdrawn, you must keep this fact confidential. Clearance is automatically deemed to be withdrawn if you become aware of Inside Information prior to dealing.","A bank cannot rely on a granted clearance surviving to signing or drawdown; it can be withdrawn at any time or lapse automatically, and the executive cannot explain why."
XRO,XERO LIMITED,14211650719,Software & Services,2024-07-31,connected persons,"Your Connected Persons should only deal in Xero Securities in circumstances where you yourself would be permitted to do so. Where clearance requirements would apply to your dealing, you must comply with those requirements on behalf of your Connected Persons.",Booking the collar or the loan in a family trust or controlled company does not avoid the derivatives ban or the clearance obligation.
XRO,XERO LIMITED,14211650719,Software & Services,2024-07-31,six month buy-sell window,Short term dealing is the buying and selling of listed securities within a 6 month period.,"A collar with a tenor under six months, or one whose entry and physical settlement fall within six months, risks characterisation as short-term dealing on top of the derivatives ban."
XRO,XERO LIMITED,14211650719,Software & Services,2024-07-31,no venue limitation and no vesting limitation on the derivatives ban,any other financial product that operates to limit the economic risk associated with Xero Securities,"Unlike venue-limited bans elsewhere, this catch-all covers OTC bank-written puts and calls over on-market as well as plan-sourced shares."
