symbol,company,market_cap,industry,lodged,title,date_effective,tiers,window_model,ad_hoc_blackout_authority,dealing_covers_derivatives,dealing_covers_agreements_to_deal,dealing_covers_encumbrance,dealing_covers_stock_lending,dealing_covers_change_of_beneficial_ownership,securities_include_otc_derivatives,substance_over_form,secured_financing_scope,forced_sale_in_closed_period,unvested_as_collateral,financing_disclosure,minimum_shareholding_requirement,exemption_authority,external_documents,jurisdiction_overlays,funded_collar,summary
BHP,BHP GROUP LIMITED,339826752284,Materials,2024-10-01,Securities Dealing Policy,1 October 2024,"BHP directors, employees and contractors | Persons on insider lists | Participants in BHP's employee incentive plans | Restricted Persons | PDMRs | PCAs",closed,The Board or the Disclosure Committee may declare any other period a Closed Period. The policy is silent on whether such a declaration is confidential.,yes,yes,yes,yes,yes,yes,yes,any_secured_financing,not_addressed,prohibited,"PDMRs and PCAs; inception (entry into any margin lending or other secured financing arrangement is a dealing); Group Company Secretary; immediately after dealing, with BHP notifying the FCA within three business days and announcing to exchanges within two business days of notification",,"Clearance Officers (Group Company Secretary or delegate) may give or refuse clearance at their discretion and may clear a PDMR, PCA or Restricted Person to deal in a Closed Period in exceptional circumstances; only the Group Company Secretary or the Chair of the Board may determine that severe financial difficulty or other exceptional circumstances exist. The Board or Disclosure Committee declares additional Closed Periods.","Securities Dealing Clearance Request Form | BHP insider lists maintained by Group Governance | Employee incentive plan rules (Cash and Deferred Plan, Long Term Incentive Plan, Management Award Plan, Short-Term Incentive Plan)","UK Market Abuse Regulation concepts: PDMRs, PCAs, insider lists, FCA notification of PDMR/PCA dealings within three business days",blocked,"A funded collar over vested, unrestricted shares is possible for a BHP PDMR (director or KMP) but only with prior written clearance from the Group Company Secretary, executed within two business days of clearance, outside Closed Periods (year-end and half-year-end to results, plus any Board or Disclosure Committee blackout) and with a tenor exceeding one year, since investments maturing in one year or less are prohibited short-term dealings. The express PDMR derivatives ban is limited to exchange-traded or organised-market instruments, so a bilateral OTC put and call is caught only as a dealing, though BHP applies a substance-over-form approach and clearance is discretionary. Unvested securities and vested securities under holding locks cannot be hedged or used as collateral at all, so only free vested shares can be collared or charged. The loan and the security interest over the shares are each dealings requiring clearance and, for PDMRs, post-trade notification to the Group Company Secretary with onward FCA and exchange disclosure. The policy is silent on forced sales by a lender in a Closed Period, and the exceptional-circumstances relief covers only an immediate sale."
CBA,COMMONWEALTH BANK OF AUSTRALIA.,266331534276,Banks,2024-09-30,Group Personal Trading Policy,1 October 2024,"all employees | Specified Persons | CBA Board directors, Group Company Secretaries, Group Executives",open,"The CBA Board (or its delegate) designates Trading Windows and may vary, suspend or close them at any time; Specified Persons are notified by e-mail and on the Conflicts Hub. Confidentiality of a suspension is not addressed.",yes,yes,not_addressed,not_addressed,yes,yes,not_addressed,any_secured_financing,breach,prohibited,,,Group Chief Risk Officer is the Policy Exemption Authority. Trading Window exceptions are approved under Attachment A (CBA Board Chair for directors and the CEO; Board Audit Committee Chair for the Board Chair; CEO for Group Executives; Subsidiary Board Chair or Deputy Chair for subsidiary directors; Group General Counsel and Group Executive Legal & Group Secretariat for other Specified Persons and Board company secretaries). Any other exemption request goes through the Group Policy Framework.,"Group Personal Trading Procedure (Pre-Clearance mechanics, who requires it and for which Trades, brokerage account declarations, attestations) | Conflicts Hub (Specified Person designation, Pre-Clearance requests, Trading Window notifications) | Group Policy Framework Glossary | Group Policy Framework (process for exemption requests other than Trading Window exceptions) | Group Conflicts Management Policy | Group Issue Management Procedure | Group Incident Management Procedure | ASB securities trading policy | Additional BU/SU Securities Trading requirements","UK and EU Market Abuse Regulation No 596/2014: CBA Board directors, Group Company Secretaries, Group Executives and their Associates must not Trade any Group Security listed or traded on a UK or EU regulated market, or any other Security whose price or value depends on or affects such a Group Security (para 18). | Where laws, regulatory requirements or contractual obligations conflict with the policy, the more stringent standard applies. | ASB (New Zealand) has its own securities trading policy.",blocked,"A funded collar is not possible for CBA Board directors, Group Company Secretaries, Group Executives or their Associates: para 9 bans any transaction that limits the economic risk of their exposure to any vested Group Securities, and para 16(a) bans using Group Securities as security for margin lending or any other secured financing. For other Specified Persons (e.g. Executive General Managers, Subsidiary Board directors, Group Control Room staff), the hedge leg over vested shares free of any holding lock is not expressly banned, but the OTC options are Securities and entering them is a Trade, so it must be done in a Trading Window, with Pre-Clearance where designated on the Conflicts Hub (valid three business days), subject to the 30-day LIFO holding rule, and it must not involve CFDs, short selling or stock lending of Group Securities. The loan leg secured on the collared shares is prohibited for all Specified Persons, so at most an unsecured or unfunded collar is workable for that group, and exercise or settlement mechanics that execute outside a Trading Window are a further risk under para 11. Employees who are not Specified Persons face only the insider trading prohibition and whatever Pre-Clearance the unpublished Procedure imposes. The MAR overlay in para 18 adds an outright bar for the senior group on any Security that prices off a UK/EU-listed Group Security."
NAB,NATIONAL AUSTRALIA BANK LIMITED,120018938963,Banks,2021-11-05,Group Securities Trading Policy,,NAB People | Designated NAB Employees | Directors | Executive Leadership Team | Key Management Personnel | Immediate Family Members and controlled entities,closed,"NAB may impose ad hoc restrictions on Trading in Group Securities when there is a heightened risk of NAB People having Inside Information (e.g. a planned transaction), on all NAB People or individually identified employees. No specific officer is named and confidentiality is not addressed.",yes,yes,no,no,not_addressed,yes,not_addressed,any_secured_financing,not_addressed,not_addressed,Directors and Executive Leadership Team: at inception of a Margin Loan and before agreeing to provide additional Group Securities as security; Compliance Certificate to Chair/direct manager then Group Company Secretary; before entry | Directors and Executive Leadership Team: when a financier demands payment under a Margin Loan and the demand may not be met without disposing of Group Securities; inform the Group Company Secretary for the internal disclosure decision process under the Group Disclosure & External Communications Policy; deadline unspecified,,"In Exceptional Circumstances (severe financial hardship requiring a sale, or a court order or legal/regulatory requirement to sell) the Board delegates written exemptions from the Policy to the Chair, Group CEO or delegate, Group CFO or delegate, Group Executive Legal & Commercial Services or delegate, or Group Company Secretary or delegate, at their discretion; an exemption is valid 5 business days and still requires a Compliance Certificate. Separately, the Group Executive Legal & Commercial Services or delegate may exempt a person from the Compliance Certificate requirement. Section 5.1 states there are no exceptions to the Policy.",Group Securities Trading Policy Guidance Note | Securities Trading Compliance Certificate - Director | Securities Trading Compliance Certificate - Designated NAB Employee | Group Disclosure & External Communications Policy and Guidance Notes | Conflicts Of Interest Policy - Standard Operating Procedures | Exemptions Procedure Guide | Code of Conduct,"Regional legislative requirements take precedence over the Policy unless the Policy imposes a higher requirement that does not breach local law | ELT members and directors/executives of certain Group subsidiaries (e.g. BNZ, New Zealand) may have notification requirements in other jurisdictions, communicated individually | Conflicts of Interest SOP personal account dealing pre-approval may apply to non-Group Securities",workable,"A funded collar is possible for NAB Directors and Executive Leadership Team members, but only over Group Securities whose NAB-imposed time and performance hurdles have been satisfied and, for KMP, that are no longer subject to forfeiture conditions; derivatives and hedging over unvested securities are banned outright. Because a general collar is not one of the two self-executing permitted purposes, it requires case-by-case approval (Chair for Directors, Group Company Secretary for the Chair, Group CEO or delegate for ELT), and both legs must mature within the eight-week period after a half-year or full-year results release and be written by a counterparty outside the NAB Group. The loan secured on the collared shares is a Margin Loan under the policy's broad definition, so Directors and ELT must lodge a Compliance Certificate before entering it and before any collateral top-up, and must report to the Group Company Secretary if a margin demand may force a sale. The derivative itself needs a Compliance Certificate, execution within 5 business days of acknowledgement, and must fall outside the 16 March and 16 September Black-out Periods and any ad hoc restriction; NAB will publicly disclose all Director and KMP derivative positions. Written exemptions exist only for hardship or court-ordered sales."
WBC,WESTPAC BANKING CORPORATION,117521621560,Banks,2021-02-05,Westpac Group Securities Trading Policy,,Employees | Prescribed Employees | Key Prescribed Employees | Group Executives | Westpac Directors | associates,closed,"The Chief Compliance Officer may extend or reduce Blackout Periods (conditionally or unconditionally) and may impose ad hoc restrictions when ASX Listing Rule 3.1A matters are under consideration, on all Prescribed Employees, Key Prescribed Employees only, or individually identified employees. The Group Control Room notifies Prescribed Employees before Blackout Periods start and end; confidentiality of ad hoc restrictions is not addressed.",yes,yes,no,no,yes,yes,not_addressed,margin_loan_only,breach,not_addressed,"Key Prescribed Employees: any margin lending arrangements in respect of Westpac securities (inception, ongoing); to the Group Control Room; deadline unspecified | Westpac Directors and Group Executives: where approval to sell during a Blackout Period is granted; advise the Group General Counsel & Enterprise Executive and General Manager, Company Secretary for any 3Y notice; before lodgement",,"Blackout Period sale exemptions for unreasonable financial impost or other exceptional circumstances: Group General Counsel & Enterprise Executive for Group Executives, Key Prescribed Employees and Prescribed Employees; Chairman for Westpac Directors; Chairman of the Board Audit Committee for the Chairman. Written application confirming no inside information and that sale is the only reasonable course; written outcome with conditions; reasons may be withheld; the approver must decline if they themselves hold inside information. The Chief Compliance Officer may extend or reduce Blackout Periods. No general power to waive the unvested hedging ban or short selling ban.",Key Prescribed Employee Trading Process (Addendum to the Policy) | Register of Prescribed Employees and Register of Key Prescribed Employees (Group Control Room) | Prescribed Employee Trade Notification Form (online) | Westpac Code of Conduct | Business unit securities trading policies and procedures,Employees working or dealing outside Australia must also comply with the laws of that jurisdiction; the Policy is based on Australian law,enforcement_restricted,"A funded collar over vested Westpac shares is possible for Directors and Prescribed Employees. Derivatives and hedging over unvested holdings or unvested plan entitlements are prohibited for everyone, but hedging arrangements over vested securities are expressly contemplated: Directors need prior approval of the Chairman (Board Audit Committee Chairman for the Chairman) and must notify the General Manager, Company Secretary immediately afterwards; Key Prescribed Employees must pre-clear under the separate Key Prescribed Employee Trading Process; other Prescribed Employees lodge the online notification form beforehand; all must be outside the 15 March and 15 September Blackout Periods and any Chief Compliance Officer ad hoc restriction. Margin loans over Westpac securities are expressly permitted without approval (Key Prescribed Employees must disclose them to the Group Control Room), so the secured loan leg is available, but margin calls may not be met by selling Westpac shares in a Blackout Period or while holding inside information, any lender sale in a Blackout Period is a breach whether or not instructed, and the policy expects other resources and steers toward facilities without price triggers. Tenor should be medium to long term to avoid the short-term trading ban, and any transfer of the collared shares that changes ownership is itself a trade."
ANZ,ANZ GROUP HOLDINGS LIMITED,112614448954,Banks,2026-08-05,Trading in ANZ Securities Policy,3 August 2026,"Employees, contingent workers and ANZ Directors | ANZ Restricted Persons | ExCo Members and Key Management Personnel | ANZ Directors and Chief Executive Officer | Associates",closed,"The Group's Continuous Disclosure Committee may impose ad hoc Blackout Periods when matters within ASX Listing Rule 3.1A or NZX Listing Rule 3.1.2 exceptions are being considered, or to manage conflicts of interest, on dates it determines. Confidentiality of the restriction is not addressed.",yes,yes,yes,yes,yes,yes,not_addressed,any_secured_financing,not_addressed,not_addressed,"ANZ Restricted Persons: all Broker Accounts (any account used for holding or transacting ANZ Securities, including accounts over which they or Associates have trading authority) must be disclosed and registered in the Personal Account Dealing Platform regardless of activity, and kept up to date; ongoing",,"Exceptions to the Policy are requested through the Personal Account Dealing Platform and must be approved by the Restricted Person's Line Manager and the ANZ Control Room, and only in exceptional circumstances such as severe financial hardship or an unanticipated significant financial commitment; the Control Room reviews, approves and records exemptions, and formal policy exemptions go to the owner (Head of Compliance Institutional) on the Policy Exemption Form. Exercise of ANZ Rights during a Blackout Period requires a special circumstance trading application. The Continuous Disclosure Committee sets ad hoc Blackout Periods.",ANZ Policy glossary | Code of Conduct | Conflicts of Interest Policy | Non-financial risk framework and Conduct Risk Framework | Performance and Remuneration Policy | Trading in Non-ANZ Securities Policy | StarCompliance Personal Account Dealing User Guide | Event Management Standard | Policy Exemption Form,"NZX Listing Rule 3.1.2 (ad hoc Blackout Periods when NZX non-disclosure exceptions are relied on) | Compulsory acquisition under equivalent laws outside Australia is exempt from Pre-trade Approval | Where the law imposes a higher standard than the Policy, the legal obligation prevails",blocked,"A funded collar as typically structured is not available to ANZ Directors, ExCo Members, KMP or other Restricted Persons: section 3.5 prohibits using ANZ Securities in connection with a margin loan or any similar financing arrangement that may be subject to a margin call or loan-to-value ratio, and exceptions are granted only in exceptional circumstances such as severe hardship. The unfunded collar legs (put and call) over shares that are vested, outside any holding lock and past any clawback period are not prohibited, but each is a Trade requiring written Pre-trade Approval from the ANZGHL Chairman for Directors and the CEO, or from the CFO, Chief Risk Officer or Group General Counsel for ExCo and KMP, valid for 48 hours, outside the long Blackout Periods (two months before results, two weeks before trading updates, plus ad hoc periods), with a medium to long term objective, a 30-day minimum hold and the market perception test. Hedging unvested, locked or clawback-period plan holdings is banned outright. Any charge over the shares or transfer into a bank nominee account is itself a Trade needing approval, and a loan with no margin call or LTV mechanism, while outside the literal ban, would still need approval and could be refused on perception grounds."
MQG,MACQUARIE GROUP LIMITED,94975532859,Financial Services,2024-01-02,Trading Policy,January 2024,Macquarie Staff | Key Management Personnel | Executive Directors | Associates,open,Staff Trading Windows exist only at Macquarie's discretion and are a conditional exception to a standing prohibition; all pre-clearances carry an expiry date and may be withdrawn if new information comes to light. A denied pre-clearance is final and must be kept confidential. No named officer for ad hoc closures.,yes,yes,no,no,yes,yes,not_addressed,any_secured_financing,clearance_required,not_addressed,"Key Management Personnel: annual disclosure of financing arrangements relating to their Macquarie securities; to Macquarie; annually | Key Management Personnel: inception or existence of Macquarie securities lent, mortgaged or charged to a financier; to the Company Secretary; immediately | Key Management Personnel: financier entitled or likely to become entitled to demand payment under the finance arrangements; to the Company Secretary; immediately | Key Management Personnel: expectation that a demand cannot be satisfied without disposing of securities representing at least 1% of Macquarie's issued securities; to the Company Secretary; immediately","Referenced for KMP and Executive Directors: no transaction may limit or reduce the economic risk of their shareholding below the minimum personal shareholding requirement, so hedged shares effectively do not count toward it; the MSR itself is set outside this policy.","A specific written waiver from the prohibition on dealing outside a Staff Trading Window may be granted in exceptional circumstances (compulsion of law, severe financial hardship, or other circumstances deemed exceptional) by the ANZ Regional Head of Compliance, Global Head of Compliance or Head of Risk Management Group on a request to RMG Employee Compliance supported by a statutory declaration; granted at Macquarie's absolute discretion, subject to expiry, withdrawable, and refusal is final and confidential. Staff Trading Windows themselves are set at Macquarie's discretion. No waiver route is stated for the hedging bans or the MSR floor.",Macquarie Personal Investments Policy | Business group and jurisdiction-specific personal dealing policies | Macquarie Group Employee Retained Equity Plan (MEREP) rules | Minimum personal shareholding requirement (for KMP and Executive Directors) | PTA personal compliance system,Business group or jurisdiction-specific personal dealing requirements may apply in addition (Staff must consult their business group policy) | MQG ADRs traded on the US over-the-counter market are Macquarie securities,clearance_required,"A funded collar is possible for Macquarie Staff including Key Management Personnel and Executive Directors, over Macquarie securities that have vested and are free of any holding lock or dealing restriction. The collar is a transaction intended to hedge unrestricted securities and is expressly permitted subject to PTA pre-clearance and business group approval, executed within a discretionary Staff Trading Window of up to five weeks after the interim results, final results or AGM; hedging unvested or locked securities (including MEREP awards) is banned at any time, and KMP and Executive Directors cannot hedge below their minimum personal shareholding requirement. Margin loans and other financing arrangements over Macquarie securities are permitted, with an expectation of sufficient cash or other collateral to meet margin calls even in an extreme downturn; KMP must disclose financing arrangements annually, inform the Company Secretary immediately when shares are lent, mortgaged or charged to a financier and on any margin-demand event or anticipated disposal of 1% or more of issued securities, and any liquidation to meet a margin call needs pre-clearance, which is available only in a window or under an exceptional-circumstances waiver. Short-term trading and uncovered short selling are prohibited, so the collar should be medium term and physically settled only in a window."
WES,WESFARMERS LIMITED,87507592674,Consumer Discretionary Distribution & Retail,2021-04-07,Securities Trading Policy (Policy No: 1.4),,All directors and employees | Officers | Directors | Associated Parties,closed,'Project Restrictions' may be imposed from time to time on nominated directors and employees due to their knowledge of a potential project or transaction. The policy does not say who imposes them or whether they are confidential; the Company Secretary's clearance confirmation covers whether the dealing is 'subject to any other restriction under this policy'.,yes,yes,yes,yes,yes,yes,not_addressed,any_financing_in_respect_of_securities,not_addressed,not_addressed,"Officers: at inception, as part of the clearance request, details of the type of dealing (security interest, margin loan or hedge) and the number of securities involved, to the Wesfarmers Company Secretary, before dealing; and confirmation with a copy of the transaction documentation after completion. | Directors: notification of trading in Wesfarmers securities to the ASX under the Corporations Act and Listing Rules, and to the Company Secretary under the director's letter agreement; the policy does not state deadlines.",Directors must comply with the Board Charter requirements on holding a minimum number of Wesfarmers securities (Annexure B 8(b)); the policy does not say whether hedged or encumbered shares count towards it.,"Wesfarmers Company Secretary grants or refuses clearance at discretion without reasons, after confirming with at least two disclosure committee members (and the Chairman, or the Chair of the Audit and Risk Committee, for directors). Blackout Period relief is limited to sales in exceptional circumstances with the Chairman's (or ARC Chair's) prior written approval and documentary evidence. The CFO may approve share plan issues to Project-Restricted employees. No clearance can be given for dealings restricted by the Corporations Act. Only the Board may amend the policy.",BWP Management Limited Responsible Entity Securities Dealing Policy | Wesfarmers Market Disclosure Policy (Group Policy 1.5) | Wesfarmers Board Charter (minimum shareholding requirement for directors) | Letter agreement between each director and Wesfarmers relating to notification of trading in Wesfarmers securities | Wesfarmers share plan rules,Corporations Act restriction on KMP and closely related parties hedging remuneration that remains subject to restrictions on disposal; clearance cannot be given for such dealings,workable,"A funded collar is possible for Wesfarmers directors and Leadership Team members (Officers), but only with prior written clearance from the Company Secretary, who must first confirm with at least two disclosure committee members and, for directors, the Chairman (or the Chair of the Audit and Risk Committee). Hedging, creating a security interest, entering a margin loan and any OTC derivative are each clearance-gated dealings under Annexure B 9 rather than prohibited, and the clearance is discretionary, revocable, subject to the 'front page' test and valid only for two clear trading days within which an off-market dealing must settle. The collar cannot be written over unvested shares or vested shares still subject to disposal restrictions because the policy restates the Corporations Act KMP hedging restriction and states that clearance cannot be given for it; only vested, unrestricted shares qualify, and plan rules must also be satisfied. Entry, security grant, roll and unwind must all fall outside the 20 June and 20 December Blackout Periods and any Project Restriction, since blackout relief is limited to sales in hardship or court-ordered circumstances. Lender enforcement and margin-call sales are not addressed, and directors must also comply with the Board Charter minimum shareholding and their ASX and letter-agreement notification obligations."
CSL,CSL LIMITED,82521323101,"Pharmaceuticals, Biotechnology & Life Sciences",2023-12-15,Group Securities Dealing Policy,13 February 2024,Personnel | Restricted Persons | Directors | Directors and members of the Global Leadership Group | Related Parties,open,"The Disclosure Committee may specify any other Closed Period from time to time, including declaring or extending a Closed Period to cover a hedge exercise date. The policy does not say whether such periods are confidential. Personnel working on a transaction or project may also be notified that they may not trade in the securities of other entities involved.",not_addressed,not_addressed,not_addressed,not_addressed,not_addressed,not_addressed,not_addressed,any_financing_in_respect_of_securities,not_addressed,prohibited,,,"The section 3.1 approvers (Chair for directors including the CEO; CSL Board or ARMC Chair for the Chair; CEO and Chair for the Company Secretary; Company Secretary or delegate for all others) may approve Closed Period or short-term dealings in Exceptional Circumstances on sufficient evidence, consulting management where appropriate. Such dealings must still comply with the other sections of the Policy unless otherwise notified, so there is no stated authority to waive the hedging, short selling or secured financing bans. The Disclosure Committee sets additional Closed Periods.","CSL Equity Plan rules (holding lock terms) | Definitions of Personnel, Restricted Persons, Related Parties, Global Leadership Group, CSL Securities and Inside Information are not included in the lodged document",Personnel must also comply with any applicable obligations or requirements under local law in their jurisdiction (CSL securities also trade on US OTC as ADRs),blocked,"A funded collar is not possible under this policy. Directors, members of the Global Leadership Group and their Related Parties are absolutely prohibited from entering hedging arrangements in relation to CSL Securities, which captures the put and call legs of a collar regardless of vesting state, and no approver can waive it. Separately, section 2.6 bans all Personnel from margin loans and any other secured financing arrangement in respect of CSL Securities, so the loan secured on the collared shares is prohibited for everyone. Personnel below the Global Leadership Group may enter an unfunded collar over vested, unlocked shares only if it is initiated in an Open Period with its exercise date fixed within an Open Period, they hold no inside information and, if they are Restricted Persons, they obtain prior approval (Company Secretary or delegate) and deal within three ASX trading days. Key terms including Restricted Persons and Related Parties are undefined in the lodged document and must be confirmed with CSL."
RIO,RIO TINTO LIMITED,66001984052,Materials,2020-12-23,Securities Dealing Policy,21 December 2020,Rio Tinto Personnel | Restricted Persons | Permanent Restricted Persons | Results Restricted Persons | Project Restricted Persons | PDMRs | PCAs,closed,"Company Secretariat may specify extended or additional Closed Periods and may designate Project Restricted Persons as subject to Dealing prohibitions for specific transactions or business situations; it notifies the person of the prohibitions applicable to them. Confidentiality of the periods is not stated, but any refusal of clearance must be kept confidential.",yes,not_addressed,yes,not_addressed,yes,yes,not_addressed,any_secured_financing,excluded_dealing,not_addressed,"PDMRs and PCAs: immediately after any Dealing, which includes granting a charge or entering a secured financial arrangement, notify the Group Company Secretary of the transaction details; Rio Tinto notifies ASX and the UK FCA within the stipulated time frames. | Permanent, Project and Results Restricted Persons: Post Trade Notification via the Dealing Rules portal within two business days of Dealing.",,"Only the Group Company Secretary or the Chairman of the Board may determine that severe financial difficulty or other exceptional circumstances exist; clearance to Deal in a Closed Period or on a short-term basis then requires no Inside Information, that the Dealing cannot be executed outside the Closed Period, and circumstances requiring an immediate sale. Clearance is otherwise at the relevant approver's absolute discretion. No authority is stated to waive the PDMR derivatives, short selling and secured financing bans or the section 11 hedging ban.",FAQs on the Company intranet | Rio Tinto Dealing Rules portal on the Company intranet | Rio Tinto employee share plan rules (including myShare) | Market Abuse Regulation (EU) 596/2014 (as amended),"UK Market Abuse Regulation (EU) 596/2014 as amended: PDMR and PCA definitions, Closed Periods and FCA notification of PDMR and PCA dealings | ASX Listing Rules notification of PDMR dealings | NYSE-listed ADRs registered with the US SEC are Rio Tinto Securities",blocked,"A funded collar is not possible for Rio Tinto directors, KMP or any other PDMR: section 12.3 expressly prohibits PDMRs from Dealing in derivative products over or in respect of Rio Tinto Securities and from entering margin lending or other secured financing arrangements, with no exemption authority, and PCAs are caught through the 'for the account of a third party' language. For Permanent or Project Restricted Persons who are not PDMRs, a collar and a secured loan are each Dealings (limbs (c), (e) and (h) of the definition) that may proceed only with prior written clearance from the Group Company Secretary or delegate via the Dealing Rules portal, executed within two Business Days or the period specified, outside any Closed Period applying to them, with a Post Trade Notification within two business days. Such persons may not hedge unvested plan securities or vested plan securities still subject to disposal restrictions, so only vested, unrestricted or non-plan shares can be collared. A disposal resulting from a secured lender exercising its rights is excluded from the Policy. Personnel who are not Restricted Persons are subject only to the Insider Dealing prohibition."
WDS,WOODSIDE ENERGY GROUP LTD,62165974676,Energy,2024-12-11,Securities Dealing Policy,4 December 2024,"employees | directors | restricted employees | directors, executive key management personnel and other executives participating in an equity-based executive incentive plan | family members and controlled entities",closed,"The CEO may declare other black-out periods from time to time; the Group General Counsel may nominate employees as restricted employees because of project or transaction work. The policy does not say whether declared black-out periods are confidential, but a refusal of clearance, approval or acknowledgement must be kept confidential.",yes,yes,yes,not_addressed,yes,yes,yes,any_secured_financing,excluded_dealing,prohibited,directors: pre-dealing written request with Compliance Certificate to the Group Company Secretary; post-dealing details immediately (ideally same day) to the Group Company Secretary for ASX filing within 5 business days; granting a charge is a dealing. | restricted employees: Compliance Certificate to direct manager and Group General Counsel before dealing; confirmation to the Group General Counsel ideally by close of business on the day of the dealing.,Section 6.2 refers to directors' and restricted employees' 'minimum shareholding requirements' as a separate constraint on dealing; the Policy does not say whether hedged or pledged shares count.,"Under 4.3 the Chair of the Board (directors), the CEO (the Chair) or the Group General Counsel (restricted employees), on written application through the Group Company Secretary, may clear a disposal (never an acquisition) otherwise restricted by the Policy in severe financial difficulty, under a court order or in other exceptional circumstances determined by the Board; the clearance specifies its validity period and the approver must not be dealing at the time. No authority exists to waive the derivatives, hedging or pledging bans, and the section 7 exclusions do not apply to directors in black-out periods.","Compliance Certificate form (Woodside intranet, Group Company Secretary or Group General Counsel) | Woodside equity-based incentive plan rules (holding locks and plan-specific dealing restrictions) | Non-Executive Directors Share Plan (NEDSP) terms | List of restricted employees maintained by the Group General Counsel | Minimum shareholding requirements for directors and restricted employees",US Securities Exchange Act of 1934 insider trading prohibition (NYSE listing); ADS deposit and withdrawal mechanics | ASX Listing Rules director notification within 5 business days,blocked,"A funded collar is not possible for Woodside directors, executive key management personnel or other executives participating in an equity-based executive incentive plan: section 5.1 expressly prohibits transactions in Woodside-based derivative securities including collars and writing puts or calls, whether for hedging or not and regardless of vesting state, and section 8.1 separately bans directors, Company Secretaries and CEO direct reports from pledging Woodside securities as collateral, with no exemption authority. The only potential candidates are restricted employees nominated by the Group General Counsel who are not executive incentive plan participants or CEO direct reports: for them an OTC hedge of a vested, unlocked holding and a secured loan are each dealings requiring a Compliance Certificate acknowledged by the GGC, executed within 7 days, outside the 31 December and 30 June black-out periods, passing the Front Page Test and not forcing disposal of shares acquired within three months. Ordinary employees may enter such arrangements without notification subject to the insider trading, Front Page Test and short-term dealing rules. A secured lender's enforcement sale is excluded from the Policy except for directors in a black-out period, and all approvals are discretionary, conditionable and revocable."
GMG,GOODMAN GROUP,56444108368,Equity Real Estate Investment Trusts (REITs),2021-06-15,Securities Trading Policy,1 July 2021,team members | Directors | Executives (Group CEO-1) | Key management personnel | associates,closed,"The Group CEO or Company Secretary notify team members of blackout periods and may notify a blackout period at other times where considered appropriate; the blackout may be lifted during a public offer. Confidentiality is not addressed. Where an unscheduled blackout overlaps a derivative exercise period, a Committee of the Chairman, Group CEO and Company Secretary considers appropriate actions.",yes,yes,not_addressed,not_addressed,not_addressed,yes,not_addressed,margin_loan_only,breach,not_addressed,"team members: any dealing in breach of the policy, including a margin lender's sale when trading is not allowed, must be disclosed immediately to the Company Secretary for reporting to and consideration by the Board. | team members: where an unscheduled blackout overlaps a derivative exercise period, inform the Company Secretary; a Committee of the Chairman, Group CEO and Company Secretary considers appropriate actions.",Derivative hedges must comply with 'any other conditions that you may be subject to (such as a minimum holding requirement)'; the policy does not say whether hedged securities count towards it.,"The Group CEO or Company Secretary may consent to trading in a blackout period if satisfied of exceptional circumstances (court order or enforceable undertaking, hardship with no other means of meeting an urgent financial commitment, or other circumstances deemed exceptional); Executives (Group CEO-1) need a Committee of the Chairman, Group CEO and Company Secretary. The Board may approve other dealings not requiring consent. The blackout may be lifted during a public offer. A Committee of the Chairman, Group CEO and Company Secretary decides actions where an unscheduled blackout overlaps a derivative exercise period. No authority is stated to waive the KMP margin loan ban, the unvested hedging ban or the short selling ban.",Goodman (NZ) Limited Financial Products Trading Policy and Guidelines (consent to deal in GMT Securities) | Employee equity incentive plan rules | Minimum holding requirement applying to relevant team members | Most recent Remuneration Report (identifies key management personnel),"NZX: dealing in GMT Securities requires consent under the Goodman (NZ) Limited Financial Products Trading Policy and Guidelines, in consultation with the Group Company Secretary | Insider trading laws of any other country where the financial products are quoted (Goodman Logistics (HK) Limited is a Hong Kong company)",enforcement_restricted,"For Goodman team members who are not key management personnel, a funded collar is possible: the policy expressly permits derivative contracts hedging vested Goodman Securities with prior consent from the Group CEO or Company Secretary (Chairman for Directors, Audit Committee Chair for the Chairman) valid for 10 business days, provided the exercise window for either party falls outside the scheduled 30 June, 31 December and quarterly-update blackouts, the arrangement respects any minimum holding requirement, and the collared securities are not unvested plan securities. A loan secured on Goodman Securities is permitted for such persons as a consented Dealing, but the executive must be able to meet margin calls from other resources, must not sell during a blackout to meet a call, and a lender's sale while trading is prohibited is a breach reportable to the Board. For directors and other KMP named in the Remuneration Report, the ban on having a margin loan in respect of Goodman Securities, with 'margin loan' undefined, makes the funded leg unavailable in practice, leaving only an unfunded collar with consent. Exercise or settlement during an unscheduled blackout is barred and referred to a Committee of the Chairman, Group CEO and Company Secretary."
FMG,FORTESCUE LTD,53604779222,Materials,2015-08-20,Securities Trading Policy,20 August 2015,Persons | Designated Persons | Chairman | Directors | Other Designated Persons | Related Parties,open,The Board may declare other blackout periods from time to time; these form part of the Prohibited Period. The Policy is silent on whether such blackouts are confidential or how they are communicated.,yes,yes,no,no,not_addressed,yes,not_addressed,not_addressed,not_addressed,not_addressed,,,"Chairman (or, for the Chairman, the Chair of the Audit Committee) may give written clearance for a Designated Person not holding inside information to sell or otherwise dispose of (but not purchase) Company Securities during a Prohibited Period on demonstrated severe financial hardship, legal requirement to transfer, or other exceptional circumstances; the trade must occur within 7 days. No authority to waive the hedging, short-term dealing or short-selling bans.","Executive and Senior Staff Incentive Plan (referenced for the Designated Person definition, the Short Term Dealing carve-out and holding locks)",,workable,"A funded collar over vested, unlocked shares is possible for Fortescue directors and executives under this policy. The put and call are a dealing (via the economic-risk limb of the dealing definition and the inclusion of third-party derivatives in Company Securities) and so require a prior written Notification (to the Chair of the Audit Committee and Company Secretary for the Chairman, the Chairman and Company Secretary for other directors, and the Company Secretary for other Designated Persons), execution within seven days, and must fall outside the four Closed Seasons and any Board blackout and not while holding inside information. Hedging of unvested entitlements and of vested shares still subject to a holding lock is absolutely prohibited. The loan and the security over the collared shares are not addressed at all: there is no margin lending, encumbrance or secured financing restriction and no disclosure requirement, but equally no forced-sale carve-out, and Prohibited Period clearance is discretionary and disposal-only, so settlement, enforcement and unwind mechanics should be timed to avoid Prohibited Periods and the collar tenor should exceed three months to avoid the Short Term Dealing ban."
TLS,TELSTRA GROUP LIMITED,51574200824,Telecommunication Services,2025-09-24,Securities Trading (Group Policy Level 1),19 September 2025,"Everyone | Designated Persons | Telstra Directors | Telstra Chair | Telstra CEO | Band A executives and other direct reports to the CEO | Band B executives, direct reports to Band A executives and other specified persons | Telstra Group Company Secretary | Other Designated Persons | Equity Plan Participants | Closely Related Parties",open,The Telstra Board may specify additional blackout periods from time to time and may permit dealing at other times (additional window periods). The Policy does not say whether such periods are confidential.,yes,yes,no,no,not_addressed,yes,not_addressed,any_secured_financing,excluded_dealing,prohibited,"Telstra Directors: before dealing in reliance on any paragraph 30 exclusion (including a secured lender's sale under a grandfathered arrangement), notify the Telstra Company Secretary (paragraph 31); no deadline beyond 'before dealing'.",The CEO and Group Executives must undertake dealings in compliance with the MSR in the Telstra Executive Minimum Shareholding Requirement Policy (paragraph 32); the Policy is silent on whether hedged or encumbered shares count toward the MSR.,"Exceptional Dealing Approval (paragraphs 22-27) may authorise a dealing 'in a way that's prohibited under this Policy' in exceptional circumstances (severe financial hardship, court order or other circumstance the approver considers exceptional), only where the dealing is the only reasonable course of action and the applicant declares no price-sensitive information; approvers per the paragraph 25 table (Telstra Chair in consultation with the CEO for directors and the Company Secretary; Chair of the People & Remuneration Committee for the Chair; Chair plus a Committee Chair for the CEO; CEO for Band A and CEO direct reports; Company Secretary for anyone else), valid 2 business days. The Company Secretary may approve continuation of pre-existing hedging arrangements for a limited period (paragraph 21). The Policy scope applies 'unless an exemption has been granted' without naming the grantor, and the CEO or CFO may extend the Policy to other dealings (paragraph 33).",Telstra Executive Minimum Shareholding Requirement Policy | Securities Trading intranet page (full list of Designated Persons and of persons requiring approval) | Window Dealing Approval Request form | Exceptional Dealing Approval Request form | Securities Trading Notification Form | Telstra equity-based remuneration plan rules (trading restrictions and holding terms),Insider trading laws of countries other than Australia may impose additional prohibitions (Application; paragraph 5),blocked,"A funded collar is not possible for Telstra Designated Persons, which covers all directors, the company secretary, all Band A and B executives (including all executive KMP), direct reports of Band A executives and their Closely Related Parties. Paragraph 19 prohibits any hedging arrangement that limits the economic risk of holding Telstra securities, vested or unvested, and paragraph 16(b) separately prohibits using Telstra securities as collateral in any financial transaction, so both the option legs and the secured loan are banned outright with no window-period or approval route. The only openings are an arrangement entered before the person became a Designated Person, which may continue for up to 12 months (loan) or a Company Secretary-approved limited period (hedge), and an Exceptional Dealing Approval in severe hardship or under court order where the dealing is the only reasonable course of action. Employees who are not Designated Persons face only the insider trading prohibition and market perception obligation, except that equity plan participants (Band C executives) may not hedge plan securities before vesting, exercise or release from trading restriction."
WOW,WOOLWORTHS GROUP LIMITED,48045496221,Consumer Staples Distribution & Retail,2021-08-20,Securities Trading Policy,20 August 2021,"Woolworths Team Members | Specified Persons | Chair of the Board (Chair) | Woolworths Group Directors | CEO | Chief Legal Officer (CLO) | Executives, Subsidiary Directors | All other Specified Persons | Closely Related Parties",closed,"The Board, on recommendation of the Chief Legal Officer or Company Secretary, may vary the Blackout Periods or impose a restriction on Trading during other periods where deemed appropriate. Confidentiality of such restrictions is not addressed.",yes,yes,yes,no,yes,yes,yes,any_secured_financing,not_addressed,prohibited,"Woolworths Group Directors and Executives: notify the Company Secretary of any Trading (which includes creating a security interest over Securities) as soon as practicable and no more than two days afterward, and provide HIN/SRN for all relevant holdings (4.5). | Woolworths Group Directors: Woolworths may publicly disclose any Derivative positions over Woolworths Securities taken out by a Director, whether or not technically required by the Listing Rules or Corporations Act (4.5).",Woolworths monitors Directors' and Executives' compliance with the Woolworths Group Minimum Shareholding Policy (where applicable); the Trading Policy does not say whether hedged or encumbered shares count toward it.,"The Schedule 1 approver may grant clearance to dispose of (not acquire) Woolworths Securities in a Blackout Period in exceptional circumstances (severe financial hardship, final court order or regulatory undertaking, or other exceptional circumstance) where disposal is the only reasonable option and the person holds no Inside Information. The Board, on recommendation of the CLO or Company Secretary, may vary Blackout Periods. No authority is given to waive the collateral ban, the Derivatives-over-unvested ban or the short-term trading rule.",Woolworths Group Minimum Shareholding Policy | Quantium Group Investment and Dealing Policy | List of Specified Persons maintained by the Company Secretary,Policy and insider trading prohibitions apply to Trading inside and outside Australia (2.3),blocked,"A funded collar is not possible for Woolworths Specified Persons (directors, Executives, their direct reports, General Managers and designated roles, together with their Closely Related Parties) because section 4.1 prohibits any new arrangement using Woolworths Securities as collateral in any financial transaction after 20 August 2021, with no approval or exemption route. An unfunded collar over vested, unrestricted shares is achievable: collars are expressly Derivatives and hedging of vested unrestricted Securities is permitted with prior written clearance from the Schedule 1 approver (Chair of the Audit and Finance Committee for the Chair; Chair for directors, CEO and CLO; CEO for Executives; Company Secretary or CLO for others), valid five business days, outside the four Blackout Periods running from the 20th of the last month of each quarter. Derivatives over unvested or disposal-restricted Securities are banned for all Team Members, shares cannot be sold within three months of purchase, creating a security interest is itself a Trade, and Directors' and Executives' trades must be reported to the Company Secretary within two days, with Woolworths free to publicly disclose a Director's Derivative positions."
RMD,RESMED INC,47875131567,Health Care Equipment & Services,2010-12-23,Insider Trading and Unauthorised Use or Disclosure of Confidential Information Policy and Guidelines (Rev 1.0) with Exhibit B Supplemental Policy on Section 16 Compliance Program,May 2010 (Policy dated May 2010 per Exhibit A; document saved 6 November 2010),Employees | Insiders | Specified Persons | Section 16 Persons,open,"No express ad hoc blackout power. The Global General Counsel, CEO or CFO may amend or supplement the Policy at any time with immediate effect (8.1), and the Global General Counsel (or CFO) may withhold pre-approval in his discretion for Specified Persons (6.1). Confidentiality of any such restriction is not addressed.",yes,yes,yes,yes,yes,yes,not_addressed,any_secured_financing,not_addressed,not_addressed,"Section 16 Persons: every transaction in ResMed Securities including derivative securities is reported to the SEC on Form 4 within two business days of the transaction date, prepared by the office of the Global General Counsel under power of attorney (Exhibit B 10.1, 10.3). | Section 16 Persons: broker must report the quantity and price of any trade to the Global General Counsel promptly on the day of execution (Exhibit B 10.5). | Section 16 Persons (excluding 10% stockholders): written representation at each fiscal year-end that all transactions during the year were pre-cleared (Exhibit B 10.3).",,"None for the trading window: 'Apart from these five exceptions ... there shall be no exceptions to the foregoing prohibitions' (5.1), and no hardship or court-order relief exists. The Global General Counsel (or CFO) exercises discretionary pre-approval for Specified Persons, with the Audit Committee giving final resolution of a disputed request and management unable to overrule a refusal (6.1). The Global General Counsel, CEO or CFO may amend or supplement the Policy at any time with immediate effect (8.1).",Policies on the form and terms of qualified Rule 10b5-1 plans adopted by the Global General Counsel | ResMed Employee Stock Purchase Plan and Quick Sale Program | Section 16 power of attorney in favour of the Global General Counsel and CFO,"US federal securities law: Rule 10b-5 insider trading, Rule 10b5-1 plans, Section 16(a) Forms 3/4/5, Section 16(b) short-swing profit recovery, Section 16(c) short sale ban, Rule 144 affiliate sale restrictions (Form 144, volume limits, broker's transaction) | NYSE primary listing; Australian insider trading law noted as similar for ASX-traded shares (2.1)",workable,"A funded collar is not possible in its standard form for ResMed directors and executive officers. Section 4.5 expressly prohibits Insiders (any Employee with access to material non-public information, which captures all directors and executive officers and their household members, controlled entities and trusts) from buying or selling puts or calls on ResMed Securities as speculative transactions, so both option legs are banned regardless of vesting or venue, with no hardship or discretionary exemption other than the power of the Global General Counsel, CEO or CFO to amend the Policy. The loan leg is not banned: a pledge, loan or hedge is a transaction that Specified Persons (directors, executive officers, senior management) may undertake with discretionary pre-approval from the Global General Counsel (or CFO), requested at least two business days ahead, inside a trading window that opens one full trading day after quarterly results and runs at least three weeks, and valid only for the precise period specified. A non-option hedge such as a forward or swap could in theory be pre-approved but faces Section 16(b) six-month short-swing matching, Rule 144 affiliate sale limits, Form 4 disclosure within two business days and the ban on stop-loss and limit orders outside a Rule 10b5-1 plan. Note that this is a 2010-vintage policy and current terms should be verified."
TCL,TRANSURBAN GROUP,43557765415,Transportation,2021-06-29,Dealing in Securities Policy,June 2021,"Employees | Restricted Persons | Directors, members of the Executive Committee and their Related Parties | Directors (including the CEO) and their Related Parties | Chairman and their Related Parties | Company Secretary and their Related Parties | All other Employees | Employees who have entitlements to Transurban Securities under a Transurban Equity Plan | Related Party",open,"The Transurban Board may determine any other Closed Period from time to time (5.1(c)) and may declare or extend a Closed Period to cover a hedge exercise date (5.5). The Company Secretary notifies Employees of exact Closed Period dates each year by email or internal bulletin, so Closed Periods are not confidential.",yes,yes,no,no,not_addressed,yes,not_addressed,any_financing_in_respect_of_securities,not_addressed,prohibited,All Employees: each dealing request includes a signed acknowledgement that the Employee will not obtain margin loans secured on Transurban Securities or enter into any other secured financing arrangements (Attachment A). | Directors and executives: post-dealing notification to the Company Secretary within two ASX trading days including number of Securities and consideration (6.3); Transurban notifies ASX of directors' purchases and sales within five business days (8).,,"The section 6.1 approver (Chairman for directors including the CEO; Board or Chair of the Audit and Risk Committee for the Chairman; CEO for the Company Secretary; Company Secretary for all other Employees) may approve a dealing during a Closed Period or on a short term basis in exceptional circumstances (severe financial hardship defined as inability to meet a pressing financial commitment otherwise than by selling, a court order, or other exceptional circumstances) provided the Employee holds no inside information; the Company Secretary may approve exercise of a permitted employee hedge where the Board has extended a Closed Period over the exercise date. No authority exists to waive the director/Executive Committee hedging ban, the margin lending and secured financing ban, or the short selling ban.",Continuous Disclosure Policy | Code of Conduct | Transurban Equity Plan rules (holding locks and plan terms) | Intranet list of identified Other Securities,Employees must also comply with any applicable obligations or requirements under local law in their jurisdiction (section 4),blocked,"A funded collar is not possible under Transurban's policy for any tier. Section 5.6 prohibits every Employee and their Related Parties from margin loans and any other secured financing arrangement in respect of Transurban Securities, with no approval or exceptional-circumstances route, so the loan secured on the collared shares is barred outright; each dealing request also requires a signed acknowledgement not to enter such arrangements. For directors, Executive Committee members and their Related Parties the option legs are independently prohibited by the absolute hedging ban in section 5.5. An unfunded collar over vested, unlocked securities is available only to Employees below Executive Committee level (including their direct reports as Restricted Persons, who need prior Company Secretary approval valid five ASX trading days) if it is initiated in an Open Period with the specified exercise date falling in an Open Period, outside the 1 July and 1 January Closed Periods, reported to the Company Secretary within two ASX trading days, and not over unvested or holding-locked equity plan entitlements."
ALL,ARISTOCRAT LEISURE LIMITED,36126622825,Consumer Services,2023-07-31,Share Trading Policy,1 August 2023,Employees | Designated Persons | Non-executive Directors | Senior Executives | Nominated Employees | Connected Persons,open,"Board Chairman, in consultation with the Company Secretary, may specify additional blackout periods for Designated Persons (4.1(d)); Aristocrat may also notify any Employees that they must not deal for a specified period or until further notice (3.1). Confidentiality of such notices is not addressed.",not_addressed,yes,not_addressed,not_addressed,not_addressed,not_addressed,yes,margin_loan_only,not_addressed,not_addressed,,Executive Minimum Shareholding Policy referenced: Executive Steering Committee members must confirm compliance with it in every approval request. Exclusion of hedged shares from the requirement is not addressed in this Policy.,"Exceptional circumstances (severe financial hardship, court order) approval by the 4.4 approver, on evidence that the dealing is the most reasonable course; approver may impose conditions and revoke. Board approves amendments; Company Secretary may approve minor administrative amendments.",Executive Minimum Shareholding Policy,US Rule 10b5-1 trading plans are expressly excluded from the non-discretionary trading plan carve-out,workable,"A funded collar is possible for a Designated Person (non-executive director, ESC member or direct report) over vested shares that are not subject to a plan holding lock, but only with prior written approval routed through the Company Secretary to the CEO, Chair of the Board, Chair of the Audit Committee or Company Secretary as applicable, executed within 5 business days, outside the 30 September, 31 March and pre-AGM blackouts, and satisfying the Front Page Test. The put and call legs are 'hedging' under the policy's broad definition, so they cannot cover unvested plan securities or locked shares; ESC members must also confirm compliance with the Executive Minimum Shareholding Policy. The loan leg is only expressly restricted as a 'margin lending arrangement' (Designated Persons may neither enter one nor transfer shares into a margin account), so a fixed-term loan without margin-call mechanics is not expressly barred, but the stated substance-over-form approach makes a facility with LVR triggers or lender sale rights likely to be treated as margin lending. Tenor should exceed three months to avoid the short-term dealing ban, which names forward contracts, and any unwind or settlement is a further dealing requiring fresh approval."
NST,NORTHERN STAR RESOURCES LTD,33753631919,Materials,2017-11-01,"Securities Trading Policy (NSR-COR-005-POL, Revision 6)",25 October 2017,Restricted Persons | Key Management Personnel | Senior Employees | Key Consultants or Key Contractors | Connected Persons,closed,Executive Chairman and the Lead Independent Director may declare an Additional Period (e.g. while the Company relies on Listing Rule 3.1A). Confidential: Restricted Persons must not disclose to anyone that an Additional Period is in effect.,yes,yes,not_addressed,not_addressed,not_addressed,yes,not_addressed,any_secured_financing,excluded_dealing,not_addressed,,,"Approving Officer (Company Secretary, Executive Chairman or Lead Independent Director per Section 7, on General Counsel advice) may clear trading in a Prohibited Period for severe financial hardship or other circumstances they deem exceptional, and may set a clearance validity other than 5 business days. Board approves the Policy; Company Secretary is document approver.",Securities Trading Policy Request Form (NSR-COR-005A-FOR) | Director's Disclosure Obligations document | Director's Declaration of Interest Form,,workable,"A funded collar over vested shares is possible for a Restricted Person under this policy, subject to clearance. Hedging of a person's security holding (Section 9) and margin loans or other secured lending arrangements over Company Securities (Section 10) are each expressly permitted with prior written clearance from the Approving Officer (Company Secretary for Senior Employees and consultants; Executive Chairman for non-director KMP; Executive Chairman and Lead Independent Director jointly for non-executive directors), who must take General Counsel advice and may withdraw clearance at any time; clearance is valid for 5 business days. Hedging of unvested equity-based remuneration entitlements is absolutely prohibited, and OTC options and cash-settled derivatives are expressly Company Securities so every entry, unwind or settlement is a trade needing fresh clearance and cannot occur in the half-year, full-year and quarterly Blackout Periods or a confidential Additional Period absent exceptional circumstances. A lender's enforcement disposal is an excluded trade for blackout purposes. There is no short-term dealing rule or minimum shareholding requirement, and no express disclosure obligation for the financing beyond directors' notification of holding changes."
QBE,QBE INSURANCE GROUP LIMITED,33585670041,Insurance,2026-08-17,Securities Trading Policy (STCS01),14 August 2026,Relevant Persons | Certain Relevant Persons (paragraph 6) | Directors of QBE | Members of the QBE Group Executive Committee | Direct reports of members of the QBE Group Executive Committee | Directors of the divisional statutory Boards | Members of QBE Executive Management Board | Any other Relevant Person | Closely Related Parties,closed,QBE may determine and notify any other Closed Period from time to time (4.2(a)(iii)); the deciding officer and confidentiality are not specified.,yes,yes,yes,yes,yes,yes,not_addressed,any_secured_financing,not_addressed,prohibited,,,"Assessor (Chair of the Board, Chair of the Audit Committee or Group CEO per the paragraph 5 table) may waive the Closed Period (4.2(a)) and short-term dealing (4.2(b)) rules only, for exceptional circumstances on evidence the dealing is the only reasonable course; waiver lasts 5 business days and may be withdrawn. No authority to waive the hedging or secured financing bans. QBE Board approves the Policy.",Clearance request form on QUBE (intranet),"Relevant Persons outside Australia must also comply with applicable foreign insider trading, market abuse or securities laws (4.1(c))",blocked,"A funded collar is not possible under this policy for any director, executive or employee. Hedging of QBE securities, defined to include any transaction in financial products that limits the economic risk of holding them, is prohibited at all times for all Relevant Persons and their Closely Related Parties, and 'collars' are expressly named in the derivative definition, so the put and call legs are banned over vested and unvested shares alike. The loan leg is independently prohibited: paragraph 4.2(c) bars margin lending, transfers into margin accounts and any pledging, collateralisation or use of QBE securities as security for any financing arrangement, and granting a mortgage or other right over securities is a dealing. The paragraph 5 waiver power extends only to Closed Periods and the three-month short-term dealing rule, not to hedging or secured financing, and there is no other exemption authority. Paragraph 6 persons (directors, GEC members and their direct reports, divisional board directors and EMB members) need written clearance, valid for 5 business days, for any other dealing at any time."
COL,COLES GROUP LIMITED.,31805637156,Consumer Staples Distribution & Retail,2023-06-19,Securities Dealing Policy,15 June 2023,directors and team members | Restricted Persons | directors | Executive Leadership Team | Permitted Restricted Persons | Connected Persons,closed,The Board may specify any other blackout period for Restricted Persons (5.1); the Company may notify any directors or team members that they must not deal for a specified period or until further notice (3.1) and may impose Project Restrictions based on knowledge of a potential project or transaction (4.2). Confidentiality of such notices is not addressed.,yes,yes,yes,not_addressed,yes,yes,not_addressed,any_secured_financing,excluded_dealing,prohibited,,,"Chairman of the Board (Chair of the Audit and Risk Committee for the Chairman) may approve dealing in a blackout period for exceptional circumstances, valid two clear trading days and withdrawable; no authority to waive the hedging or secured financing bans. The Policy can only be amended with Board approval.",Market Disclosure Policy (establishes the Disclosure Committee that confirms clearances),,blocked,"A funded collar is not possible for a director or Executive Leadership Team member: section 6.3(a) absolutely prohibits them and their Connected Persons from hedging any exposure to Company securities, and section 6.2 bars all Restricted Persons from any secured financing arrangement in respect of Company securities, including margin loans, transfers into margin accounts and sales to meet margin calls, with no waiver authority. For Permitted Restricted Persons (General Manager level and above, nominated team members) the put and call legs over vested, unrestricted shares are permitted as a cleared dealing with written approval from the Company Secretary (confirmed with two Disclosure Committee members), executed within two clear trading days outside the 20 June, 20 December, 1 April and 1 October blackouts, but the loan secured on those shares remains prohibited, so only an unfunded collar is available to them. Plan securities can never be hedged before vesting or while under a holding lock, and forward contracts are named as short-term dealings so tenor should exceed three months. Team members below Restricted Person level are outside sections 5 and 6 and could enter a funded collar over vested unrestricted shares subject only to insider trading law."
SIG,SIGMA HEALTHCARE LIMITED,31283434686,Health Care Equipment & Services,2020-12-10,"Share Trading Policy (SG-LSC-GP-2A1, Version 2)",10 December 2020,Team Members | Specified Persons | Directors | Executive Leadership Team Members | Associates,closed,The Board of Directors may prohibit dealing at such other times as it determines (section 10); commencement of black-out periods is notified by email alerts. Confidentiality is not addressed.,yes,yes,not_addressed,not_addressed,yes,yes,not_addressed,margin_loan_only,breach,not_addressed,,,"Chairman (CEO for the Chairman) may grant special dispensation to trade in a prohibited period for extraordinary circumstances, exercised sparingly, with legal advice available at Sigma's expense and evidence required; the Chairman also approves clearance timeframes beyond two business days. Board approves the Policy and can prohibit dealing at other times.",Code of Conduct | Director engagement terms (notification obligations for Listing Rule 3.19A and s205G),,enforcement_restricted,"The collar legs are available but the loan leg is doubtful. Derivatives, with collars and OTC put and call options expressly named, may be used over vested Sigma Shares that are not under a holding lock, so a director or executive who is a Specified Person can enter the put and call with prior written clearance from the Chairman (CEO for the Chairman), valid for two business days, outside the 31 July, 31 January and pre-AGM Closed Periods, with post-trade confirmation within three business days. Derivatives over unvested shares are absolutely prohibited, stock lending and short selling are banned, and no arrangement that could result in disposal within 12 months of acquiring the shares is permitted, so the collar should cover shares held for at least 12 months (or LTI/SPP/ESP shares). The loan secured on the collared shares is caught by section 12 if it is a 'margin loan arrangement in relation to which Sigma Shares may be used as security'; the policy's stated concern is lender-compelled sales in Closed Periods, so a facility with LVR triggers or enforcement rights is likely prohibited, while a non-margin secured loan over shares held more than 12 months is not expressly addressed and would need the Chairman's clearance. Sections 11 and 12 are addressed to Team Members, leaving their application to non-executive Directors to their engagement terms."
EVN,EVOLUTION MINING LIMITED,30502549053,Materials,2015-04-07,"Securities Trading Policy (EVN-COR-POL-003, Version 2.0)",2 April 2015,personnel | Directors and Senior Executives | designated employees | employee insiders,open,"The Company reserves the right to impose a restriction on trading during any period, including one that would otherwise fall within a permitted trading window; the Company Secretary may also designate employees as subject to trading-window restrictions at his or her discretion. Any period in which a matter constituting inside information exists is a prohibited trading period. Confidentiality of ad hoc restrictions is not addressed.",yes,yes,no,no,not_addressed,yes,not_addressed,any_secured_financing,not_addressed,prohibited,,,"Company Secretary may permit dealing outside trading windows, ordinarily only in exceptional circumstances and only if the person has no price sensitive information. Under section 6, clearance in a prohibited trading period is for a sale only (not a purchase), the determination of severe financial difficulty or other exceptional circumstances can only be made by the Executive Chairman, and prior written clearance must come from the Executive Chairman (or the Chairperson of the Audit Committee if the Executive Chairman is the applicant), with the request also provided to the Company Secretary; the sale must occur within five business days. There is no authority to waive the absolute bans in section 2 (short-term trading, short selling, secured financing, hedging unvested entitlements).",Board Charter (www.evolutionmining.com.au/_content/uploads/evn_board_charter_f.pdf) | Board Code of Conduct (www.evolutionmining.com.au/_content/uploads/evn_board_code_of_conduct_f.pdf),,blocked,"A funded collar is not possible under this policy. Section 2 prohibits all personnel, at any time, from entering into margin lending or any other secured financing arrangement in respect of the Company's securities, so a loan secured on the collared shares is banned outright with no clearance or exemption route. An unfunded collar (purchased put and written call) over vested shares is a dealing, because 'deal' includes any contract to secure a profit or avoid a loss by reference to price fluctuations and 'securities' include OTC options, swaps and other third-party derivatives; Directors, Senior Executives and designated employees may enter one only with prior written clearance from the Company Secretary, within a nominated trading window (15 or 30 days after specified releases), executed within five business days, and without price sensitive information. The collar must not limit the economic risk of any unvested entitlement, entitlement otherwise awarded or future offer, and tenor should exceed one month to avoid the short-term trading ban. Closed-period relief is available only for a sale in severe financial difficulty or under a court order, cleared by the Executive Chairman, and cannot cover collar entry or settlement."
AMC,AMCOR PLC,29923013057,Materials,2015-04-28,Share Trading Policy,27 April 2015,co-workers | Executive Team Members | Directors | Associates of Executive Team Members | Associates of Directors,closed,"The Board may specify 'any other period' as a Blackout Period from time to time; if it does, communications will be sent to those affected, so ad hoc blackouts are notified rather than confidential.",yes,not_addressed,not_addressed,not_addressed,yes,yes,not_addressed,any_financing_in_respect_of_securities,excluded_dealing,not_addressed,"co-workers, Executive Team Members, Directors and their Associates; at inception of any margin lending or other secured financing arrangement in respect of Amcor Securities; to the Company Secretary; prior consent required before entry | Directors and Executive Team Members; annually following the end of each financial year; to the Company Secretary; certification that they and their Associates are in compliance with this policy or advice of any breaches | Directors; on any change to notifiable interests in Amcor Securities, which includes indirect holdings; to the Chairman and the ASX via the Company Secretary; no later than two business days from the date the change occurred","Amcor's Minimum Shareholding Policy is referenced but not reproduced. Hedging over vested Securities must comply with it 'if applicable to you', and an Executive Team Member's pre-trade notification must confirm they will be in compliance with the minimum shareholding policy after the trade. The policy does not say whether shares subject to a hedge or pledged as collateral still count towards the minimum.","Company Secretary consents to margin lending and other secured financing arrangements (clause 17) and approves exceptional-circumstances trading by co-workers in a Blackout Period; the Chief Executive Officer or the Chairman of the Board approves exceptional-circumstances trading by Directors and Executive Team Members; the Chairman of the Board (or the Chairman of the Audit & Compliance Committee where the Chairman is involved) may deem a circumstance exceptional; the Board may designate exceptions to the Blackout Periods, as it has for US tax liabilities on LTI vesting. Any clearance may be given or refused in Amcor's sole discretion without reasons.","Amcor Minimum Shareholding Policy | Amcor employee and director option and share plan rules, including the Long Term Incentive Plan | Amcor phantom share scheme terms",,workable,"A funded collar is achievable under this policy, which is unusually permissive on the financing leg. Margin lending and other secured financing arrangements in respect of Amcor Securities are not prohibited but simply require the prior consent of the Company Secretary, and no criteria for that consent are stated, so the loan secured on the collared shares turns on a single internal approval. The put and call legs are Derivatives and Securities, so for Directors and Executive Team Members they require the clause 10 pre-trade notification to the Chairman of the Board or the CEO respectively, copied to the Company Secretary, with confirmation received before trading, execution within the nominated window of no more than two weeks, outside the 31 December and 30 June Blackout Periods and any Board-specified period, and with no inside information at signing. Hedging is absolutely prohibited over unvested plan securities, so only vested shares can be collared, and an Executive Team Member must confirm continued compliance with Amcor's Minimum Shareholding Policy after the trade, which caps the collared parcel. Tenor must exceed three months to avoid the short-term trading ban, and the structure benefits from Appendix 1 item 5, under which an involuntary disposal resulting from a secured lender exercising its rights falls outside the policy altogether, so enforcement or a margin call sale during a Blackout Period is not a breach."
STO,SANTOS LIMITED,26891560117,Energy,2020-08-03,Securities Dealing Policy (Version 2),3 August 2020,"Directors, executives and employees | Designated Persons | Directors | Connected Persons",open,"The Board or CEO controls the calendar in both directions. A Trading Window opens only by a decision of the Board or CEO, in consultation with the Disclosure Officers, and only once the Company Secretary has given written notification; Designated Persons may not assume a window is open even after the relevant announcement or AGM. A Trading Window may be varied, suspended or withdrawn by the Board or the CEO at any time, and may be opened for some or all Designated Persons only.",yes,yes,no,not_addressed,not_addressed,yes,not_addressed,any_secured_financing,breach,not_addressed,,,"Section 4.6 allows a written application to the Company Secretary to deal outside a Trading Window due to severe financial difficulty or other exceptional circumstances, cleared by the Chairman for Directors and by the Company Secretary or CEO for other Designated Personnel. That authority relieves only the Trading Window restriction in section 4.1; there is no waiver power over the section 4.9 margin lending and security ban, the section 4.8 short-term and speculative dealing ban, or the section 5 hedging ban.",Market Communication & Continuous Disclosure Policy (source of the Disclosure Officers consulted before a Trading Window is opened) | Non-Executive Director equity plan and Santos employee equity plan rules | Further guidance on the requirements of this policy and the law on the company's intranet site,,blocked,"A funded collar is not possible for any Designated Person, which covers all Non-Executive Directors, the CEO, the Executive Committee, their direct reports and every employee at Job Grade 13 or above. Section 4.9 bans not only margin lending but 'any other arrangements where any form of security is granted over Santos securities', so the loan secured on the collared shares is prohibited outright, and the only discretionary relief in the policy, section 4.6, reaches the Trading Window restriction alone and cannot waive it. The derivative legs on their own would be workable over vested, unrestricted shares, because the section 5 hedging ban stops at vesting and release from a holding lock, but they are dealings requiring prior written clearance inside a Board-notified Trading Window, valid 5 business days, revocable and conditionable at absolute discretion, and refusable on the front page test with no reasons. Tenor is also constrained: forward contracts are expressly branded speculative dealing and on-market round trips inside 3 months are prohibited, and for an off-market trade the dealing is timed at settlement, so physical settlement of a collar must itself fall in an open window. Only employees who are not Designated Persons sit outside the financing ban, and for them the policy still warns that a forced sale under a secured facility could itself breach the policy."
NWS,NEWS CORPORATION..,25941422787,Media & Entertainment,2026-08-09,Securities Trading Policy (Exhibit 19.1 to the Form 10-K for the fiscal year ended 30 June 2026),June 2013,Covered Persons | Section 16 Reporting Persons | Designated Individuals | Restricted Persons | family members and controlled entities,closed,The Company may implement additional black-out periods from time to time with regard to certain Covered Persons or groups who are aware of non-public information regarding potentially significant matters. They are confidential: any person made aware of such an additional black-out must not disclose its existence to anyone inside or outside the Company. The Board of Directors or the General Counsel may modify the Policy or grant an exception where circumstances make it appropriate.,yes,yes,not_addressed,not_addressed,no,yes,not_addressed,any_secured_financing,not_addressed,prohibited,,,"The Company's Board of Directors or the Company's General Counsel may modify the Policy or grant an exception where the circumstances make it appropriate and it is in compliance with applicable law (section 2.B). This is the only relief valve; there is no hardship, financial-need or court-order exception, and the clause is stated in the context of black-out periods but is drafted at Policy level. The General Counsel and the Legal Department also administer pre-clearance and the Rule 10b5-1 guidelines.","Proxy Statement, 'Compensation Discussion and Analysis—Securities Trading Policy and Prohibition on Hedging of News Corporation Stock' (incorporated by reference into Item 10 of the Form 10-K as the Company's insider trading policy disclosure) | The Company's equity compensation plans (govern grant, vesting, net and cashless exercise) | The Company's 401(k) retirement savings plan, pension plan and other similar plans | The Company's standardized form of Rule 10b5-1 Trading Plan, which the Company may require Covered Persons to use | SEC Rule 10b5-1, Section 16 of the Exchange Act and Rule 144 of the Securities Act","US federal securities law: Exchange Act section 10(b) and Rule 10b-5, Section 16 reporting and short-swing profit liability, Rule 10b5-1 affirmative defence and its 2022 cooling-off, certification, overlapping-plan and single-transaction conditions, and Securities Act Rule 144 | Nasdaq Global Select Market (primary listing venue; 'Trading Day' means a day on which the Nasdaq Stock Market is open for trading) | ASX: the Policy expressly treats CHESS Depositary Interests representing Class A and Class B Common Stock as Company securities, but states no separate Australian law, ASX Listing Rule 12.9 or Corporations Act overlay",blocked,"A funded collar is not available to a News Corp director or executive under this Policy. Both legs fail independently: section 2.A bans investing in Company-based derivative securities, expressly including put and call option contracts and straddles, with no venue limit so OTC options with a bank are caught, and the same section prohibits Covered Persons from hedging or pledging any equity compensation or Company securities they hold directly, which defeats the loan security as well as the hedge. The bans apply to every Covered Person and, through the Scope section, to family members and controlled entities, so a trust or holding company does not help, and the only carve-out is holding and exercising Company-granted options and RSUs. Layered on top for Section 16 Reporting Persons and Designated Individuals are quarterly black-outs running from fourteen days before quarter end until one Trading Day after results, General Counsel pre-clearance valid for five Trading Days, and a six-month minimum holding period on open-market purchases reinforced by short-swing profit disgorgement. The only conceivable route is a bespoke modification or exception approved by the Board of Directors or the General Counsel under section 2.B; absent that, the realistic alternative is a pre-cleared Rule 10b5-1 sale plan, which may trade notwithstanding the other prohibitions but whose Appendix A conditions expressly forbid any corresponding or hedging position over the plan securities."
NWSLV,NEWS CORPORATION..,25941422787,Media & Entertainment,2026-08-09,Securities Trading Policy (Exhibit 19.1 to the Form 10-K for the fiscal year ended 30 June 2026),June 2013,Covered Persons | Section 16 Reporting Persons | Designated Individuals | Restricted Persons | family members and controlled entities,closed,The Company may implement additional black-out periods from time to time with regard to certain Covered Persons or groups who are aware of non-public information regarding potentially significant matters. They are confidential: any person made aware of such an additional black-out must not disclose its existence to anyone inside or outside the Company. The Board of Directors or the General Counsel may modify the Policy or grant an exception where circumstances make it appropriate.,yes,yes,not_addressed,not_addressed,no,yes,not_addressed,any_secured_financing,not_addressed,prohibited,,,"The Company's Board of Directors or the Company's General Counsel may modify the Policy or grant an exception where the circumstances make it appropriate and it is in compliance with applicable law (section 2.B). This is the only relief valve; there is no hardship, financial-need or court-order exception, and the clause is stated in the context of black-out periods but is drafted at Policy level. The General Counsel and the Legal Department also administer pre-clearance and the Rule 10b5-1 guidelines.","Proxy Statement, 'Compensation Discussion and Analysis—Securities Trading Policy and Prohibition on Hedging of News Corporation Stock' (incorporated by reference into Item 10 of the Form 10-K as the Company's insider trading policy disclosure) | The Company's equity compensation plans (govern grant, vesting, net and cashless exercise) | The Company's 401(k) retirement savings plan, pension plan and other similar plans | The Company's standardized form of Rule 10b5-1 Trading Plan, which the Company may require Covered Persons to use | SEC Rule 10b5-1, Section 16 of the Exchange Act and Rule 144 of the Securities Act","US federal securities law: Exchange Act section 10(b) and Rule 10b-5, Section 16 reporting and short-swing profit liability, Rule 10b5-1 affirmative defence and its 2022 cooling-off, certification, overlapping-plan and single-transaction conditions, and Securities Act Rule 144 | Nasdaq Global Select Market (primary listing venue; 'Trading Day' means a day on which the Nasdaq Stock Market is open for trading) | ASX: the Policy expressly treats CHESS Depositary Interests representing Class A and Class B Common Stock as Company securities, but states no separate Australian law, ASX Listing Rule 12.9 or Corporations Act overlay",blocked,"A funded collar is not available to a News Corp director or executive under this Policy. Both legs fail independently: section 2.A bans investing in Company-based derivative securities, expressly including put and call option contracts and straddles, with no venue limit so OTC options with a bank are caught, and the same section prohibits Covered Persons from hedging or pledging any equity compensation or Company securities they hold directly, which defeats the loan security as well as the hedge. The bans apply to every Covered Person and, through the Scope section, to family members and controlled entities, so a trust or holding company does not help, and the only carve-out is holding and exercising Company-granted options and RSUs. Layered on top for Section 16 Reporting Persons and Designated Individuals are quarterly black-outs running from fourteen days before quarter end until one Trading Day after results, General Counsel pre-clearance valid for five Trading Days, and a six-month minimum holding period on open-market purchases reinforced by short-swing profit disgorgement. The only conceivable route is a bespoke modification or exception approved by the Board of Directors or the General Counsel under section 2.B; absent that, the realistic alternative is a pre-cleared Rule 10b5-1 sale plan, which may trade notwithstanding the other prohibitions but whose Appendix A conditions expressly forbid any corresponding or hedging position over the plan securities."
BXB,BRAMBLES LIMITED,25914862138,Commercial & Professional Services,2017-07-03,Securities Trading Policy,3 July 2017,Designated Persons | Directors | Chairman | Other employees | Connected persons,closed,"Brambles (no officer specified) may impose additional periods when price sensitive information may exist; these with Closed Periods are 'Prohibited Periods'. Confidentiality of the ad hoc period itself is not addressed, but a person told they cannot Deal must not communicate that fact to others.",yes,yes,no,no,not_addressed,yes,not_addressed,any_secured_financing,breach,prohibited,,,"The approver under 3.1 (Chairman, or Deputy Chairman/CEO, or Company Secretary) may in their discretion approve a sale or disposal during a Prohibited Period for severe financial hardship or exceptional circumstances (court order, overriding legal requirement, or other circumstances the Chairman or CEO deems exceptional), in advance only and on a declaration of no inside information. No authority exists to waive the derivatives ban (2.4) or the Security Interest ban (2.5).",,,blocked,"A funded collar is not possible under this policy. Section 2.4 bans Designated Persons (Directors, ELT, Band 4 and above, HQ staff and their connected persons) from trading any Brambles Derivatives, a term that expressly includes options granted by third parties and collars, so the purchased put and written call are prohibited outright over vested and unvested shares alike. Section 2.5 separately bans granting any pledge, lien, charge, mortgage or other encumbrance over Brambles Securities, so the loan secured on the collared shares is also prohibited, and the policy warns that a lender's enforcement sale in a Closed Period would itself be a breach. Neither ban has an approval or exemption route; the hardship and exceptional-circumstances discretion only covers sales or disposals during Prohibited Periods. The only financing left open is an investment loan that takes no security over Brambles Securities."
JHX,JAMES HARDIE INDUSTRIES PLC,24065489830,Materials,2011-05-16,Insider Trading Policy,May 2011,Insiders | Designated Persons | Directors | Associates,open,"The Compliance Officer (the General Counsel, or if unavailable the Company Secretary) may prohibit some or all Insiders and their Associates from Dealing in specific Securities or Company Securities, and may further prohibit one or more groups of Insiders and Associates from Dealing during certain periods, including Open Periods. All such decisions must be recorded in the Compliance Officer's register. The Board may also determine Black-out Periods 'or such other time as determined by the Board from time to time'. The policy does not say whether these prohibitions are confidential, but Insiders may inspect the register only to the extent it concerns them.",yes,not_addressed,yes,not_addressed,not_addressed,yes,yes,not_addressed,not_addressed,not_addressed,"Designated Persons; inception of any pledge (a pledge is a Deal); Compliance Officer; written notice not less than five ASX trading days before the intended Dealing, plus subsequent confirmation of the Dealing | Directors; any resulting change to their relevant interest in Company Securities; the Company, for ASX Appendix 3Y lodgment; within two ASX trading days",,"An employee may request a specific exemption from the Section 2 prohibitions (including the Hedging Transaction and Short Swing Profit bans), setting out reasons and the Section 7 information. An exemption is granted only if the Company is satisfied there are good reasons to waive the prohibition, for instance employee hardship, and that approval will not undermine the underlying spirit of the Policy and applicable securities laws. Approved by the CFO or General Counsel, or, for a Director or a direct report to the CEO, by the Chairman of the Board or the Audit Committee; all exemptions granted are reported to the Board. Other than exemptions expressly approved this way, 'there are no exceptions to this Policy'.","Appendices to the Policy summarising certain provisions of Australian, U.S. and Irish law (stated to form part of the Policy but not contained in the lodged document) | Code of Business Conduct and Ethics | Market Communication Policy | Register maintained by the Compliance Officer of designated persons, prohibitions, clearance requests and clearances granted | List of other Securities designated by the Compliance Officer from time to time (available only on request to the Compliance Officer)","Australia: Corporations Act 2001 (Cth) s 1043A insider trading, ss 182-183 improper use of information, s 1041A market manipulation, s 1041E false and misleading statements | United States: U.S. Securities Exchange Act of 1934, U.S. Securities Act of 1933 and the rules, regulations and case law thereunder (the Short Swing Profit concept mirrors s 16(b)) | Ireland: the Company is a Societas Europaea domiciled in Dublin and the appendices summarise Irish law",workable,"A funded collar is not available to a director or senior executive of James Hardie without a specific exemption. Designated Persons, which expressly include all Directors, the CEO, CFO, Financial Controller and Vice Presidents, and their Associates 'must not engage in Dealings undertaken for Short Swing Profit or Hedging Transactions at any time', and the Hedging Transaction definition names call and put options and any other derivative that limits the economic risk of Company Securities, so both collar legs are banned outright regardless of vesting state or window. The only route is a Section 6 specific exemption from the Section 2 prohibitions, granted by the CFO or General Counsel (or, for a Director or a direct report to the CEO, the Chairman of the Board or the Audit Committee) on hardship-style good reasons that do not undermine the spirit of the Policy, and reported to the Board. The funding leg is by contrast unconstrained: the policy says nothing about margin lending, secured financing, margin calls or forced sales, and the only requirement is that the pledge, being within the definition of Deal, be pre-cleared in writing five ASX trading days ahead and executed inside the four-week Open Period that starts two trading days after a quarterly announcement. Below Designated Person level a collar over vested shares is genuinely available, needing only an Open Period execution, no Inside Information, and notification to the Compliance Officer within 7 days after dealing."
S32,SOUTH32 LIMITED,23509185267,Materials,2022-12-05,Securities Dealing Policy,29 November 2022,Employees | Restricted Employees | KMP | South32 Lead Team members | PCAs,closed,"Section 4.3(c) allows 'any other period that is specified as a closed period for dealings from time to time', including a period specified if required by applicable law; the Policy does not name who specifies it. Separately, Company Secretariat may notify an Employee that they are a Restricted Employee and must not deal whilst their name is on a specific distribution list, a confidential project list or an insider list. The Policy does not say whether such designations are announced or kept confidential.",yes,not_addressed,yes,not_addressed,yes,yes,not_addressed,any_secured_financing,not_addressed,not_addressed,"KMP and their PCAs; any dealing, which expressly includes using the Company's shares as security for a loan; Company Secretariat; by close of business at the latest on the day of the dealing | KMP and their PCAs; any dealing; UK Financial Conduct Authority; within three business days of the dealing | KMP; any dealing; ASX (by Company Secretariat); ASX lodgement within five business days of the Director's dealing, LSE announcement within two business days of receipt of notification",,"Two routes. Section 8.2: the relevant approver (Chair of the Board, Chair of the Risk and Audit Committee, CEO or delegate, or Company Secretary depending on tier) may determine that the Policy does not apply to other types of dealings, provided no law or regulation is breached. Section 7.2: in exceptional circumstances the same approvers may permit a sale, but not a purchase, during a closed period, on evidence that sale is the only reasonable course of action and that approval is permitted under Australian and UK law. Neither route is expressed as available to waive the section 6.9 restricted dealings, although the section 8.2 wording is open-ended.","Securities Dealing Procedure (sets out how Employees implement the Policy and how approval requests must be made) | Code of Business Conduct and Values | ASX Listing Rules Guidance Note 27 (section 6.1 list, referenced in clause 8.2)","UK: LSE listing; KMP and their PCAs must notify the UK Financial Conduct Authority of dealings within three business days, and closed-period relief must be permitted under UK as well as Australian law | South Africa: JSE listing; Company Secretariat discloses KMP dealings to the Johannesburg Stock Exchange | United States: ADR programme (SOUHY) | Australia: ASX Listing Rules and Guidance Note 27; ASX lodgement of Director dealings within five business days",blocked,"A funded collar is not possible for a South32 director, KMP or Lead Team member. Section 6.9 imposes a flat, approval-free ban on four things a funded collar requires: trading derivative products issued over or in respect of South32 securities, entering hedging arrangements that limit exposure to those securities, entering margin lending or other secured financing arrangements in respect of them, and dealing on a short-term (three month) basis; the bans are not confined to unvested or plan securities and extend to spouses, controlled companies and trusts through the PCA definition. The only relief mechanisms are sale-only approvals in exceptional circumstances during a closed period and the open-ended section 8.2 power for the relevant approver to determine that the Policy does not apply to other types of dealings, which is illustrated only by routine Guidance Note 27 exclusions and should not be relied on without a board-level waiver. Below Lead Team level the position differs sharply: section 6.9 does not apply to ordinary Employees or notified Restricted Employees, for whom the option and loan legs are simply dealings requiring, at most, prior approval from the CEO or Company Secretary outside a closed period. Any transaction that were approved must be executed within two business days and, for KMP and their PCAs, notified to Company Secretariat by close of business on the day of dealing and on to ASX, LSE, JSE and the UK FCA."
CPU,COMPUTERSHARE LIMITED.,22973534420,Commercial & Professional Services,2015-06-16,Securities Trading Policy,11 June 2015,Computershare Person | Designated Person | Director | Connected Person,open,"The Board may designate any other period as a Prohibited Period from time to time; it must be notified to each Designated Person, so it is not confidential as against them. The Policy does not say whether such a designation is announced to the market.",yes,yes,no,not_addressed,not_addressed,yes,not_addressed,not_addressed,excluded_dealing,not_addressed,"Designated Person; on the lender demanding payment where there is a risk it cannot be met without disposing of Computershare Securities (not at inception, and not annually); the relevant Nominated Director; immediately | Director; any Deal (including entry into a Derivative); the Company Secretary, then ASX under Listing Rule 3.19A; within two business days of the Dealing, ASX lodgement within five business days, disclosing whether clearance was granted to Deal during a Prohibited Period","No minimum shareholding requirement. Section D.9 only encourages each director, officer and employee to be a long-term holder of Computershare Securities.","The Nominated Director has sole discretion to grant clearance to sell (but not purchase) during a Prohibited Period on severe financial hardship or other exceptional circumstances, and must be satisfied the disposal is the only reasonable course of action. The Board may determine exceptional circumstances permitting cancellation of a Trading Plan during a Prohibited Period, and only the Board may amend the Policy. There is no general power to waive the D.5 hedging ban or the D.10 short selling ban.","Computershare Deferred Long Term Incentive Plan and other employee equity incentive plan rules (referred to but not set out; disposal restrictions on vested awards are determined under those rules) | Schedule 1 list of Designated Persons, as extended by persons nominated by the Group CEO or Group CFO from time to time | ASX Listing Rule 3.19A notification","The Policy expressly does not deal with foreign law, while noting that foreign insider trading laws may apply to directors, officers and employees residing outside Australia",workable,"A funded collar is achievable for a Computershare Designated Person over fully vested Securities, and this is one of the most permissive policies in the set. Section D.5 bans hedging only of unvested incentive awards and vested awards still subject to disposal restrictions, and then expressly states that once hurdles are satisfied and disposal restrictions lifted, Derivatives may be used, with the definition of Derivatives naming collars outright. There is no prohibition on margin lending or secured financing: the loan leg is unregulated at inception, the only obligation being immediate notice to the Nominated Director once the lender demands payment in circumstances where Computershare Securities may have to be sold, and an involuntary disposal by the lender is then an exempt Dealing even in a Prohibited Period. Conditions are that every derivative leg needs prior written clearance from the Nominated Director (the Chairman of the Board for Directors, the CEO for other Designated Persons, responded to within two business days and dealt on as soon as possible), that entry falls outside the 15 June and 15 December Prohibited Periods and ideally inside one of the three four-week Dealing Windows, that the structure is fully covered by shares held so as not to offend the absolute short selling ban, and that a Director's dealing will be disclosed to the ASX within five business days."
REA,REA GROUP LTD,22217378881,Media & Entertainment,2026-05-08,Securities Dealing Policy,6 May 2026,"directors, employees and contractors | Restricted Persons | Directors | Members of the Executive Leadership Team | Connected Parties",closed,"The REA Board, or the Chairman of the Board acting alone, may determine any other period to be a Blackout Period. The Policy does not say whether such a determination is announced or kept confidential, but it also provides that REA may monitor dealings and block dealings it considers to be in breach, and may apply blocks or restrictions on securities held under an employee share scheme by the scheme administrator.",yes,yes,yes,not_addressed,yes,yes,not_addressed,any_secured_financing,excluded_dealing,prohibited,"Directors; on executing any cleared dealing (including entry into a hedge or grant of security, each of which is a dealing); the Company Secretary, to support REA's ASX Listing Rule disclosure obligations; within two business days of executing the dealing | Restricted Persons; before entering any margin loan or other secured lending arrangement, before transferring REA Securities into an existing margin loan account, and before selling REA Securities to satisfy a margin call; the Company Secretary (or the CEO if during a Blackout Period) via the Securities Dealing Request Form; prior written clearance, valid five business days",,"There is no power to waive the absolute prohibitions in sections 5.2(a) and 5.3 on Directors and Executive Leadership Team members hedging or entering secured financing; the only relief in the Policy is grandfathering of margin loan and secured financing arrangements duly approved under earlier versions of the Policy. For Blackout Periods, clearance to deal in exceptional circumstances (severe financial hardship or compliance with a court order) may be granted by the CEO, or by the Chair of the Board with the CEO or Company Secretary for directors. Clearance is discretionary, may be refused without reasons, may be withdrawn at any time before dealing, and is automatically withdrawn if Inside Information was withheld or subsequently arises.","Employee share and equity incentive plan rules (which determine vesting, holding locks and dealing restrictions, and under which the scheme administrator may apply blocks) | REA's annual report, which lists the employees and directors considered key management personnel","The Policy applies to directors, employees and contractors of REA or any of its subsidiaries in any part of the world, and notes that insider trading laws exist in many other countries | Australia: the Policy flags that for key management personnel, entering into a hedge or derivative over unvested or vested but holding-locked REA Securities is also an offence under the Corporations Act 2001 (Cth)",blocked,"A funded collar is not available to an REA director or Executive Leadership Team member. Section 5.2(a) bans them and their Connected Parties from hedging their exposure to REA Securities at all, with the hedging definition naming OTC products and collars specifically, and section 5.3 separately bans them from margin loans and any secured financing arrangement in respect of REA Securities; neither prohibition has a clearance route or hardship waiver, and the only relief is grandfathering of arrangements duly approved under earlier versions of the Policy. For Restricted Persons below that level the answer is different and unusually permissive: a hedge over vested REA Securities and the grant of security or a secured lending arrangement, including over unvested shares, are each permitted with prior written clearance from the Company Secretary, valid for five business days and revocable at any time before dealing. Any such structure must sit outside REA's four quarterly Blackout Periods, must not involve short selling or a buy and sell within three months without further clearance, and must not touch securities that are unvested or under a plan holding lock, which cannot be hedged at all. Lender enforcement is a helpful carve-out, being exempt from both blackouts and clearance, but a borrower selling to meet a margin call needs clearance, and a director's cleared dealing must be reported to the Company Secretary within two business days for ASX disclosure."
FPH,FISHER & PAYKEL HEALTHCARE CORPORATION LIMITED,21470861835,Health Care Equipment & Services,2013-08-29,Securities Dealing Policy and Guidelines (with Additional Dealing Restrictions for Restricted Persons),27 August 2013,"Directors, officers and employees | Restricted Persons",closed,"None stated. The Chief Financial Officer may add persons to the Restricted Persons tier by notification, but no one is given power to impose additional black-out periods.",yes,yes,no,no,not_addressed,yes,not_addressed,not_addressed,excluded_dealing,not_addressed,,,"The Board may approve updates, amendments to and exemptions to the policy, implemented by posting on the intranet. Approvers (any two directors, or a director and the CFO) may consent to dealing in a black-out period in exceptional circumstances (severe financial hardship, court order, or anything they deem exceptional) where sale or disposal is the only reasonable course; such consent is valid 5 business days.",Securities Markets (Disclosure of Relevant Interests by Directors and Officers) Regulations (NZ) | ASX Listing Rules,New Zealand insider trading law and NZSX (primary listing; results releases to NZSX anchor black-outs) | Securities Markets (Disclosure of Relevant Interests by Directors and Officers) Regulations (NZ) | Australian insider trading law and ASX Listing Rules,workable,"A funded collar over vested shares is possible under this 2013 policy. The purchased put and written call are financial products created over FPHC securities and therefore 'Restricted Securities', so a Restricted Person (director, CEO direct report, KMP or their controlled trust or company) must notify the CFO in writing and obtain consent from two directors or a director and the CFO, execute within 15 trading days, deal outside the black-out periods (30 September to the half-year results release, 30 days before balance date to the full-year results release, and 30 days before a prospectus), hold no material information, and advise the CFO promptly afterwards. The loan secured on the collared shares faces no restriction: margin lending, secured financing, hedging and encumbrances are not regulated, and a secured lender's enforcement sale is expressly excluded from the additional dealing restrictions (though still subject to insider trading law). Non-Restricted employees need no consent at all. Unwind, roll or physical settlement of the collar by the executive is a fresh dealing requiring new consent outside black-outs, and the 2013 date suggests confirming the policy remains current."
ORG,ORIGIN ENERGY LIMITED,20156147751,Utilities,2025-03-11,Dealing in Securities Policy,11 March 2025,Origin Personnel | Directors | ELT & ELT Direct Reports | All other employees | Associates,closed,"Company Secretary, in conjunction with the Chief Executive Officer, may impose and lift an 'Additional Prohibition' due to activity or knowledge within Origin. Confidential: it is unlikely to be announced; a person requesting clearance may be told on a confidential basis that a prohibition exists but not why or for how long.",yes,yes,no,no,not_addressed,yes,not_addressed,any_financing_in_respect_of_securities,breach,prohibited,,,None. Dealing during a Closed Period or Additional Prohibition 'will not be permitted' (8.2) and there is no hardship or discretionary waiver; the Board approves only material changes to the Policy.,,,blocked,"A funded collar is not possible under this policy. The unfunded derivative legs (purchased put and written call) over vested shares are a Dealing that Directors may enter with prior written clearance from the Chairman and Company Secretary (Manager and Company Secretary for ELT and their direct reports), executed within 2 business days, outside the 1 July and 1 January Closed Periods and any confidential Additional Prohibition, and not over plan securities that remain unvested or subject to performance hurdles. However, section 7.1 expressly bans margin lending and any other secured financing arrangement in respect of Origin Securities for all personnel and their Associates, with no exemption authority, so a loan secured on the collared shares is prohibited outright. A lender's forced sale in a Closed Period is a serious breach that may lead to dismissal, and there is no hardship relief. Tenor should exceed three months to avoid the short-term dealing ban, and any unwind or settlement is itself a Dealing requiring fresh clearance."
SUN,SUNCORP GROUP LIMITED,19981969003,Insurance,2022-05-10,Suncorp Securities Trading Policy,,"Suncorp Directors, Employees and Contractors | Prescribed Persons | Suncorp Directors | Executive Leadership Team | Connected Persons",closed,"The Suncorp Board of Directors may determine from time to time that any other period is to be a Closed Period. Separately, the Company Secretary may place individuals who may possess Price Sensitive Information on a 'Restricted List'; those individuals are told they are prohibited from Dealing and are told when the prohibition is lifted, but the policy does not say the list itself is announced.",yes,yes,yes,not_addressed,yes,yes,not_addressed,any_secured_financing,excluded_dealing,not_addressed,"Prescribed Persons and Connected Persons: at inception of a new or increased Margin Loan or other use of Suncorp Securities as collateral in a financial transaction, the request is made to the Company Secretary and reviewed by the Suncorp Chairman or the Group CEO before the arrangement may be entered into (section 6). | Suncorp Directors and Executive Leadership Team: after any Dealing (which includes granting a security interest over Suncorp Securities) by them or their Connected Persons, to the Company Secretary, within three business days (section 4). | Prescribed Persons: must keep, and produce to the Company Secretary on request, a register of every Dealing by themselves and their Connected Persons with supporting material such as contract notes (section 4, Record keeping).",,"'Policy Exemptions: No exemptions apply to this Policy.' The only relief routes are the Section 3 Exempt Dealing categories and a Section 8 waiver for Exceptional Circumstances, granted by the Suncorp Chairman (Directors), the Audit Committee Chairman (the Chairman) or the Group CEO (other Prescribed Persons), each acting through the Company Secretary. No one has power to waive the section 5.1 hedging ban or the section 5.2 short-term dealing and short selling bans, which are not expressed as Closed Period restrictions and so fall outside the waiver mechanism.",Policy Definitions Standard (defines commonly used terms and phrases not otherwise defined in this Policy),"ASX Listing Rule 12.10 (the policy is lodged under it) and Listing Rule notification of Directors' interests, which is the stated reason for the three business day post-trade notification | Corporations Act 2001 (Cth) insider trading provisions | Suncorp has an ADR programme (ADR: SNMCY) but the policy imposes no US-specific overlay",workable,"A funded collar is not possible under this policy, and the obstacle is the hedging ban rather than the financing. Section 5.1 prohibits all Suncorp Directors, Employees and Contractors from entering any hedging transaction designed to limit the economic risk of holdings in Suncorp Securities, and that ban is drafted around holdings generally, with unvested performance rights expressly swept in, so a purchased put and written call over vested unrestricted shares is caught; there is no clearance, waiver or exemption route out of it, because the Section 8 Exceptional Circumstances waiver only lifts Closed Period restrictions and the policy states that no exemptions apply. By contrast the loan leg would be workable in isolation: granting a mortgage, lien or charge over Suncorp Securities is a Dealing requiring prior written clearance, section 6 expressly contemplates a new or increased Margin Loan or 'other use of Suncorp Securities as collateral in a financial transaction' subject to personal review by the Suncorp Chairman or Group CEO who may impose any terms they see fit, and an involuntary disposal by a secured lender exercising its rights is an Exempt Dealing that can occur even in a Closed Period. If the hedging ban were ever amended, a structure would still need clearance for each leg from the Chairman (Directors) or Group CEO (other Prescribed Persons), execution within a specified period of no more than five business days, entry outside the 1 January, 1 July and pre-AGM Closed Periods and off the Restricted List, notification to the Company Secretary within three business days for Directors and ELT members, and a tenor beyond six months to avoid the short-term dealing ban on forward contracts."
SCG,SCENTRE GROUP,18721337412,Equity Real Estate Investment Trusts (REITs),2024-02-23,Security Trading Policy,20 February 2024,"Scentre Group Directors, officers and employees | Restricted Persons | Specified Persons | Designated Persons | Key Management Personnel | Associates",closed,"The Board may extend a blackout period or specify any additional period as a blackout period. Separately, the Chief Executive Officer has discretion to impose ad hoc restrictions on certain employees at times when matters subject to ASX Listing Rule 3.1A are being considered by employees directly involved in or with knowledge of those matters. The policy does not say either is announced, and a person refused clearance must keep the refusal confidential.",yes,yes,no,not_addressed,yes,no,not_addressed,margin_loan_only,excluded_dealing,not_addressed,"Restricted Persons (including Specified Persons, Designated Persons and Key Management Personnel): at inception of any loan arrangement secured by a security interest granted in respect of Scentre Group Securities that is not a margin lending arrangement, prior approval must be obtained from the Company Secretary before entering into the arrangement (section 11(b)). | Restricted Persons: consult the Company Secretary where uncertain whether an arrangement is properly classified as a margin lending or security arrangement (section 11(b)). | Specified Persons and Designated Persons: after any trade, notify the Company Secretary within two business days; Scentre Group Directors within sufficient time for a Listing Rule 3.19A notice to be prepared and announced to ASX (section 5.3).",,"No general exemption power. The only relief from blackout periods is an exceptional circumstances notice under section 6, which can be issued only by a Clearance Officer (the Clearance Committee for Specified Persons, the CEO for Designated Persons, the CFO or Company Secretary for other Restricted Persons), only to a person not holding unpublished market sensitive information, only for severe financial hardship, a court order or court enforceable undertaking or other exceptional circumstances, and only in respect of a sale, not a purchase. Clearance Officers are told to exercise the discretion with caution if in any doubt, and Scentre Group may have to notify the nature of the exceptional circumstances to ASX. No one is given power to waive the margin lending, short selling or short-term trading prohibitions in section 11.","Hedging of Executive Awards and Performance Rights Policy (contains the operative hedging prohibitions referred to in sections 3 and 10(b)) | Scentre Group Code of Conduct, Acting with Integrity | Continuous Disclosure and Communications Policy | Securities Dealing Request Form (available from the Company Secretary)","ASX Listing Rule 12.10 (lodgement), Listing Rule 3.19A (Director interest notices) and Listing Rules 3.1 / 3.1A (basis for the CEO's ad hoc restrictions) | Corporations Act 2001 (Cth) insider trading provisions | Stapled structure: the policy covers Scentre Group stapled securities and, separately, units in the Carindale Property Trust, each with its own blackout calendar",workable,"A funded collar over vested, released Scentre Group stapled securities is possible under this policy, and it is one of the more accommodating policies for the structure. There is no general hedging ban: section 10(b) prohibits hedging only of unvested awards and of awards that have vested but remain in a holding lock or subject to deferral of delivery, so unrestricted holdings are outside it, although the separate Hedging of Executive Awards and Performance Rights Policy must be reviewed because the operative prohibitions live there. Critically, section 11(b) confines the margin lending ban to arrangements properly described as margin lending and expressly permits other loan arrangements secured by a security interest over Scentre Group Securities, subject only to the prior approval of the Company Secretary, and section 9(f) treats a disposal resulting from a secured lender exercising its rights as excluded trading even for Key Management Personnel, with the carve-back applying only to margin lending. The conditions are that the derivative legs and any share disposal need prior written clearance from the Clearance Committee (Specified Persons, including Directors and KMP) or the CEO (Designated Persons), must be executed within three business days of clearance and outside the 1 January and 1 July blackout periods and any Board or CEO ad hoc restriction, must be notified to the Company Secretary within two business days (and in time for a Listing Rule 3.19A notice for Directors), and the facility must be documented so that it is not a margin loan and the collar has a tenor of at least three months and is not presented as short-term or speculative, since clearance must be refused on that ground."
PME,PRO MEDICUS LIMITED,18430590872,Health Care Equipment & Services,2011-01-05,Share Trading Policy,5 January 2011 (cover letter states effective 1 January 2011),PME Directors | PME Employees | Chairman,open,"The Board or Chairman may from time to time declare any other period to be a Blackout Period; the Company Secretary notifies Directors and Employees of the precise opening and closing dates (so not confidential as to existence). Separately the Chairman may reduce the length of any Trading Window, and may notify any one or more Directors or Employees that they cannot Deal during part or all of a Trading Window.",yes,yes,no,not_addressed,not_addressed,yes,not_addressed,not_addressed,not_addressed,not_addressed,PME Directors and PME Employees; trigger: following each Dealing in PME Securities; to the Company Secretary; deadline unspecified ('Following the Dealing'); content: full details of the Dealing including details of any margin lending or other security arrangement affecting those securities | PME Directors; trigger: notifiable interests and Dealings generally; to the ASX/company under the Corporations Act and Listing Rules and under the director's letter agreement with Pro Medicus; deadline as prescribed by those requirements,,"The Chairman (the Board in the case of the Chairman) may give prior written approval for a Dealing outside a Trading Window where there are exceptional circumstances such as severe financial hardship and the person confirms in writing to the Board that they hold no Inside Information; approval and any conditions (including disclosure) are entirely at the Chairman's or Board's discretion and the Dealing must occur within 7 days. No approval can override the Blackout Period prohibition in section 9 on its face, and the Board must approve any amendment to the Policy.",Pro Medicus Share Plan rules | Pro Medicus Option Plan rules | Any other employee incentive scheme rules from time to time | Letter agreement between each PME director and Pro Medicus relating to notifiable interests and notification of Dealings,,workable,"A funded collar is possible under this policy, which is a short 2011 insider-trading document with no substantive prohibitions on hedging, derivatives, margin lending or secured financing. Both collar legs are PME Securities because the definition expressly captures equity swaps, hedges and exchange-traded or over-the-counter options, cash-settled or not, so entering, rolling, unwinding and settling the collar are each Dealings that require prior written notice of intention to the Company Secretary, a written confirmation of no Inside Information, and advice from the Company Secretary that there is no known reason to preclude the Dealing, with execution inside 7 days. Dealings must fall within one of the three 30-day Trading Windows after the full-year results, half-year results and AGM, outside the two four-week Blackout Periods and any ad hoc Blackout the Board or Chairman declares, and the Chairman may shorten a window or bar an individual; out-of-window execution needs the Chairman's (or for the Chairman, the Board's) approval on exceptional circumstances such as severe financial hardship, subject to any conditions including disclosure. The secured loan is not itself a Dealing and is not prohibited, but full details of any margin lending or other security arrangement affecting the shares must be reported in writing to the Company Secretary after the Dealing, and directors must also meet their notifiable interest obligations and their letter agreement with the company. The main residual risks are the narrow dealing calendar with no forced-sale carve-out, and the rules of the Pro Medicus Share and Option Plans, which are incorporated by reference and may impose hedging or encumbrance restrictions on plan shares that this policy does not."
IAG,INSURANCE AUSTRALIA GROUP LIMITED,18399689299,Insurance,2023-11-30,Group Security Trading Policy,30 November 2023,"Directors, Employees & Contractors | Specified Persons | Non-Executive Directors of a Specified Board | IAG Board Chair | Closely Related Parties",open,"The IAG Board may vary, suspend or terminate Trading Windows arrangements, conditionally or unconditionally, at any time; Specified Persons are notified of windows by e-mail and must not assume a window is open in the absence of notification. The Board approves the opening of Trading Windows. Separately, approvers may refuse consent or impose conditions at any time without giving reasons, and a refusal must be kept confidential.",yes,yes,no,not_addressed,not_addressed,yes,not_addressed,any_secured_financing,not_addressed,prohibited,,"Mandatory Holdings is defined as the minimum holding of IAG ordinary shares required to be attained by IAG Directors and by the GCEO and GLT in accordance with IAG's Mandatory Shareholding Requirement Policy, which is listed as a related document. The definition is not tied to any operative clause of this Policy, and the Policy is silent on whether hedged or encumbered shares count toward the requirement.","The IAG Board Chair (the IAG Board Audit Committee Chair where the request is from the Chair) may consent to a Specified Person Dealing outside a Trading Window in Exceptional Circumstances, on evidence, if the trade is the most reasonable course of action available and the person holds no Inside Information and satisfies the front page test; the trade must be completed within 5 business days unless otherwise specified. That relief goes only to the Trading Window requirement. No officer has power to waive the hedging prohibitions in clauses 32 and 33, the margin lending and collateral prohibition in clause 34 or the three-month short-term trading ban in clause 30; only the IAG Board can change the Policy itself (the Group General Counsel & Company Secretary may make minor administrative changes and approve changes to the Specified Persons list).","IAG Code of Ethics & Conduct | Group Continuous Disclosure Policy | Group Fit and Proper Policy | Mandatory Shareholding Requirement | Group Remuneration Policy | Terms and conditions of employment contracts and Non-Executive Directors' letters of appointment | Trading Consent Request form | Exceptional Circumstances Trading Consent Request form | IAG Securities Dealing Report | Rules of IAG employee, executive and director equity plans (holding locks and dealing restrictions) | IAG Policy intranet page list of Specified Persons",New Zealand: IAG is listed on the NZX and the Financial Markets Conduct Act 2013 insider trading regime applies alongside the Australian Corporations Act 2001 | Australia: ASX Listing Rule 12.10 and Guidance Note 27; Appendix 3Y director notifications,blocked,"A funded collar is not possible for IAG Specified Persons, the population that includes the directors and executives a bank would target. Clause 34, added by the 30 November 2023 amendment, prohibits Specified Persons and their Closely Related Parties from using IAG Securities as collateral in any financial transaction, with margin lending and transfers into a margin account given only as examples, and no approver has power to waive it. The derivative legs alone are also constrained: instruments that limit economic risk are themselves IAG Securities, so entry, roll and unwind each require a Trading Consent Request approved by the Group General Counsel & Company Secretary (or, for Non-Executive Directors, the more senior approver route), inside one of the three roughly 20 business day Trading Windows, valid for only 5 business days, subject to the front page test whose refusal is final and confidential, and subject to the three-month short-term trading ban. Plan shares can never be hedged before vesting or while under a holding lock, so only fully vested unrestricted shares are candidates, and any price-triggered or conditional feature must be both placed and executed within a window. A collar could in principle be offered on an unsecured basis over vested unrestricted shares, and Directors, Employees and Contractors who are not Specified Persons are not caught by clauses 30 or 34 at all, but for the target population the funded structure is barred."
PLS,PLS GROUP LIMITED,17678188289,Materials,2016-10-11,Securities Trading Policy,6 October 2016,Restricted Persons | Key Management Personnel | Employees | Managing Director | Chair | Connected Person,closed,"The Board may impose an 'Additional Period' from time to time, for example because the Company is considering matters that would require disclosure to the market but for Listing Rule 3.1A. It is confidential: 'Restricted Persons must not disclose to anyone that an Additional Period is in effect'.",yes,yes,no,not_addressed,not_addressed,yes,not_addressed,any_secured_financing,excluded_dealing,not_addressed,"Key Management Personnel / Chair (directors): trigger is any change in Company Securities held directly or indirectly, including changes arising from secured financing; to the Company Secretary; as soon as reasonably possible. Directors are separately reminded of the s205G Corporations Act 14-day notification obligation.",,"The relevant Approving Officer (section 7) may grant prior written clearance to trade during a Prohibited Period where the circumstances are exceptional (severe financial hardship, court order or other overriding legal or regulatory requirement, or any other circumstance the Approving Officer deems exceptional). The same Approving Officers grant clearance for hedging, margin loans and other secured lending, and non-discretionary trading plans. There is no Board-level waiver of the absolute ban on hedging unvested entitlements.",Company form entitled 'Request for Prior Written Clearance to Trade in Company Securities',,workable,"A funded collar is possible under this policy, subject to discretionary approval. Section 10 permits transactions that limit the economic risk of a Restricted Person's holding, and section 11 permits margin loans and other secured lending in relation to Company Securities, in each case only with prior written clearance from the appropriate Approving Officer (the Chair for a director or KMP, the Chair of the Audit and Risk Committee for the Chair, the Managing Director for nominated Employees). The structure must be confined to vested shares, because limiting the economic risk of unvested equity scheme entitlements is prohibited absolutely with no clearance route. Execution must fall outside the four Blackout Periods (half-year, annual and the March and September quarterly reports) and any confidential Board-imposed Additional Period, must not be done while holding Inside Information, and must be completed within the five business days for which clearance is valid unless the Approving Officer states a longer period. Helpfully for the bank, a disposal resulting from a secured lender exercising its rights is expressly excluded from the Blackout Period restrictions, so enforcement over the collared shares does not breach the policy, although a short tenor or early-termination features could still fall foul of the undefined ban on short term or speculative trading."
SOL,WASHINGTON H. SOUL PATTINSON AND COMPANY LIMITED,16891229062,Financial Services,2025-09-15,Share Trading Policy,15 September 2025,Directors | Chairman | Key Management Personnel (KMP) | Employees | Associates,closed,"The Board has discretion to impose Blackout Periods, established by resolution of the Board. These are additional periods during which Directors, KMP, Employees and their Associates are prohibited from trading. The policy does not say whether their existence is confidential, but a refusal of approval to trade during a Prohibited Period is final and binding and must be kept confidential.",yes,not_addressed,not_addressed,not_addressed,yes,yes,not_addressed,margin_loan_only,not_addressed,not_addressed,Directors: trigger is any change in their interests in the securities of the Company (which would include a transfer or encumbrance shown in the register); to the Company via the Company Secretary; promptly. Submitting an application to trade does not relieve this obligation.,"Soft encouragement only, not a binding MSR: the Board encourages Directors to hold shares to align their interests with shareholders, and 'In establishing a minimum shareholding, Directors should have reference to the typical holdings of company equity held by non-executive directors of ASX listed corporate entities.' The policy does not say whether hedged or encumbered shares count toward it.","The Chairman (or two Directors, or one Director and the Company Secretary, and for Employees the Chairman via the CEO) may give written approval to trade during a Prohibited Period in exceptional circumstances, including 'other circumstances as determined by the Chairman, Directors and/or Company Secretary'. That discretion relieves only the Prohibited Period restriction; there is no stated authority to waive the section 10 hedging, short selling and short term prohibitions or the section 11 margin loan and financial products prohibition. The Board is the document approver and can amend the policy.",Share Trading Procedure (the process for clearing staff trading of securities set out in the Company's Employee Handbook) | Employee Handbook (on the Company's intranet),,workable,"A funded collar is not possible under this policy. Section 11.1 prohibits Directors, KMP and Employees from trading in any financial products issued or created over the Company's securities, which captures both the purchased put and the written call whether traded OTC or on exchange, with no clearance route, no exceptional-circumstances relief and no distinction by vesting state. The section 10.1 hedging ban is narrower, reaching only arrangements that limit exposure to unvested or holding-locked securities, and the margin loan ban in section 11.1 is narrower still, reaching only borrowing used to finance the purchase of Company shares, so the secured loan leg over an existing vested holding is not itself expressly prohibited. That is of no assistance while the derivative overlay remains banned, and the policy is silent on encumbrances, margin calls and forced sales, giving a lender no comfort that enforcement during a Closed Period would be excused. In practice an executive can only sell outright, with prior Chairman approval, outside the 1 January and 1 July Closed Periods and any Board-imposed Blackout Period."
SGH,SGH LIMITED,16035727780,Capital Goods,2021-08-24,SGH Share Trading Policy,,SGH Group employee | Designated employees | Executives | Chairman of the Board | Managing Director & CEO | Directors (other than the Chairman of the Board) | Company Secretary | Direct Reports to the Managing Director & CEO | All other designated employees | Associates,open,The Board or its delegate may determine 'any other period' to be a blackout period for the purposes of the policy. The policy does not state whether such a determination is confidential or how it is communicated.,yes,not_addressed,yes,not_addressed,yes,yes,not_addressed,margin_loan_only,excluded_dealing,not_addressed,"Direct Reports to the Managing Director & CEO and SGH Corporate Office employees: trigger is any dealing, including a dealing in connection with a margin lending arrangement; to the SGH Company Secretary (who notifies the MD & CEO); notice of intention not less than two trading days before dealing in a window, and notice of the dealing within two business days of the trade being entered into, before settlement.",,"The approver named in the section 3 table (and the SGH Company Secretary for non-designated employees) may grant a written waiver to deal during a blackout period in exceptional circumstances, being where the approver is satisfied the proposed dealing is the most reasonable course of action available. The Board or its delegate may determine any other circumstance to be exceptional and may determine additional blackout periods. The one exemption expressly withheld is the blackout-period ban on Executives and designated staff dealing in financial products issued or created over or in respect of SGH securities.",,,workable,"A funded collar is possible under this policy, and this is one of the more permissive ASX policies for the purpose. There is no hedging prohibition at all: products that limit the economic risk of holding SGH shares are simply defined as SGH securities, so the put and call legs are dealings that a designated employee may execute inside one of the three 30-working-day window periods following the half year results, annual results and AGM, or outside a window with prior written clearance from the approver named in the section 3 table. Margin lending is likewise expressly permitted with written clearance, which may be granted subject to conditions, and a disposal by a secured lender exercising its rights is carved out of the policy entirely provided the facility itself was cleared, which protects the bank on enforcement. The two hard constraints are that no Executive or designated staff member may deal in any financial product issued or created over or in respect of SGH securities during a blackout period, with no exceptional circumstances relief, and that clearance lapses after two business days, so the trade must be fully documented before approval is sought. There is no ban on hedging unvested or restricted plan securities and no short-term trading or minimum holding rule, so vesting state and tenor are not obstacles."
LYC,LYNAS RARE EARTHS LIMITED,15590724933,Materials,2011-09-22,Share trading policy - Policy on directors and employees dealing in securities,,directors | employees,open,"No separate ad hoc blackout power is conferred. The Chairman and Secretary retain a residual discretion to withhold clearance within an open period where undisclosed price sensitive information exists: they 'will generally allow' dealing 'unless there is in existence price sensitive information that has not been disclosed because of an ASX Listing Rule exception' (7.1), and no dealing may proceed until the Chairman or Secretary 'has indicated in writing that there is no impediment' (6.1(4)). The policy does not say whether a refusal or the reason for it is confidential.",yes,yes,not_addressed,not_addressed,not_addressed,no,not_addressed,not_addressed,excluded_dealing,not_addressed,,,"The board may grant a specific exemption from the policy: directors and employees 'should consider this policy to be binding on them in the absence of specific exemption by the board' (2.2). Separately, the Chairman and at least one other non-executive director may clear a sale, but not a purchase, in exceptional circumstances where it is the only reasonable course of action available (9.2), and only if the person is not in possession of undisclosed price sensitive information (9.5).","The Lynas Way (code of conduct, policies, structures and systems, work practices), referred to at 1.3-1.4 but not reproduced | The 'procedures set out in the trading policy' for prior clearance of a non-discretionary trading plan, referred to at 8.1(8) but not in fact set out in this document",,workable,"A funded collar is realistically achievable under this policy, which is markedly more permissive than most ASX policies on the financing leg. There is no prohibition on margin lending, secured financing, pledging or encumbering Lynas securities, granting security is not within the definition of Deal In Securities, and paragraph 8.1(6) expressly excludes from the policy a disposal resulting from a secured lender exercising its rights, so the bank's enforcement sale would not put the executive in breach even in a closed period. The derivative legs are the constraint: a put and call over Lynas shares are financial products created over the Company's securities and cannot be traded during prohibited periods (14.1), and since 7.3 makes every period a closed period except the three weeks following results, the AGM or a prospectus, entry, roll, unwind and settlement must each be timed into one of those narrow windows and preceded by written confirmation of no impediment from the Chairman (directors) or Secretary (employees). The 13.2 hedging ban reaches only employee options before vesting, so vested shares may be collared, but the undefined at all times ban on short-term trading in 13.1 argues for a long tenor and for clearing the structure explicitly. Out-of-window relief under 9.2 covers only a sale of securities, not derivative dealings, so no exceptional-circumstances route exists for an emergency unwind, and directors should expect the position to surface through immediate notification to the company secretary and an Appendix 3Y."
APA,APA GROUP,14336227803,Utilities,2016-07-01,Securities Trading Policy,,Directors | Designated Persons | Related Parties | employees and contractors,closed,"No express power to impose additional blackouts over APA Securities. The equivalent control is exercised through clearance: outside a Closed Period a Director or Designated Person must obtain clearance, the Recipient consults the Disclosure Committee on whether there is Inside Information that should prevent the dealing, the decision is 'in the absolute discretion of the Recipient and is final and binding', reasons need not be given, a clearance may be withdrawn if circumstances change, and the applicant must keep the application and any refusal confidential. Separately, the Managing Director may from time to time and for any period prohibit or restrict dealing by Designated Persons in Restricted Securities (securities of entities other than APA Group), a blanket prohibition notified by the Company Secretary and extending to Related Parties.",no,not_addressed,no,not_addressed,not_addressed,no,not_addressed,any_secured_financing,clearance_required,prohibited,,,"Section 4.2.7: the Chairman may approve dealings by Directors, and the Chairman and Managing Director jointly may approve dealings by Designated Persons, during a Closed Period, but only in exceptional circumstances and on a declaration of no price-sensitive information; the ARMC Chairman may act if the Chairman is unavailable. Approval must be in writing in advance and specifies the period during which it is valid, and may be withdrawn if circumstances change. This power relieves only against the Closed Period restriction in 4.2.2 and the clearance requirement in 4.2.3; it is not expressed to waive the section 4.2.5 hedging, derivatives or security-granting prohibitions. Separately, the board of Australian Pipeline Limited may determine that the 4.2.8 exclusions do not apply.",Market Disclosure Policy (constitutes the Disclosure Committee consulted on clearance requests) | Compliance Plan; Part 6.17 Insider Trading | Securities Trading Procedures | Clearance application form provided by the Company Secretary | Exceptional circumstances approval request form provided by the Company Secretary | Register of Designated Persons maintained by the Company Secretary,"Singapore Exchange - APA Group's medium term notes are listed there and the insider trading laws are stated to extend to prohibited activity in respect of APA Securities listed in an overseas jurisdiction, whether undertaken in Australia or offshore",blocked,"A funded collar is not possible for a Director or Designated Person under this policy. Section 4.2.5 prohibits them at any time, expressly including outside Closed Periods, from entering any hedging instrument or arrangement regarding, or any derivative financial product issued over, any APA Securities they hold, so both the purchased put and the written call are banned outright, whatever the vesting state of the shares and with no clearance route; the section 4.2.7 exceptional circumstances power relieves only against dealing during a Closed Period and does not touch section 4.2.5. The financing leg fails independently: APA Securities may be charged only as part of a diversified portfolio under a margin loan or secured financing arrangement whose terms do not permit title to the securities to be transferred, which excludes a loan secured solely on the collared parcel and any title-transfer or rehypothecation collateral, and unvested or holding-locked securities can never be charged at all. Charged securities remain subject to the policy, so a margin call or lender enforcement sale during a Closed Period needs exceptional circumstances permission from the Chairman rather than being an excluded dealing. These restrictions extend to Related Parties, and the Managing Director can add executives to the Designated Persons register at any time; only employees and contractors outside section 4.2 are unconstrained, and they are the wrong client for this product."
XRO,XERO LIMITED,14211650719,Software & Services,2024-07-31,Share Trading Policy,1 August 2024,"directors, employees, contractors, consultants and other personnel | Designated Persons | Chair | Director, CEO or CFO | Company Secretary | All other Designated Persons | Connected Persons",closed,"The Board may set 'any other period' as a Xero Closed Period from time to time. The policy does not say whether such a period is announced or kept confidential, and clearance refusals must be kept confidential by the applicant.",yes,yes,yes,yes,yes,no,yes,any_secured_financing,not_addressed,not_addressed,,,"The Company Secretary (or delegate), and for Designated Persons the approvers in the section 6 table, may grant clearance to deal in exceptional circumstances (severe financial hardship, court order or court enforceable undertaking, 'any other circumstance warranted in the individual situation'), including during a Closed Period. The same exceptional-circumstances route is the only way to obtain approval for a derivative or protection arrangement, but approval will not be given in relation to unvested Xero Securities.",List of Designated Persons maintained by the Company Secretary team | Xero Whistleblower Policy | Shareworks clearance request system,New Zealand insider trading law (Xero is a New Zealand incorporated company listed on the ASX) | Australian insider trading law | ASX Listing Rule 12.10 and director disclosure obligations under the ASX Listing Rules,workable,"A funded collar is effectively not possible under this policy. The financing legs are workable: a margin loan or other secured financing arrangement, a grant of security or rights over Xero Securities, and stock lending are all permitted with prior clearance under section 6, for Designated Persons and non-Designated Persons alike, with no restriction on using vested shares as collateral and no ongoing financier disclosure regime. The derivative legs, however, are expressly prohibited: section 8 bans transactions in the derivative markets involving products based on Xero Securities and specifically names OTC products, forward contracts, swaps and 'caps and collars', together with any other product that limits economic risk or enables the holder to profit from a price decrease, and that catch-all is not limited to unvested holdings. The only route is an application for approval in exceptional circumstances (severe financial hardship, court order or a comparable individual circumstance), which cannot be given at all over unvested Xero Securities and would rarely be granted for a commercial monetisation; any approval must also pass the Front Page Test, can be conditioned or withdrawn at any time, and must be exercised within 5 business days. Even if approved, the trade would have to fall outside the 31 March and 30 September Closed Periods and any Board-set period, avoid the six-month short-term dealing window, and be notified to the Company Secretary on the day if the holder is a director."
QAN,QANTAS AIRWAYS LIMITED,14178677244,Transportation,2013-09-03,"Code of Conduct and Ethics (containing the Employee Share Trading Policy, paragraphs 3.39 to 3.49)",28 August 2013,Qantas Employees | Nominated Qantas Employees | family member or associate over whom they have influence,closed,"No power to impose additional or ad hoc blackout periods is conferred by the Code. The only discretionary extension of the restricted population is the CEO's (or his nominee's) power to notify further Executives that they are Nominated Qantas Employees, which brings them within the standing Closed Periods and approval regime.",yes,yes,yes,yes,not_addressed,yes,not_addressed,any_secured_financing,not_addressed,prohibited,,,"Chairman or CEO only, in writing (including electronically), under paragraph 3.48, for a Nominated Qantas Employee not in possession of Material Non-Public Information, in exceptional circumstances (severe financial hardship, court orders requiring the sale of the securities, a legal or regulatory requirement, or other circumstances deemed exceptional by the CEO or Chairman). The approval is valid for one month unless another period is agreed, and cannot be granted in relation to unvested Securities. On its terms it releases the paragraph 3.44 prohibition only, so it is unclear whether it can authorise a paragraph 3.45 hedge or encumbrance.",Qantas Employee Share Trading Procedure (governs the Request to Deal process and non-discretionary trading plans) | Continuous Disclosure Procedure Document | Social Media Guidelines | Retention and Storage of Records Procedure | Competition Law Quick Guides | Whistleblower Procedure | Privacy Procedure | All other Qantas Group Policies,Corporations Act section 1043A (Australian insider trading prohibition) | the laws of other countries in which the Qantas Group operates that prohibit dealing while in possession of Material Non-Public Information | ASX Listing Rules (continuous disclosure and Listing Rule 12.10),blocked,"A funded collar is not available to a director or senior executive of Qantas under this Code. Nominated Qantas Employees (directors, company secretaries, direct reports to the CEO and their direct reports, and anyone else the CEO nominates) have their Dealing definition extended by paragraph 3.45 to catch both legs of the structure: hedging or any contract entered into to secure a profit or avoid a loss by reference to the Qantas share price, and any margin lending, securities lending or grant of charge, lien, pledge, right of set off or third party interest over Qantas Securities where control of the sale process may be lost. Both limbs are unqualified as to vesting state, apply equally to influenced family members and household associates, and there is no clearance path expressed for them; the only relief, paragraph 3.48, is granted by the Chairman or CEO in exceptional circumstances such as severe hardship or a court order, is valid for one month, cannot touch unvested Securities and on its face releases only the paragraph 3.44 prohibition rather than 3.45. Two features are worth testing with the Company Secretary: the drafting of 3.45 is ambiguous between an outright ban and an enlargement of Dealing that would make both legs available with a written Request to Deal outside the 30 June and 31 December Closed Periods, and the financing limb is qualified by 'where control of any sale process relating to those Securities may be lost', which a structure giving the bank no independent power of sale may not trigger. There is no short-term dealing rule, no minimum shareholding requirement and no financier disclosure obligation, so tenor and reporting are not obstacles; ordinary Qantas Employees below the Nominated tier are subject only to the statutory insider trading prohibition."
MIN,MINERAL RESOURCES LIMITED,12904921445,Materials,2025-11-19,Securities Trading Policy,19 November 2025,Personnel | Designated Persons | Chair of the Board | Directors (other than the Chair of the Board) | Other Designated Persons | key management personnel | Connected Parties,closed,The Company may impose further restrictions on Designated Persons dealing in MinRes securities or securities of other companies by notifying them in writing; additional prohibited periods are imposed when the Company is considering matters subject to Listing Rule 3.1A. The Company Secretary may also designate additional persons as Designated Persons in writing on an ad hoc basis. Refusal of clearance or revocation of an approval must be kept confidential.,yes,yes,no,no,not_addressed,yes,yes,any_secured_financing,excluded_dealing,not_addressed,Designated Persons; on any dealing in Company securities (including the disposal legs of a financing); to the Company Secretary; immediately when the dealing occurs | Directors; where the dealing occurred during a Closed Period; to the Company Secretary; confirmation that written clearance was given by the Chair of the Board or Chair of the Audit and Risk Committee and the date of that clearance | Directors; information required for Listing Rule 3.19A appendix notifications; to the Company Secretary; as needed to ensure compliance,,"The relevant Clearance Officer (Chair of the Audit and Risk Committee for the Chair of the Board; Chair of the Board for other Directors; Managing Director for other Designated Persons, each able to appoint a delegate) may give prior written approval to deal during a Closed Period in exceptional circumstances, and is the same officer who approves hedging and secured financing arrangements. The Company Secretary may make administrative amendments to the Policy.","Trading policy of Resource Development Group Ltd, a separately ASX-listed entity controlled by MinRes, which may apply in addition | Written notices from the Company imposing further restrictions on Designated Persons or designating a person as a Designated Person",,blocked,"A funded collar is realistically achievable at MinRes, which is unusual. The Policy does not ban secured financing or hedging outright: 'Other Designated Persons' may both limit the economic risk of their MinRes holding and use MinRes securities as security for loans, expressly including hedging and margin loan arrangements, provided prior written approval is obtained from the relevant Clearance Officer (Chair of the Audit and Risk Committee for the Chair, Chair of the Board for other Directors, Managing Director for everyone else), and the excluded trading list then protects the bank's enforcement sale by carving out a disposal by a secured lender exercising its rights where that prior approval was obtained. The hard limits are that key management personnel and their Connected Parties can never hedge remuneration that is unvested or subject to a holding lock, so the collar must be written only over shares that have vested and come off any lock, and the derivative legs are themselves dealings requiring clearance, executed within five business days, outside the four annual Closed Periods (financial year, half year, September and March quarters) and any Listing Rule 3.1A blackout. The structure must not look speculative or short, should avoid a three-month buy-and-sell pattern, must survive the Front Page Test, and must be notified to the Company Secretary immediately (with Appendix 3Y disclosure for Directors). A drafting gap leaves it unclear whether the approval-gated bullets bind KMP in respect of fully vested unrestricted shares, so a bank should insist on written Clearance Officer approval covering both the derivative legs and the security in every case."
ALQ,ALS LIMITED,11201464145,Commercial & Professional Services,2025-05-27,Securities Trading Policy,1 April 2025,Company Personnel | Designated Personnel | Directors | Connected Persons,open,"No express power to impose additional blackouts. The Board may only add further Approved Trading Periods ('any other period as determined by the Board from time to time'), and the Managing Director may determine additional officers or persons to whom the policy applies, which can bring a person within the Approved Trading Period regime.",yes,yes,no,no,not_addressed,yes,not_addressed,margin_loan_only,not_addressed,not_addressed,,,"Chair, at complete discretion, may grant prior written clearance to sell outside an Approved Trading Period in exceptional circumstances (severe financial hardship, court order or overriding legal requirement, or a pressing financial commitment); if the Chair is the applicant, the Chair of the Audit, Risk & Compliance Committee decides. The clearance is valid for seven business days, can be withdrawn on a change of circumstances, lapses immediately on acquiring Inside Information, and clears a breach of the policy only, not the insider trading laws. It extends to selling only, not to entering derivatives or financing.","Company's Code of Conduct (confidentiality obligations) | Rules of the relevant employee incentive plan, share purchase plan and dividend reinvestment plan | Company Employee Share Trust deed",,workable,"A funded collar is possible for an ALS director or executive over vested shares, and this policy is unusually accommodating on the derivative legs. Section 7 expressly permits the use of Derivatives, a term that names 'caps and collars' and 'any other hedging or investment arrangement' without venue limitation, in relation to vested Company Securities, while banning them outright over unvested equity incentives. The constraints are procedural and timing-based: Designated Personnel may only Trade in one of three one-month Approved Trading Periods following full year results, half year results and the AGM, a director must first inform the Chair and other Designated Personnel must obtain approval from the Managing Director and Company Secretary, written confirmation goes to the Company Secretary within 2 business days, and the tenor must exceed six months to avoid the speculative trading ban on buying and selling within six months and on forward contracts. The loan leg is the live issue: there is no general prohibition on secured financing or on encumbering shares, but section 8 bans Designated Personnel from 'margin loans or any margin lending arrangements in respect of Company's Securities', so the facility must be a fixed term loan without margin or top-up mechanics and should be confirmed in advance with the Company Secretary. The policy says nothing about forced sales, margin calls or lender enforcement, so any lender sale right should be exercisable only within an Approved Trading Period, and the Chair's exceptional-circumstances discretion covers sales only and would not authorise an out-of-window unwind."
