symbol,company,market_cap,industry,lodged,topic,tier,security_state,venue,answer,mechanism,floor,section,detail,evidence
BHP,BHP GROUP LIMITED,339826752284,Materials,2024-10-01,derivatives,PDMRs,any,exchange,prohibited,express,,4 (Additional restrictions on PDMRs),"Absolute ban on put options, call options or other derivative securities dealt on an exchange or in any other organised market, regardless of the state of the underlying shares.","where the dealing involves transactions in put options, call options or other derivative securities, on an exchange or in any other organised market"
BHP,BHP GROUP LIMITED,339826752284,Materials,2024-10-01,derivatives,PDMRs,vested_unrestricted,otc,permitted_with_clearance,via_dealing_definition,,3 (Dealing in securities); 4; 5,"The express derivatives ban is venue-limited to exchanges and organised markets. A bilateral OTC put and call with a bank falls outside it but is a dealing (contract to secure a profit or avoid a loss by reference to price fluctuations; grant/acceptance of an option; 'securities' includes financial products whether quoted or not), so it requires clearance from the Group Company Secretary, cannot occur in a Closed Period, and must not have a maturity of one year or less. Substance over form applies.","entry into a contract to secure a profit or avoid a loss by reference to price fluctuations; the grant, acceptance, acquisition, disposal, exercise or discharge of any option"
BHP,BHP GROUP LIMITED,339826752284,Materials,2024-10-01,derivatives,PDMRs,unvested,otc,prohibited,express,,4 (Additional restrictions on PDMRs),"Any derivative that uses unvested securities as collateral is caught by the PDMR collateral ban, which expressly includes hedging.","where the dealing involves using unvested BHP securities as collateral in any financial transaction, including hedging and margin loan arrangements"
BHP,BHP GROUP LIMITED,339826752284,Materials,2024-10-01,derivatives,Restricted Persons,any,any,permitted_with_clearance,via_dealing_definition,,3; 4 (Restricted Persons); 5,No express derivatives rule for Restricted Persons or persons on insider lists; options and price-referenced contracts are dealings requiring clearance and barred in Closed Periods.,must request clearance before dealing in BHP securities from the Group Company Secretary in BHP securities by submitting a Securities Dealing Clearance Request Form
BHP,BHP GROUP LIMITED,339826752284,Materials,2024-10-01,derivatives,"BHP directors, employees and contractors",any,any,permitted,via_dealing_definition,,3,"For staff outside the restricted tiers, derivatives are dealings subject only to the insider trading prohibition and the reputational guiding principle.",Dealing includes any transaction or change affecting title to or interest in securities
BHP,BHP GROUP LIMITED,339826752284,Materials,2024-10-01,hedging,Participants in BHP's employee incentive plans,unvested,any,prohibited,express,,4 (Participants in BHP's employee incentive plans),"Absolute, at-any-time ban on any transaction that operates or is intended to operate to limit exposure to the risk of holding unvested plan securities.",Participants must not at any time enter into a transaction that operates or is intended to operate to limit participants' exposure to the risk of holding unvested BHP securities granted under a BHP employee incentive plan
BHP,BHP GROUP LIMITED,339826752284,Materials,2024-10-01,hedging,Participants in BHP's employee incentive plans,vested_locked,any,prohibited,express,,4 (Participants in BHP's employee incentive plans),The hedging ban extends to vested securities that remain subject to holding locks or similar restrictions.,or vested BHP securities that are subject to holding locks or similar restrictions.
BHP,BHP GROUP LIMITED,339826752284,Materials,2024-10-01,hedging,PDMRs,unvested,any,prohibited,express,,4 (Additional restrictions on PDMRs),"PDMRs may not use unvested securities as collateral in any financial transaction, expressly including hedging.","where the dealing involves using unvested BHP securities as collateral in any financial transaction, including hedging and margin loan arrangements"
BHP,BHP GROUP LIMITED,339826752284,Materials,2024-10-01,hedging,PDMRs,vested_unrestricted,otc,permitted_with_clearance,via_dealing_definition,,3; 4; 5,"Hedging of vested, unrestricted shares is not expressly banned for PDMRs. It is a dealing requiring clearance, outside Closed Periods, not via exchange-traded derivatives, and not with a maturity of one year or less. Clearance is discretionary and will be refused where the dealing could be perceived as taking advantage of position.","Where clearance is required for a dealing under this policy, clearance will not be granted where the dealing would not satisfy the considerations above."
BHP,BHP GROUP LIMITED,339826752284,Materials,2024-10-01,hedging,"BHP directors, employees and contractors",vested_unrestricted,any,permitted,via_dealing_definition,,3,"For non-plan-participant, non-restricted staff, hedging vested unrestricted shares is not named; it is a dealing subject only to the insider trading prohibition.",entry into a contract to secure a profit or avoid a loss by reference to price fluctuations
BHP,BHP GROUP LIMITED,339826752284,Materials,2024-10-01,monetisation,PDMRs,vested_unrestricted,any,permitted_with_clearance,via_dealing_definition,,3; 5,"Monetisation is not named. A prepaid forward or similar is an agreement to dispose, a price-referenced contract and (if funded) a secured financing arrangement, all of which are dealings requiring clearance and post-trade notification. Structures with a maturity of one year or less are short-term dealings and prohibited.","any application for, acquisition or disposal of, or agreement to apply for, acquire or dispose of securities"
BHP,BHP GROUP LIMITED,339826752284,Materials,2024-10-01,monetisation,Restricted Persons,any,any,permitted_with_clearance,via_dealing_definition,,3; 5,"Same dealing-definition analysis; clearance required, no short-term or derivatives restrictions beyond Closed Periods.","any other right or obligation, present or future, conditional or unconditional, to acquire or dispose of securities"
BHP,BHP GROUP LIMITED,339826752284,Materials,2024-10-01,short_selling,PDMRs,any,any,prohibited,express,,4 (Additional restrictions on PDMRs),"Express ban on short selling, defined as borrowing and selling in the hope of buying back lower.",where the dealing involves short selling BHP securities (i.e. the practice of borrowing a security and selling it in the hope that it can be bought back at a lower price some time in the future to close out the short position)
BHP,BHP GROUP LIMITED,339826752284,Materials,2024-10-01,short_selling,Restricted Persons,any,any,permitted_with_clearance,via_dealing_definition,,3; 4,Not expressly banned for non-PDMRs; a short sale and the associated stock loan are dealings requiring clearance for Restricted Persons and insider-list persons.,"entry into, termination of, assignment of, or novation of any stock lending agreement"
BHP,BHP GROUP LIMITED,339826752284,Materials,2024-10-01,stock_lending,PDMRs,any,any,permitted_with_clearance,via_dealing_definition,,3; 5,"Not banned, but entry into, termination, assignment or novation of a stock lending agreement is a dealing requiring clearance and post-trade notification.","entry into, termination of, assignment of, or novation of any stock lending agreement"
BHP,BHP GROUP LIMITED,339826752284,Materials,2024-10-01,stock_lending,Restricted Persons,any,any,permitted_with_clearance,via_dealing_definition,,3; 4,Stock lending is a dealing requiring clearance and barred in Closed Periods.,"entry into, termination of, assignment of, or novation of any stock lending agreement"
BHP,BHP GROUP LIMITED,339826752284,Materials,2024-10-01,cfd,PDMRs,any,otc,permitted_with_clearance,via_dealing_definition,,3; 4,"CFDs are not named. A CFD is a contract to secure a profit or avoid a loss by reference to price fluctuations and so a dealing requiring clearance; if it is traded on an exchange or organised market it falls within the express derivatives ban, a short CFD is likely within the short selling ban in substance, and an open-ended CFD held short-term may be a short-term dealing.",entry into a contract to secure a profit or avoid a loss by reference to price fluctuations
BHP,BHP GROUP LIMITED,339826752284,Materials,2024-10-01,margin_lending,PDMRs,unvested,any,prohibited,express,,4 (Additional restrictions on PDMRs),Express ban on margin loans collateralised by unvested securities.,"where the dealing involves using unvested BHP securities as collateral in any financial transaction, including hedging and margin loan arrangements"
BHP,BHP GROUP LIMITED,339826752284,Materials,2024-10-01,margin_lending,PDMRs,vested_unrestricted,any,permitted_with_clearance,express,,3 (Dealing in securities); 5,"Margin lending over vested securities is not banned but entry into the arrangement is expressly a dealing, so it needs clearance, cannot be entered in a Closed Period, and must be notified post-trade (and by BHP to the FCA and exchanges).",entry into any margin lending or other secured financing arrangement.
BHP,BHP GROUP LIMITED,339826752284,Materials,2024-10-01,margin_lending,Restricted Persons,any,any,permitted_with_clearance,express,,3; 4,Entry into a margin lending arrangement is a dealing requiring clearance for Restricted Persons and insider-list persons.,entry into any margin lending or other secured financing arrangement.
BHP,BHP GROUP LIMITED,339826752284,Materials,2024-10-01,margin_lending,"BHP directors, employees and contractors",any,any,permitted,express,,3,For general staff a margin loan is a dealing subject only to the insider trading prohibition.,entry into any margin lending or other secured financing arrangement.
BHP,BHP GROUP LIMITED,339826752284,Materials,2024-10-01,encumbrance,PDMRs,vested_unrestricted,any,permitted_with_clearance,via_dealing_definition,,3; 5,"Granting security, a charge, lien or other encumbrance over securities is itself a dealing, so a security interest over the collared shares needs clearance, is barred in Closed Periods and triggers PDMR post-trade notification.","use as security, or otherwise granting a charge, lien or other encumbrance over securities"
BHP,BHP GROUP LIMITED,339826752284,Materials,2024-10-01,encumbrance,PDMRs,unvested,any,prohibited,express,,4 (Additional restrictions on PDMRs),Using unvested securities as collateral in any financial transaction is banned.,where the dealing involves using unvested BHP securities as collateral in any financial transaction
BHP,BHP GROUP LIMITED,339826752284,Materials,2024-10-01,encumbrance,Restricted Persons,any,any,permitted_with_clearance,via_dealing_definition,,3; 4,Granting an encumbrance is a dealing requiring clearance.,"use as security, or otherwise granting a charge, lien or other encumbrance over securities"
BHP,BHP GROUP LIMITED,339826752284,Materials,2024-10-01,secured_financing,PDMRs,unvested,any,prohibited,express,,4 (Additional restrictions on PDMRs),No financial transaction may be collateralised by unvested securities.,"where the dealing involves using unvested BHP securities as collateral in any financial transaction, including hedging and margin loan arrangements"
BHP,BHP GROUP LIMITED,339826752284,Materials,2024-10-01,secured_financing,PDMRs,vested_unrestricted,any,permitted_with_clearance,express,,3; 5,"Any secured financing arrangement (not just margin loans) is a dealing; permitted for vested unrestricted shares with clearance, outside Closed Periods, with post-trade notification to the Group Company Secretary and onward FCA/exchange disclosure. The policy is silent on holding-locked vested shares as collateral for a loan, though hedging them is banned for plan participants.",entry into any margin lending or other secured financing arrangement.
BHP,BHP GROUP LIMITED,339826752284,Materials,2024-10-01,secured_financing,Restricted Persons,any,any,permitted_with_clearance,express,,3; 4,Secured financing is a dealing requiring clearance for Restricted Persons and insider-list persons.,entry into any margin lending or other secured financing arrangement.
BHP,BHP GROUP LIMITED,339826752284,Materials,2024-10-01,short_term,PDMRs,any,any,prohibited,express,,4 (Additional restrictions on PDMRs),Instrument-maturity test: any investment with a maturity of one year or less is short-term and prohibited. A collar or loan with tenor of 12 months or less is caught.,on a short-term basis. An investment with a maturity of one year or less is considered of a short-term nature
BHP,BHP GROUP LIMITED,339826752284,Materials,2024-10-01,short_term,Restricted Persons,any,any,not_addressed,none,,,The short-term dealing ban is expressed only for PDMRs.,
CBA,COMMONWEALTH BANK OF AUSTRALIA.,266331534276,Banks,2024-09-30,hedging,Specified Persons,unvested,any,prohibited,express,,Policy requirements para 8(a),No transaction limiting economic risk of exposure to unvested Group Securities received under a Group equity plan. Extends to Associates via para 17 and the definition of Specified Person obligations.,Specified Persons must not enter into a transaction that limits the economic risk of their exposure to Group Securities received under any Group equity plan that are: a. unvested
CBA,COMMONWEALTH BANK OF AUSTRALIA.,266331534276,Banks,2024-09-30,hedging,Specified Persons,vested_locked,any,prohibited,express,,Policy requirements para 8(b),No transaction limiting economic risk of exposure to plan securities that are vested but subject to a holding lock or plan trading restriction.,vested but subject to a holding lock or trading restriction under the terms of the plan.
CBA,COMMONWEALTH BANK OF AUSTRALIA.,266331534276,Banks,2024-09-30,hedging,Specified Persons,vested_unrestricted,any,permitted_with_clearance,via_dealing_definition,,"Policy requirements paras 8, 10, 16; Definitions (Security, Trade)","Para 8 is confined to unvested and locked plan securities, so a Specified Person outside the para 9 sub-tier (e.g. an Executive General Manager or Subsidiary Board director) is not expressly barred from hedging vested unrestricted shares. A collar is a derivative over Group Securities, hence a Security, and entering it is a Trade: it may only be done in a Trading Window, with Pre-Clearance where required under the Procedure, and subject to the 30-day LIFO holding rule and the CFD/short selling/stock lending bans.",Specified Persons and their Associates may only Trade in Group Securities during a Trading Window unless one of the exceptions below applies.
CBA,COMMONWEALTH BANK OF AUSTRALIA.,266331534276,Banks,2024-09-30,hedging,"CBA Board directors, Group Company Secretaries, Group Executives",vested_unrestricted,any,prohibited,express,,Policy requirements para 9,"Absolute ban on risk-limiting transactions over any vested Group Securities, whether plan-sourced or bought on market; extends to Associates. A purchased put or collar over vested shares is caught.","the CBA Board directors, Group Company Secretaries, Group Executives, and each of their Associates, must not enter into a transaction that limits the economic risk of their exposure to any vested Group Securities."
CBA,COMMONWEALTH BANK OF AUSTRALIA.,266331534276,Banks,2024-09-30,hedging,"CBA Board directors, Group Company Secretaries, Group Executives",vested_locked,any,prohibited,express,,"Policy requirements paras 8(b), 9",Caught by para 9 (any vested Group Securities) and by para 8(b) as Specified Persons.,must not enter into a transaction that limits the economic risk of their exposure to any vested Group Securities.
CBA,COMMONWEALTH BANK OF AUSTRALIA.,266331534276,Banks,2024-09-30,hedging,"CBA Board directors, Group Company Secretaries, Group Executives",unvested,any,prohibited,express,,Policy requirements para 8(a),Caught by para 8(a) as Specified Persons.,Specified Persons must not enter into a transaction that limits the economic risk of their exposure to Group Securities received under any Group equity plan that are: a. unvested
CBA,COMMONWEALTH BANK OF AUSTRALIA.,266331534276,Banks,2024-09-30,hedging,all employees,any,any,not_addressed,implied,,Policy requirements paras 8-9,The hedging bans are confined to Specified Persons and the para 9 sub-tier; the policy is silent for other employees beyond the insider trading prohibition and any Procedure requirements.,
CBA,COMMONWEALTH BANK OF AUSTRALIA.,266331534276,Banks,2024-09-30,derivatives,Specified Persons,any,any,permitted_with_clearance,via_dealing_definition,,"Definitions (Security, Trade); paras 10, 16(c)","Derivatives, including OTC options and hedges settled in cash or otherwise, are Securities; a derivative over Group Securities is a Group Security. Not banned as a class (other than CFDs and short selling/stock lending instruments) but may only be entered in a Trading Window with Pre-Clearance where required, and subject to the hedging bans in paras 8-9.","any derivatives products relating to the types of securities listed above, including but not limited to equity swaps, warrants, futures, contracts for difference, hedges and exchange traded or over the counter options, whether settled by cash or otherwise."
CBA,COMMONWEALTH BANK OF AUSTRALIA.,266331534276,Banks,2024-09-30,derivatives,"CBA Board directors, Group Company Secretaries, Group Executives",any,any,prohibited,via_hedging_definition,,"Policy requirements paras 9, 18","Any derivative that limits economic risk on vested Group Securities (put, collar, swap) is barred by para 9; a derivative that does not limit risk is a Trade requiring a Trading Window and Pre-Clearance. Para 18(b) separately bans any Security whose price depends on a Group Security listed on a UK or EU regulated market.",must not enter into a transaction that limits the economic risk of their exposure to any vested Group Securities.
CBA,COMMONWEALTH BANK OF AUSTRALIA.,266331534276,Banks,2024-09-30,derivatives,all employees,any,any,not_addressed,implied,,Policy requirements paras 1-5,Only the insider trading prohibition and any Pre-Clearance designated under the Procedure apply.,
CBA,COMMONWEALTH BANK OF AUSTRALIA.,266331534276,Banks,2024-09-30,monetisation,Specified Persons,vested_unrestricted,any,permitted_with_clearance,via_dealing_definition,,"Definitions (Trade, Security); paras 10, 16(a)","Monetisation is not named. An agreement to dispose, or a cash-settled derivative, is a Trade and so is confined to Trading Windows with Pre-Clearance where required. Monetisation through a secured loan is barred by para 16(a); monetisation of unvested or locked plan shares through a risk-limiting transaction is barred by para 8.","Trade or Trading includes buying, selling, acquiring, transferring or disposing of Securities, agreeing to do so, or procuring someone else to do so, whether on or off market."
CBA,COMMONWEALTH BANK OF AUSTRALIA.,266331534276,Banks,2024-09-30,monetisation,"CBA Board directors, Group Company Secretaries, Group Executives",vested_unrestricted,any,prohibited,via_hedging_definition,,"Policy requirements paras 9, 16(a)","Any monetisation structure that limits economic risk on vested Group Securities (collar, prepaid forward) is barred by para 9, and any secured financing is barred by para 16(a). An outright sale in a Trading Window with Pre-Clearance remains available.",must not enter into a transaction that limits the economic risk of their exposure to any vested Group Securities.
CBA,COMMONWEALTH BANK OF AUSTRALIA.,266331534276,Banks,2024-09-30,monetisation,all employees,any,any,not_addressed,implied,,,Silent for employees who are not Specified Persons.,
CBA,COMMONWEALTH BANK OF AUSTRALIA.,266331534276,Banks,2024-09-30,short_selling,Specified Persons,any,any,prohibited,express,,Policy requirements para 16(c),"Absolute ban on instruments or arrangements for short selling Group Securities, save to the extent covered by the Trading Window exceptions.",enter into contracts for difference or use any instruments or enter any arrangements for short selling or stock lending of Group Securities
CBA,COMMONWEALTH BANK OF AUSTRALIA.,266331534276,Banks,2024-09-30,short_selling,all employees,any,any,not_addressed,implied,,,Silent for employees who are not Specified Persons.,
CBA,COMMONWEALTH BANK OF AUSTRALIA.,266331534276,Banks,2024-09-30,stock_lending,Specified Persons,any,any,prohibited,express,,Policy requirements para 16(c),Absolute ban on arrangements for stock lending of Group Securities; relevant if the bank's hedge relies on borrowing the collared shares.,use any instruments or enter any arrangements for short selling or stock lending of Group Securities
CBA,COMMONWEALTH BANK OF AUSTRALIA.,266331534276,Banks,2024-09-30,stock_lending,all employees,any,any,not_addressed,implied,,,Silent for employees who are not Specified Persons.,
CBA,COMMONWEALTH BANK OF AUSTRALIA.,266331534276,Banks,2024-09-30,cfd,Specified Persons,any,any,prohibited,express,,Policy requirements para 16(c),Absolute ban on contracts for difference over Group Securities.,enter into contracts for difference or use any instruments or enter any arrangements for short selling or stock lending of Group Securities
CBA,COMMONWEALTH BANK OF AUSTRALIA.,266331534276,Banks,2024-09-30,cfd,all employees,any,any,not_addressed,implied,,,Silent for employees who are not Specified Persons.,
CBA,COMMONWEALTH BANK OF AUSTRALIA.,266331534276,Banks,2024-09-30,margin_lending,Specified Persons,any,any,prohibited,express,,Policy requirements para 16(a),Group Securities (vested or unvested) may not be used as security for margin lending. Rationale stated: a forced sale may breach the policy.,"use Group Securities as security for margin lending or other secured financing arrangements, as a forced sale may lead to the breach of this Policy"
CBA,COMMONWEALTH BANK OF AUSTRALIA.,266331534276,Banks,2024-09-30,margin_lending,all employees,any,any,not_addressed,implied,,,Silent for employees who are not Specified Persons.,
CBA,COMMONWEALTH BANK OF AUSTRALIA.,266331534276,Banks,2024-09-30,encumbrance,Specified Persons,any,any,prohibited,express,,Policy requirements para 16(a),Using Group Securities as security for any secured financing arrangement is banned. Granting a charge or mortgage over collared shares to the bank falls within this. Encumbrance is not otherwise defined as a Trade.,use Group Securities as security for margin lending or other secured financing arrangements
CBA,COMMONWEALTH BANK OF AUSTRALIA.,266331534276,Banks,2024-09-30,encumbrance,all employees,any,any,not_addressed,implied,,,Silent for employees who are not Specified Persons.,
CBA,COMMONWEALTH BANK OF AUSTRALIA.,266331534276,Banks,2024-09-30,secured_financing,Specified Persons,any,any,prohibited,express,,Policy requirements para 16(a),"Ban covers any secured financing arrangement over Group Securities, not only margin loans, and applies to Associates. No exception for lender-enforced sales; a forced sale is described as a likely breach.","use Group Securities as security for margin lending or other secured financing arrangements, as a forced sale may lead to the breach of this Policy"
CBA,COMMONWEALTH BANK OF AUSTRALIA.,266331534276,Banks,2024-09-30,secured_financing,all employees,any,any,not_addressed,implied,,,Silent for employees who are not Specified Persons.,
CBA,COMMONWEALTH BANK OF AUSTRALIA.,266331534276,Banks,2024-09-30,short_term,Specified Persons,any,any,prohibited,express,,Policy requirements para 16(b),"Group Securities may not be held for less than 30 days, calculated last in, first out. Any acquisition (including shares delivered under a collar or a written call) restarts the 30-day clock for all holdings.","hold Group Securities for less than a thirty-day period, calculated on a last in, first out basis"
CBA,COMMONWEALTH BANK OF AUSTRALIA.,266331534276,Banks,2024-09-30,short_term,all employees,any,any,not_addressed,implied,,,Silent for employees who are not Specified Persons.,
NAB,NATIONAL AUSTRALIA BANK LIMITED,120018938963,Banks,2021-11-05,derivatives,NAB People,unvested,any,prohibited,express,,3.5.4,"Absolute ban on Derivatives (s761D, expressly including options, forwards, swaps, caps and collars) over unvested Group Securities for all NAB People. Vested means NAB-imposed time and performance hurdles satisfied, ignoring any longer restriction the person elected.","Accordingly, all NAB People are prohibited from using Derivatives or otherwise entering into Hedging Arrangements in relation to any unvested Group Securities."
NAB,NATIONAL AUSTRALIA BANK LIMITED,120018938963,Banks,2021-11-05,derivatives,Key Management Personnel,vested_locked,any,prohibited,express,,3.5.5,KMP (Directors and ELT) and their Closely Related Parties may not use Derivatives over remuneration elements that have vested but remain subject to forfeiture (clawback/malus) conditions.,Key Management Personnel and their Closely Related Parties must not use Derivatives or otherwise enter into Hedging Arrangements in relation to elements of their remuneration that are unvested or which have vested but remain subject to forfeiture conditions.
NAB,NATIONAL AUSTRALIA BANK LIMITED,120018938963,Banks,2021-11-05,derivatives,NAB People,vested_unrestricted,any,permitted_with_clearance,express,,3.5.6-3.5.9,"Derivatives over vested Group Securities are allowed only (a) to protect an asset supporting a loan for the exercise price of NAB options, (b) to protect value where a tax liability is payable at the tax cessation time, or (c) case-by-case with approval from the Chair (Directors), Group Company Secretary (Chair) or Group CEO or delegate (ELT and all other NAB People). Every Derivative must mature within the eight-week period immediately following release of half-year or full-year results, and no Group member may be counterparty. Directors and Designated NAB Employees must also lodge a Compliance Certificate. Venue is unrestricted, so an OTC collar with an external bank qualifies.","once Group Securities have vested (as described above), Derivatives may be used by NAB People in relation to those vested securities in the following circumstances: ... on a case-by-case basis with approval from either the Chair in relation to Directors, the Group Company Secretary in relation to the Chair or the Group Chief Executive Officer or delegate in relation to Executive Leadership Team members and all other NAB People."
NAB,NATIONAL AUSTRALIA BANK LIMITED,120018938963,Banks,2021-11-05,hedging,NAB People,unvested,any,prohibited,express,,3.5.3-3.5.4,"Hedging Arrangements (any arrangement limiting exposure to risk, including Corporations Regulation 2D.7.01(1) arrangements) over unvested Group Securities are banned for all NAB People; the policy notes it is also unlawful for KMP.",all NAB People are prohibited from using Derivatives or otherwise entering into Hedging Arrangements in relation to any unvested Group Securities.
NAB,NATIONAL AUSTRALIA BANK LIMITED,120018938963,Banks,2021-11-05,hedging,Key Management Personnel,vested_locked,any,prohibited,express,,3.5.5,Extends the hedging ban for KMP and Closely Related Parties to vested remuneration still subject to forfeiture conditions.,must not use Derivatives or otherwise enter into Hedging Arrangements in relation to elements of their remuneration that are unvested or which have vested but remain subject to forfeiture conditions.
NAB,NATIONAL AUSTRALIA BANK LIMITED,120018938963,Banks,2021-11-05,hedging,NAB People,vested_unrestricted,any,permitted_with_clearance,express,,3.5.7-3.5.8,"Protective (value-protecting) use of Derivatives over vested securities is expressly contemplated as encouraging long-term holding, subject to the three permitted circumstances, the eight-week post-results maturity rule, no Group counterparty and the Compliance Certificate process.",If the NAB-imposed time and performance hurdles applicable to Group Securities have been satisfied ... then the appropriate use of Derivatives can encourage longer term holding of Group Securities by NAB People.
NAB,NATIONAL AUSTRALIA BANK LIMITED,120018938963,Banks,2021-11-05,monetisation,NAB People,any,any,permitted_with_clearance,via_dealing_definition,,"3.5; Glossary (Derivatives, Margin Loan)","Monetisation is not named. A prepaid forward or similar is a Derivative (forward contract) and so is subject to the Derivatives regime (banned over unvested, restricted purposes and maturity over vested); any loan secured on Group Securities is a Margin Loan requiring a Compliance Certificate from Directors and ELT.","Derivatives: Has the meaning given in s761D of the Corporations Act and includes options, forward contracts, futures, warrants, swaps, caps and collars"
NAB,NATIONAL AUSTRALIA BANK LIMITED,120018938963,Banks,2021-11-05,short_selling,NAB People,any,any,prohibited,express,,3.2.2,"Outright ban on arrangements for short selling Group Securities, framed as part of the speculative trading prohibition.",a NAB Person must not enter into any arrangements for short selling or stock lending in relation to Group Securities
NAB,NATIONAL AUSTRALIA BANK LIMITED,120018938963,Banks,2021-11-05,stock_lending,NAB People,any,any,prohibited,express,,3.2.2,Outright ban on stock lending arrangements over Group Securities. Note the Margin Loan definition separately treats securities 'lent' to a financier as a Margin Loan.,a NAB Person must not enter into any arrangements for short selling or stock lending in relation to Group Securities
NAB,NATIONAL AUSTRALIA BANK LIMITED,120018938963,Banks,2021-11-05,cfd,NAB People,any,any,permitted_with_clearance,via_dealing_definition,,3.2; 3.5; Glossary (Derivatives),"CFDs are not named but are s761D Derivatives, so are banned over unvested securities and over vested securities are confined to the three permitted purposes with the eight-week maturity rule; a speculative CFD would also breach the short-term gain ban and a short CFD the short-selling ban.",A NAB Person must not deal in Group Securities for short-term gain.
NAB,NATIONAL AUSTRALIA BANK LIMITED,120018938963,Banks,2021-11-05,margin_lending,Directors,any,any,permitted_with_clearance,express,,3.4.2; 3.4.13; Glossary (Margin Loan),"Directors must lodge a Compliance Certificate before entering a Margin Loan (any loan where NAB Securities are mortgaged, provided as security, lent or charged to a financier) or agreeing to provide additional Group Securities as security for an existing one, and must inform the Group Company Secretary if a financier's demand may force disposal of Group Securities.",Directors and Executive Leadership Team members (but not other Designated NAB Employees) must submit a Compliance Certificate before they enter into a Margin Loan or agree to provide additional Group Securities as security for an existing Margin Loan.
NAB,NATIONAL AUSTRALIA BANK LIMITED,120018938963,Banks,2021-11-05,margin_lending,Executive Leadership Team,any,any,permitted_with_clearance,express,,3.4.2; 3.4.13; Glossary (Margin Loan),"Same Compliance Certificate gate before entering a Margin Loan or topping up security, plus the margin-call risk notification to the Group Company Secretary.",Directors and Executive Leadership Team members (but not other Designated NAB Employees) must submit a Compliance Certificate before they enter into a Margin Loan or agree to provide additional Group Securities as security for an existing Margin Loan.
NAB,NATIONAL AUSTRALIA BANK LIMITED,120018938963,Banks,2021-11-05,margin_lending,NAB People,any,any,permitted,express,,3.4.2,"Margin Loans are not prohibited for NAB People generally, and other Designated NAB Employees are expressly excluded from the Compliance Certificate requirement for Margin Loans. Any lender-forced sale would still be a Trade subject to Black-out Periods and the insider trading ban.",Directors and Executive Leadership Team members (but not other Designated NAB Employees) must submit a Compliance Certificate before they enter into a Margin Loan
NAB,NATIONAL AUSTRALIA BANK LIMITED,120018938963,Banks,2021-11-05,encumbrance,Directors,any,any,permitted_with_clearance,express,,3.4.2; Glossary (Margin Loan),"Mortgaging, charging or providing NAB Securities as security to a financier is by definition a Margin Loan, so Directors need a Compliance Certificate before granting or adding security. An encumbrance in favour of a non-financier is not addressed and is not a Trade.","Margin Loan: A loan arrangement whereby NAB Securities are mortgaged, provided as security, lent, or charged to a financier."
NAB,NATIONAL AUSTRALIA BANK LIMITED,120018938963,Banks,2021-11-05,encumbrance,Executive Leadership Team,any,any,permitted_with_clearance,express,,3.4.2; Glossary (Margin Loan),As for Directors: granting or adding security over Group Securities to a financier requires a prior Compliance Certificate.,"Margin Loan: A loan arrangement whereby NAB Securities are mortgaged, provided as security, lent, or charged to a financier."
NAB,NATIONAL AUSTRALIA BANK LIMITED,120018938963,Banks,2021-11-05,encumbrance,NAB People,any,any,permitted,express,,3.4.2; Glossary (Margin Loan),No restriction on other NAB People granting security over Group Securities; the Compliance Certificate requirement for Margin Loans is expressly confined to Directors and ELT.,Directors and Executive Leadership Team members (but not other Designated NAB Employees) must submit a Compliance Certificate before they enter into a Margin Loan
NAB,NATIONAL AUSTRALIA BANK LIMITED,120018938963,Banks,2021-11-05,secured_financing,Directors,any,any,permitted_with_clearance,express,,3.4.2; 3.4.13; Glossary (Margin Loan),"The Margin Loan definition captures any loan arrangement secured on NAB Securities, not just broker margin facilities, so the loan leg of a funded collar is a Margin Loan: Compliance Certificate before inception and before any collateral top-up, and margin-call risk reporting to the Group Company Secretary for disclosure assessment. No outright prohibition and no vesting-state carve-out.",Directors and members of the Executive Leadership Team are required to inform the Group Company Secretary where a financier demands payment under a Margin Loan and there is a risk that the demand will not be able to be satisfied without the disposal of Group Securities.
NAB,NATIONAL AUSTRALIA BANK LIMITED,120018938963,Banks,2021-11-05,secured_financing,Executive Leadership Team,any,any,permitted_with_clearance,express,,3.4.2; 3.4.13; Glossary (Margin Loan),Same as Directors: any loan secured on Group Securities is a Margin Loan requiring a prior Compliance Certificate and margin-call risk reporting.,must submit a Compliance Certificate before they enter into a Margin Loan or agree to provide additional Group Securities as security for an existing Margin Loan.
NAB,NATIONAL AUSTRALIA BANK LIMITED,120018938963,Banks,2021-11-05,secured_financing,NAB People,any,any,permitted,express,,3.4.2,Secured financing over Group Securities is not restricted for NAB People below Directors and ELT.,(but not other Designated NAB Employees)
NAB,NATIONAL AUSTRALIA BANK LIMITED,120018938963,Banks,2021-11-05,short_term,NAB People,any,any,prohibited,express,,3.2,No dealing in Group Securities for short-term gain; every acquisition triggers a 30-day period in which that type of Group Security cannot be sold. Vesting/exercise of performance rights and sale of the resulting shares within 30 days are carved out.,any acquisition of Group Securities by a NAB Person triggers a 30 day period where that type of Group Securities cannot be sold.
WBC,WESTPAC BANKING CORPORATION,117521621560,Banks,2021-02-05,derivatives,Employees,unvested,any,prohibited,express,,3.4,"All Employees are barred from options, derivatives or other arrangements limiting the economic risk of unvested Westpac securities or unvested employee share plan entitlements. No venue limit.","You must not enter into any options, derivatives or other arrangements which operate to limit the economic risk of an unvested holding in Westpac securities or other unvested entitlements under employee share plans."
WBC,WESTPAC BANKING CORPORATION,117521621560,Banks,2021-02-05,derivatives,Employees,vested_unrestricted,any,permitted,express,,3.4,"For Employees who are not Prescribed Employees, derivatives over vested holdings are subject only to the insider trading and short-term trading bans; no notification or approval.","This prohibition does not apply to vested holdings in Westpac securities, although approval or notification and other arrangements apply to Directors and Prescribed Employees dealing in vested securities"
WBC,WESTPAC BANKING CORPORATION,117521621560,Banks,2021-02-05,derivatives,Westpac Directors,vested_unrestricted,any,permitted_with_clearance,express,,4.6,"A collar over vested shares is a hedging arrangement over vested Westpac securities: Chairman's approval (Board Audit Committee Chairman for the Chairman) before entry, outside Blackout Periods, and immediate notification to the General Manager, Company Secretary afterwards. Non-hedging derivatives are securities and so caught as buying or selling Westpac securities. No vested-but-locked category is distinguished.","Westpac Directors must obtain the approval of the Chairman before they or their associates do any of the following outside a Blackout Period: buy or sell Westpac securities, or entering into a hedging arrangement over vested Westpac securities"
WBC,WESTPAC BANKING CORPORATION,117521621560,Banks,2021-02-05,derivatives,Prescribed Employees,vested_unrestricted,any,permitted_with_notification,express,,4.4,"Prescribed Employees other than Key Prescribed Employees and Directors must lodge the online Prescribed Employee Trade Notification Form (or email the Group Control Room) before entering a hedging arrangement over vested Westpac securities, outside a Blackout Period.","you must provide notification to the Group Control Room by completing the online Prescribed Employee Trade Notification Form before you or your associates do any of the following outside a Blackout Period: buy or sell Westpac securities, or entering into a hedging arrangement over vested Westpac securities"
WBC,WESTPAC BANKING CORPORATION,117521621560,Banks,2021-02-05,derivatives,Key Prescribed Employees,vested_unrestricted,any,permitted_with_clearance,express,,4.5,"Key Prescribed Employees must pre-clear trading in Westpac securities (which includes derivatives and hedging arrangements) under the Key Prescribed Employee Trading Process addendum, whose terms are not in the lodged Policy.",Key Prescribed Employees must follow the pre-clearance requirements as set out in the Key Prescribed Employees Trading Process.
WBC,WESTPAC BANKING CORPORATION,117521621560,Banks,2021-02-05,hedging,Employees,unvested,any,prohibited,express,,3.4,Blanket ban on hedging unvested Westpac securities and unvested employee share plan entitlements for all Employees.,Use of derivatives and hedging over unvested Westpac securities is prohibited
WBC,WESTPAC BANKING CORPORATION,117521621560,Banks,2021-02-05,hedging,Westpac Directors,vested_unrestricted,any,permitted_with_clearance,express,,4.6,"Hedging vested Westpac securities is expressly permitted with prior Chairman approval and immediate post-trade notification to the General Manager, Company Secretary; associates' hedges are included.","Westpac Directors must also notify the General Manager, Company Secretary immediately of any trading by either themselves or their associates in Westpac securities including entering into a hedging arrangement over vested Westpac securities."
WBC,WESTPAC BANKING CORPORATION,117521621560,Banks,2021-02-05,hedging,Prescribed Employees,vested_unrestricted,any,permitted_with_notification,express,,4.4,Prior online notification to the Group Control Room before entering a hedging arrangement over vested Westpac securities.,"buy or sell Westpac securities, or entering into a hedging arrangement over vested Westpac securities; or arrange for another person to enter into arrangements of those kinds."
WBC,WESTPAC BANKING CORPORATION,117521621560,Banks,2021-02-05,hedging,Key Prescribed Employees,vested_unrestricted,any,permitted_with_clearance,express,,4.5; 3.4,Hedging vested holdings is permitted subject to pre-clearance under the Key Prescribed Employee Trading Process.,"Since Key Prescribed Employees must seek pre-clearance for trading in Westpac securities, they are not required to complete the online notification form"
WBC,WESTPAC BANKING CORPORATION,117521621560,Banks,2021-02-05,monetisation,Prescribed Employees,vested_unrestricted,any,permitted_with_clearance,via_hedging_definition,,3.4; 4.4-4.6,"Monetisation is not named. A prepaid forward or funded collar is an arrangement limiting economic risk, so it is banned over unvested holdings and over vested holdings follows the tier regime: Chairman approval for Directors, pre-clearance for Key Prescribed Employees, online notification for other Prescribed Employees. Any transfer of shares that changes ownership is itself a trade.",Any transaction which causes a change in ownership of Westpac securities will be considered a trade of securities under this Policy.
WBC,WESTPAC BANKING CORPORATION,117521621560,Banks,2021-02-05,short_selling,Prescribed Employees,any,any,prohibited,express,,4.9,Outright ban for Westpac Directors and all Prescribed Employees (including Key Prescribed Employees and Group Executives).,Short selling by Westpac Directors and Prescribed Employees is prohibited and will be considered a breach of this Policy.
WBC,WESTPAC BANKING CORPORATION,117521621560,Banks,2021-02-05,short_selling,Employees,any,any,not_addressed,none,,,The short selling ban in 4.9 applies only to Directors and Prescribed Employees; other Employees are covered only by the general short-term/speculative trading ban.,
WBC,WESTPAC BANKING CORPORATION,117521621560,Banks,2021-02-05,stock_lending,Employees,any,any,not_addressed,none,,,Securities lending is not mentioned; lending shares would however be a change in ownership and so a trade for Prescribed Employees.,
WBC,WESTPAC BANKING CORPORATION,117521621560,Banks,2021-02-05,cfd,Prescribed Employees,any,any,permitted_with_clearance,via_dealing_definition,,3.2; 3.5; 4.4-4.6,"CFDs are not named but are derivatives and so securities, subject to the tier notification/approval regime; a CFD limiting risk on unvested holdings is banned, a short CFD offends the short selling ban and a speculative CFD the short-term trading ban.",Short-term or speculative trading is prohibited and all employees must conduct their personal trading activities with a medium to long term perspective.
WBC,WESTPAC BANKING CORPORATION,117521621560,Banks,2021-02-05,margin_lending,Prescribed Employees,any,any,permitted,express,,4.8,"Margin loans over Westpac holdings are expressly permitted for Directors and Prescribed Employees, but margin calls cannot be met by selling Westpac securities during a Blackout Period or while holding inside information, a lender's sale in a Blackout Period is a breach regardless of instructions, and holders are expected to have other resources and to prefer facilities without price triggers. Entry into the loan itself needs no notification or approval except for Key Prescribed Employees' disclosure.","Westpac Directors and Prescribed Employees are permitted to take out margin loans over their holdings in Westpac securities, however margin calls are not to be met by the sale of Westpac securities at a time when they would not be permitted to trade Westpac securities under this Policy."
WBC,WESTPAC BANKING CORPORATION,117521621560,Banks,2021-02-05,margin_lending,Key Prescribed Employees,any,any,permitted_with_notification,express,,4.8,"Same permission and margin-call restrictions as other Prescribed Employees, plus mandatory disclosure of any margin lending arrangements over Westpac securities to the Group Control Room.","In addition, Key Prescribed Employees are required to provide disclosure to the Group Control Room of any margin lending arrangements they may have in respect to Westpac securities."
WBC,WESTPAC BANKING CORPORATION,117521621560,Banks,2021-02-05,margin_lending,Employees,any,any,not_addressed,none,,,Section 4.8 applies only to Directors and Prescribed Employees.,
WBC,WESTPAC BANKING CORPORATION,117521621560,Banks,2021-02-05,encumbrance,Prescribed Employees,any,any,permitted,implied,,4.8; 4.4,Granting security is not named as a trade; it is implicitly permitted because margin loans over Westpac holdings are allowed. A transfer of legal title to a lender or its nominee could be a change in ownership and so a trade requiring notification or approval.,Westpac Directors and Prescribed Employees are permitted to take out margin loans over their holdings in Westpac securities
WBC,WESTPAC BANKING CORPORATION,117521621560,Banks,2021-02-05,secured_financing,Prescribed Employees,any,any,permitted,implied,,4.8,"Only margin loans are named; a bank loan secured on Westpac shares with price triggers is functionally a margin loan and should be treated as within 4.8 (forced-sale restrictions, breach on lender sale in Blackout, disclosure by Key Prescribed Employees). The policy steers holders toward facilities without price triggers secured against other assets.","they should take steps to rearrange their affairs to have a facility that does not contain price triggers (for example, an investment loan secured against other assets)."
WBC,WESTPAC BANKING CORPORATION,117521621560,Banks,2021-02-05,short_term,Employees,any,any,prohibited,express,,3.5,Short-term or speculative trading (entry to exit within a few days to a few weeks) is prohibited for all Employees; a loss-avoidance sale shortly after purchase should be raised with the Group Control Room.,Short-term or speculative trading is prohibited and all employees must conduct their personal trading activities with a medium to long term perspective.
ANZ,ANZ GROUP HOLDINGS LIMITED,112614448954,Banks,2026-08-05,derivatives,ANZ Restricted Persons,unvested,any,prohibited,express,,3.5,"Options, derivatives or other hedging arrangements limiting economic risk of unvested incentive plan holdings are banned for Restricted Persons and Associates; no venue limit.","not enter into any options, derivatives or other hedging arrangements which operate to limit the economic risk of an unvested holding or a holding subject to a holding lock or clawback period under an ANZ employee or executive incentive plan in ANZ Securities"
ANZ,ANZ GROUP HOLDINGS LIMITED,112614448954,Banks,2026-08-05,derivatives,ANZ Restricted Persons,vested_locked,any,prohibited,express,,3.5,"The ban extends to vested plan shares that remain subject to a holding lock or clawback period, so deferred or restricted shares within their lock or clawback horizon cannot be collared.",or a holding subject to a holding lock or clawback period under an ANZ employee or executive incentive plan in ANZ Securities
ANZ,ANZ GROUP HOLDINGS LIMITED,112614448954,Banks,2026-08-05,derivatives,ANZ Restricted Persons,vested_unrestricted,any,permitted_with_clearance,via_dealing_definition,,"3.4; 6 (ANZ Security, Trade)","Derivatives over unrestricted shares are not expressly addressed. An option or derivative relating to ANZ shares is itself an ANZ Security and any transaction affecting an interest in ANZ Securities is a Trade, so an OTC put/call requires Pre-trade Approval (Chairman for Directors/CEO; CFO, CRO or Group General Counsel for ExCo/KMP; platform for others), valid 48 hours, outside Blackout Periods, subject to the speculative trading ban, 30-day hold and market perception test.","an option, derivative, future or warrant relating to any security or financial product referred to above and, where the context requires, includes an ANZ Right."
ANZ,ANZ GROUP HOLDINGS LIMITED,112614448954,Banks,2026-08-05,derivatives,"Employees, contingent workers and ANZ Directors",any,any,permitted,implied,,2; 3.1; 3.2,"Employees who are not Restricted Persons face only the insider trading prohibition and the market perception test; no derivative, hedging or financing restrictions are imposed on them.",Additional requirements apply to ANZ Restricted Persons and their Associates to manage risk arising from the Trading in ANZ Securities.
ANZ,ANZ GROUP HOLDINGS LIMITED,112614448954,Banks,2026-08-05,hedging,ANZ Restricted Persons,unvested,any,prohibited,express,,3.5,"Absolute ban on hedging unvested incentive plan holdings (ANZ Rights: deferred share rights, performance rights, restricted rights).","not enter into any options, derivatives or other hedging arrangements which operate to limit the economic risk of an unvested holding"
ANZ,ANZ GROUP HOLDINGS LIMITED,112614448954,Banks,2026-08-05,hedging,ANZ Restricted Persons,vested_locked,any,prohibited,express,,3.5,Hedging of vested plan shares under a holding lock or within a clawback period is banned.,or a holding subject to a holding lock or clawback period under an ANZ employee or executive incentive plan
ANZ,ANZ GROUP HOLDINGS LIMITED,112614448954,Banks,2026-08-05,hedging,ANZ Restricted Persons,vested_unrestricted,any,permitted_with_clearance,via_dealing_definition,,3.4; 3.5; 6,"Hedging of fully vested, unlocked, post-clawback shares (or shares bought on market) is not prohibited; by negative implication of the targeted ban it is available as a Trade with Pre-trade Approval, provided it has no financing leg subject to margin call or LTV.",ANZ Restricted Persons and their Associates must obtain Pre-trade Approval via the Personal Account Dealing Platform prior to Trading in ANZ Securities.
ANZ,ANZ GROUP HOLDINGS LIMITED,112614448954,Banks,2026-08-05,monetisation,ANZ Restricted Persons,vested_unrestricted,any,permitted_with_clearance,via_dealing_definition,,3.4; 3.5; 6 (Trade),"Monetisation is not named. A prepaid forward or collar is a derivative relating to ANZ Securities and a transaction affecting an interest in them, so needs Pre-trade Approval; but any funding leg that uses ANZ Securities in connection with a loan subject to margin call or loan-to-value ratio is expressly prohibited, and the 30-day minimum hold and speculative ban apply.",any transaction or change affecting title to or interest in ANZ Securities or ANZ Rights
ANZ,ANZ GROUP HOLDINGS LIMITED,112614448954,Banks,2026-08-05,short_selling,ANZ Restricted Persons,any,any,prohibited,express,,3.5,Outright ban for Restricted Persons and Associates.,not engage in short sales of ANZ Securities;
ANZ,ANZ GROUP HOLDINGS LIMITED,112614448954,Banks,2026-08-05,stock_lending,ANZ Restricted Persons,any,any,not_addressed,none,,,"Securities lending is not named. Lending shares changes title and would be a Trade requiring Pre-trade Approval, and lending to a short seller would be inconsistent with the short sale ban.",
ANZ,ANZ GROUP HOLDINGS LIMITED,112614448954,Banks,2026-08-05,cfd,ANZ Restricted Persons,any,any,permitted_with_clearance,express,,3.4; 3.5; 6 (Trade),"Entering a CFD relating to ANZ Securities is expressly a Trade requiring Pre-trade Approval; in practice a CFD would fall foul of the speculative trading ban, the 30-day hold, the short sale ban (if short) and the margin/LTV financing ban, and a CFD over unvested or locked plan holdings is prohibited hedging.","entering a contract for difference (CFD) relating to ANZ Securities,"
ANZ,ANZ GROUP HOLDINGS LIMITED,112614448954,Banks,2026-08-05,margin_lending,ANZ Restricted Persons,any,any,prohibited,express,,3.5,"Restricted Persons and Associates may not use ANZ Securities in connection with a margin loan or any similar financing arrangement that may be subject to a margin call or loan-to-value ratio, regardless of vesting state.",not use ANZ Securities in connection with a margin loan or similar financing arrangements that may be subject to a margin call or loan to value ratio;
ANZ,ANZ GROUP HOLDINGS LIMITED,112614448954,Banks,2026-08-05,margin_lending,"Employees, contingent workers and ANZ Directors",any,any,not_addressed,none,,,The financing prohibition in 3.5 is confined to Restricted Persons and their Associates.,
ANZ,ANZ GROUP HOLDINGS LIMITED,112614448954,Banks,2026-08-05,encumbrance,ANZ Restricted Persons,any,any,permitted_with_clearance,via_dealing_definition,,3.4; 3.5; 6 (Trade),Granting security is not named. A charge or mortgage over ANZ Securities is a change affecting an interest in them and so a Trade needing Pre-trade Approval outside Blackout Periods; where the security supports financing subject to a margin call or LTV ratio it is prohibited outright under 3.5.,any transaction or change affecting title to or interest in ANZ Securities or ANZ Rights
ANZ,ANZ GROUP HOLDINGS LIMITED,112614448954,Banks,2026-08-05,secured_financing,ANZ Restricted Persons,any,any,prohibited,express,,3.5,Any financing arrangement using ANZ Securities that may be subject to a margin call or loan-to-value ratio is banned; the wording 'similar financing arrangements' catches a bank loan secured on collared shares with LTV covenants. A secured loan with no margin call or LTV mechanism is not expressly named but would still be a Trade (change affecting interest) requiring Pre-trade Approval and subject to the market perception test.,not use ANZ Securities in connection with a margin loan or similar financing arrangements that may be subject to a margin call or loan to value ratio;
ANZ,ANZ GROUP HOLDINGS LIMITED,112614448954,Banks,2026-08-05,short_term,ANZ Restricted Persons,any,any,prohibited,express,,3.5,No short term or speculative transactions; Restricted Persons and Associates must have a medium to long term investment objective and hold ANZ Securities for at least 30 calendar days.,have a medium to long term investment objective and must hold ANZ Securities for a minimum period of 30 calendar days.
MQG,MACQUARIE GROUP LIMITED,94975532859,Financial Services,2024-01-02,derivatives,Macquarie Staff,any,any,permitted_with_clearance,via_dealing_definition,,2; 2.2; 3.1 (Macquarie securities),"Options, warrants, futures and structured products providing exposure to MQG shares are Macquarie securities, so any derivative transaction is a dealing that must be pre-cleared through PTA and placed during a Staff Trading Window. A derivative designed to hedge is further governed by 2.2.3 (banned over unvested or restricted securities; MSR floor for KMP and Executive Directors).","Structured products providing exposure to MQG shares, including but not limited to ETFs; Futures contracts, options and warrants over MQG shares"
MQG,MACQUARIE GROUP LIMITED,94975532859,Financial Services,2024-01-02,hedging,Macquarie Staff,unvested,any,prohibited,express,,2.2.3,"Absolute ban at any time on transactions designed or intended to hedge exposure to unvested Macquarie securities (including MEREP RSUs, DSUs and PSUs).",Macquarie Staff are not permitted at any time to enter into a transaction that is designed or intended to hedge their exposure to Macquarie securities which have not vested or are subject to a holding lock or dealing restriction.
MQG,MACQUARIE GROUP LIMITED,94975532859,Financial Services,2024-01-02,hedging,Macquarie Staff,vested_locked,any,prohibited,express,,2.2.3,The ban extends to vested securities that remain subject to a holding lock or dealing restriction.,or are subject to a holding lock or dealing restriction.
MQG,MACQUARIE GROUP LIMITED,94975532859,Financial Services,2024-01-02,hedging,Macquarie Staff,vested_unrestricted,any,permitted_with_clearance,express,,2.2.3,"Hedging unrestricted Macquarie securities is expressly permitted subject to PTA pre-clearance, business group approval and the general personal dealing requirements (Staff Trading Window, no Inside Information, no short-term trading).","They can however enter into a transaction intended to hedge unrestricted Macquarie securities subject to pre-clearance and other general personal dealing requirements (and, in respect of Key Management Personnel, subject to section 2.4 below)."
MQG,MACQUARIE GROUP LIMITED,94975532859,Financial Services,2024-01-02,hedging,Key Management Personnel,vested_unrestricted,any,floor,express,minimum personal shareholding requirement,2.2.3; 2.4,"KMP (and Executive Directors) may hedge unrestricted securities with pre-clearance, but not so as to limit or reduce the economic risk of their shareholding below the minimum personal shareholding requirement; a collar over MSR shares is therefore excluded. Financing disclosures under 2.4 also apply.",Key Management Personnel and Executive Directors may not enter into a transaction that operates to limit or reduce the economic risk of their shareholding below the minimum personal shareholding requirement.
MQG,MACQUARIE GROUP LIMITED,94975532859,Financial Services,2024-01-02,hedging,Executive Directors,vested_unrestricted,any,floor,express,minimum personal shareholding requirement,2.2.3,Same MSR floor as KMP: hedging permitted with pre-clearance only over shares in excess of the minimum personal shareholding requirement.,Key Management Personnel and Executive Directors may not enter into a transaction that operates to limit or reduce the economic risk of their shareholding below the minimum personal shareholding requirement.
MQG,MACQUARIE GROUP LIMITED,94975532859,Financial Services,2024-01-02,monetisation,Macquarie Staff,vested_unrestricted,any,permitted_with_clearance,via_dealing_definition,,2.2; 2.2.2; 2.2.3; 3.1,"Monetisation is not named. A prepaid forward or funded collar is a structured product providing exposure to MQG shares and a hedge, so it requires pre-clearance in a Staff Trading Window over unrestricted securities only; the financing leg is permitted under 2.2.2/2.4 with collateral-sufficiency and (for KMP) disclosure obligations, and the KMP/Executive Director MSR floor applies.","Macquarie considers dealing to include, without limitation, securities transactions such as transfers of beneficial ownership and trading (either directly or indirectly), including entering into an agreement to trade."
MQG,MACQUARIE GROUP LIMITED,94975532859,Financial Services,2024-01-02,short_selling,Macquarie Staff,any,any,prohibited,express,,1.1,Uncovered short selling arrangements in any security including Macquarie securities are prohibited even during an open window; covered short sales are not expressly addressed but would be dealings requiring pre-clearance.,"Macquarie Staff are prohibited from engaging in short-term trading and uncovered short selling arrangements in relation to any security, include a Macquarie security (even if the designated Staff Trading Window is open)."
MQG,MACQUARIE GROUP LIMITED,94975532859,Financial Services,2024-01-02,stock_lending,Macquarie Staff,any,any,not_addressed,none,,,Securities lending is not prohibited or named as a dealing; the only reference is the KMP obligation to inform the Company Secretary immediately if Macquarie securities have been lent to a financier.,
MQG,MACQUARIE GROUP LIMITED,94975532859,Financial Services,2024-01-02,cfd,Macquarie Staff,any,any,permitted_with_clearance,via_dealing_definition,,1.1; 2.2; 3.1,"CFDs are not named but are structured products providing exposure to MQG shares, so are dealings requiring pre-clearance in a window; a CFD would in practice offend the short-term trading ban and, if short, the uncovered short selling ban, and cannot hedge unvested or restricted securities.",Macquarie Staff are prohibited from engaging in short-term trading and uncovered short selling arrangements in relation to any security
MQG,MACQUARIE GROUP LIMITED,94975532859,Financial Services,2024-01-02,margin_lending,Macquarie Staff,any,any,permitted,express,,2.2.2,"Margin loans over Macquarie securities are permitted without pre-clearance for entry, with an expectation of sufficient cash or other acceptable collateral to meet margin calls even in an extreme sudden downturn. Any sale to meet a margin call is a dealing subject to pre-clearance and the window regime.",Macquarie Staff who enter into margin loans or other financing arrangements over Macquarie securities should ensure they have sufficient available cash or other acceptable collateral to meet margin calls including during a period of extreme sudden market downturn.
MQG,MACQUARIE GROUP LIMITED,94975532859,Financial Services,2024-01-02,margin_lending,Key Management Personnel,any,any,permitted_with_notification,express,,2.4,"KMP may take margin loans but must disclose financing arrangements annually, inform the Company Secretary immediately when securities are lent, mortgaged or charged to a financier, when the financier is or is likely to become entitled to demand payment, and when a demand cannot be met without disposing of at least 1% of issued securities; liquidating to meet a margin call requires PTA pre-clearance.",Liquidating a position to satisfy a margin call requires pre-clearance against Macquarie's PTA system. KMP must annually disclose their financing arrangements relating to their Macquarie securities to Macquarie.
MQG,MACQUARIE GROUP LIMITED,94975532859,Financial Services,2024-01-02,encumbrance,Macquarie Staff,any,any,permitted,implied,,2.2.2; 1.1,Granting security over Macquarie securities is not a listed dealing and is implicitly permitted because financing arrangements over Macquarie securities are contemplated. A transfer of beneficial ownership to a lender would be a dealing requiring pre-clearance.,Macquarie Staff who enter into margin loans or other financing arrangements over Macquarie securities
MQG,MACQUARIE GROUP LIMITED,94975532859,Financial Services,2024-01-02,encumbrance,Key Management Personnel,any,any,permitted_with_notification,express,,2.4,"KMP must inform the Company Secretary immediately when they hold Macquarie securities that have been lent, mortgaged or charged to a financier.","the member of KMP holds Macquarie securities that have been lent, mortgaged, or charged to a financier"
MQG,MACQUARIE GROUP LIMITED,94975532859,Financial Services,2024-01-02,secured_financing,Macquarie Staff,any,any,permitted,express,,2.2.2,"Financing arrangements over Macquarie securities generally (not only margin loans) are permitted, subject to the collateral-sufficiency expectation. The policy is silent on using unvested or locked securities as collateral.",Macquarie Staff who enter into margin loans or other financing arrangements over Macquarie securities should ensure they have sufficient available cash or other acceptable collateral to meet margin calls
MQG,MACQUARIE GROUP LIMITED,94975532859,Financial Services,2024-01-02,secured_financing,Key Management Personnel,any,any,permitted_with_notification,express,,2.4,Permitted with annual disclosure to Macquarie and immediate Company Secretary notification at inception of any charge and on margin-demand events; pre-clearance needed before liquidating to meet a call.,Key Management Personnel (KMP) who enter into margin loans or other financing arrangements over Macquarie securities should ensure they have sufficient available cash or other acceptable collateral to meet margin calls
MQG,MACQUARIE GROUP LIMITED,94975532859,Financial Services,2024-01-02,short_term,Macquarie Staff,any,any,prohibited,express,,1.1,Short-term trading in any security including Macquarie securities is prohibited even in an open window; no period is defined.,"Macquarie Staff are prohibited from engaging in short-term trading and uncovered short selling arrangements in relation to any security, include a Macquarie security (even if the designated Staff Trading Window is open)."
WES,WESFARMERS LIMITED,87507592674,Consumer Discretionary Distribution & Retail,2021-04-07,derivatives,Officers,any,any,permitted_with_clearance,via_dealing_definition,,"Annexure A 1(a), 1(c); Annexure B 3","Derivative trading is not named as a restricted activity, but 'securities' expressly includes equity swaps, CFDs, futures, hedges and exchange-traded or over-the-counter options, and dealing includes creating a hedge or other financial interest over or in relation to securities. An OTC put or call with a bank is therefore a dealing requiring the full Annexure B 3 clearance process and is barred in Blackout Periods. For an off-market dealing the dealing occurs at settlement, which must fall within two clear trading days of clearance.","securities includes shares, options, notes, bonds and other debentures, interests in managed investment schemes, trusts and other financial products, and any derivatives of those securities, including equity swaps, contracts for difference, futures, hedges and exchange-traded or over-the-counter options, whether settled by cash or otherwise."
WES,WESFARMERS LIMITED,87507592674,Consumer Discretionary Distribution & Retail,2021-04-07,derivatives,All directors and employees,any,any,permitted,via_dealing_definition,,"Policy; Annexure A 1(a), 1(c)",Employees who are not Officers may deal in derivatives over Wesfarmers securities subject only to not holding inside information and any Project Restrictions; no clearance or blackout applies.,All directors and employees of the Wesfarmers Group are prohibited from: (a) dealing in any securities where the person dealing in the securities has inside information in relation to those securities
WES,WESFARMERS LIMITED,87507592674,Consumer Discretionary Distribution & Retail,2021-04-07,hedging,Officers,unvested,any,prohibited,express,,Annexure B 9,"The policy restates the Corporations Act prohibition on KMP and their closely related parties limiting exposure to risk relating to remuneration that remains subject to restrictions on disposal, and states that clearance cannot be obtained for such dealings. Applies to Officers who are KMP.",Clearance cannot be obtained from the Wesfarmers Company Secretary under paragraph 3 of this Annexure B for dealings which are restricted by the Corporations Act.
WES,WESFARMERS LIMITED,87507592674,Consumer Discretionary Distribution & Retail,2021-04-07,hedging,Officers,vested_locked,any,prohibited,express,,Annexure B 9,"The Corporations Act restriction as restated applies to any element of remuneration that 'remains subject to restrictions on disposal', which captures vested shares still under a holding lock or disposal restriction under a share plan. No clearance is available.",from entering into an arrangement (with anyone) if the arrangement would have the effect of limiting the exposure of that director or senior executive to risk relating to an element of that director or senior executive's remuneration that remains subject to restrictions on disposal.
WES,WESFARMERS LIMITED,87507592674,Consumer Discretionary Distribution & Retail,2021-04-07,hedging,Officers,vested_unrestricted,any,permitted_with_clearance,express,,Annexure B 9(e),Hedging Wesfarmers or BWP Trust securities is prohibited for Officers and Associated Parties unless approval is sought and clearance obtained from the Company Secretary and all Annexure B 3 steps are complied with. Clearance is discretionary and will not be given where the 'front page' test is failed.,"Each Officer and their Associated Parties are prohibited from engaging in the following dealings: ... (e) hedging Wesfarmers or BWP Trust securities, unless approval has been sought and clearance obtained from the Wesfarmers Company Secretary, and all steps outlined in paragraph 3 of this Annexure B have been complied with."
WES,WESFARMERS LIMITED,87507592674,Consumer Discretionary Distribution & Retail,2021-04-07,hedging,All directors and employees,any,any,permitted,via_dealing_definition,,Policy; Annexure A 1(a)(iv),"Creating a hedge is a dealing, but for non-Officer employees the only constraints are the insider trading prohibition, Project Restrictions and share plan rules. Non-KMP employees are outside the Corporations Act hedging restriction restated in Annexure B 9.","creating a hedge, security interest, margin loan or other financial interest over or in relation to securities"
WES,WESFARMERS LIMITED,87507592674,Consumer Discretionary Distribution & Retail,2021-04-07,monetisation,Officers,any,any,permitted_with_clearance,via_dealing_definition,,"Annexure A 1(a); Annexure B 3, 9(d)","Monetisation structures are not named. A prepaid forward, funded collar or similar is a dealing (agreeing to sell; creating a financial interest over securities) requiring clearance, and any secured or financial interest component falls within the express Annexure B 9(d) clearance requirement.","any other transfer or creation of an interest in securities, whether directly, or by arranging for someone else to undertake the dealing on your behalf; and (vii) agreeing or applying to do any of the above."
WES,WESFARMERS LIMITED,87507592674,Consumer Discretionary Distribution & Retail,2021-04-07,short_selling,Officers,any,any,permitted_with_clearance,express,,Annexure B 9(c),Short selling by Officers and Associated Parties is prohibited unless approval is sought and clearance obtained from the Company Secretary; it is not an absolute ban.,(c) entering into instruments or transactions to borrow and sell Wesfarmers or BWP Trust securities with the intention of buying Wesfarmers or BWP Trust securities back at a later date (short selling)
WES,WESFARMERS LIMITED,87507592674,Consumer Discretionary Distribution & Retail,2021-04-07,short_selling,All directors and employees,any,any,not_addressed,none,,,The short selling restriction is confined to Annexure B (Officers); the general policy is silent for other employees.,
WES,WESFARMERS LIMITED,87507592674,Consumer Discretionary Distribution & Retail,2021-04-07,stock_lending,Officers,any,any,permitted_with_clearance,via_dealing_definition,,Annexure A 1(a)(v); Annexure B 3,"Lending securities is not named. Transferring legal ownership even where beneficial ownership does not change is a dealing, so lending shares to a bank (or delivering them to a custodian) requires Officer clearance. Borrowing to sell is caught as short selling under Annexure B 9(c).","transferring legal ownership of securities, even where beneficial ownership does not change"
WES,WESFARMERS LIMITED,87507592674,Consumer Discretionary Distribution & Retail,2021-04-07,cfd,Officers,any,any,permitted_with_clearance,via_dealing_definition,,"Annexure A 1(c); Annexure B 3, 9","Contracts for difference are named in the definition of securities, so dealing in a CFD over Wesfarmers securities requires clearance; a short CFD would also fall within the short selling and short-term dealing restrictions of Annexure B 9.","any derivatives of those securities, including equity swaps, contracts for difference, futures, hedges"
WES,WESFARMERS LIMITED,87507592674,Consumer Discretionary Distribution & Retail,2021-04-07,margin_lending,Officers,any,any,permitted_with_clearance,express,,Annexure B 9(d),Entering into a margin loan in respect of Wesfarmers or BWP Trust securities is prohibited for Officers and Associated Parties unless clearance is obtained from the Company Secretary and the Annexure B 3 process is followed. Entering into a margin loan is also a dealing under Annexure A 1(a)(iv).,"(d) creating a security interest or other financial interest, or entering into a margin loan in respect of, Wesfarmers or BWP Trust securities"
WES,WESFARMERS LIMITED,87507592674,Consumer Discretionary Distribution & Retail,2021-04-07,margin_lending,All directors and employees,any,any,permitted,via_dealing_definition,,Policy; Annexure A 1(a)(iv),For non-Officer employees a margin loan is a dealing subject only to the insider trading prohibition and any Project Restrictions.,"creating a hedge, security interest, margin loan or other financial interest over or in relation to securities"
WES,WESFARMERS LIMITED,87507592674,Consumer Discretionary Distribution & Retail,2021-04-07,encumbrance,Officers,any,any,permitted_with_clearance,express,,Annexure B 9(d),"Creating a security interest over Wesfarmers or BWP Trust securities, in any context, requires Company Secretary clearance for Officers and Associated Parties. Creating a security interest is also itself a dealing, so it attracts Blackout Periods and, for off-market dealings, the settle-within-two-trading-days rule.","(d) creating a security interest or other financial interest, or entering into a margin loan in respect of, Wesfarmers or BWP Trust securities"
WES,WESFARMERS LIMITED,87507592674,Consumer Discretionary Distribution & Retail,2021-04-07,encumbrance,All directors and employees,any,any,permitted,via_dealing_definition,,Policy; Annexure A 1(a)(iv),Creating a security interest is a dealing; for non-Officer employees it is restricted only by the insider trading prohibition and Project Restrictions.,"creating a hedge, security interest, margin loan or other financial interest over or in relation to securities"
WES,WESFARMERS LIMITED,87507592674,Consumer Discretionary Distribution & Retail,2021-04-07,secured_financing,Officers,any,any,permitted_with_clearance,express,,Annexure B 9(d),"Any financing secured on Wesfarmers securities (security interest, other financial interest or margin loan) is a clearance-gated dealing for Officers, not an outright prohibition. There is no security-state carve-out in the policy, but share plan rules must be complied with for plan shares.","creating a security interest or other financial interest, or entering into a margin loan in respect of, Wesfarmers or BWP Trust securities ... unless approval has been sought and clearance obtained from the Wesfarmers Company Secretary"
WES,WESFARMERS LIMITED,87507592674,Consumer Discretionary Distribution & Retail,2021-04-07,short_term,Officers,any,any,permitted_with_clearance,express,,"Annexure B 9(a), 9(b)","Acquiring with the intention of disposing within less than three months, or disposing with the intention of buying back within less than three months, is prohibited for Officers and Associated Parties unless clearance is obtained. Disposals within a short period after vesting or issuance under a share plan are carved out.",(a) acquiring Wesfarmers or BWP Trust securities with the intention of disposing of some or all of those securities within a period of less than three months from the date of acquisition (this does not include disposals of Wesfarmers securities within a short period of time after vesting or issuance of those securities under a share plan)
WES,WESFARMERS LIMITED,87507592674,Consumer Discretionary Distribution & Retail,2021-04-07,short_term,All directors and employees,any,any,not_addressed,none,,,No short-term dealing restriction applies outside Annexure B.,
CSL,CSL LIMITED,82521323101,"Pharmaceuticals, Biotechnology & Life Sciences",2023-12-15,derivatives,Directors and members of the Global Leadership Group,any,any,prohibited,via_hedging_definition,,2.5,"There is no definition of dealing or of CSL Securities in the lodged document and derivatives are not named. Any derivative that limits the economic risk of holding CSL Securities (a purchased put, a collar, a swap) is a hedging arrangement and absolutely prohibited for directors, Global Leadership Group members and their Related Parties. Non-hedging derivatives are not addressed.",Hedging is a form of dealing and includes entering into transactions in financial products that operate to limit the economic risk associated with holding CSL Securities.
CSL,CSL LIMITED,82521323101,"Pharmaceuticals, Biotechnology & Life Sciences",2023-12-15,derivatives,Personnel,any,any,not_addressed,none,,,"Derivatives are not named and there is no dealing or securities definition in the lodged document. Risk-limiting derivatives over CSL Securities are governed by the hedging rules in 2.5; other derivatives are not addressed beyond the general insider trading, Closed Period and (for Restricted Persons) approval requirements that apply to any dealing in CSL Securities.",
CSL,CSL LIMITED,82521323101,"Pharmaceuticals, Biotechnology & Life Sciences",2023-12-15,hedging,Directors and members of the Global Leadership Group,any,any,prohibited,express,,2.5,"Absolute ban on hedging arrangements in relation to CSL Securities for directors, Global Leadership Group members and their Related Parties, with no distinction between plan and non-plan shares or between vested and unvested holdings, and no approval route.","Directors, members of the Global Leadership Group and their Related Parties must not enter into hedging arrangements in relation to CSL Securities."
CSL,CSL LIMITED,82521323101,"Pharmaceuticals, Biotechnology & Life Sciences",2023-12-15,hedging,Personnel,unvested,any,prohibited,express,,2.5,"No Personnel may hedge CSL Equity Plan entitlements before vesting, and must seek to ensure Related Parties do not.",Personnel who have entitlements to CSL Securities under a CSL Equity Plan must not (and must seek to ensure their Related Parties do not) hedge against those entitlements prior to the vesting of those entitlements or while they are subject to a holding lock.
CSL,CSL LIMITED,82521323101,"Pharmaceuticals, Biotechnology & Life Sciences",2023-12-15,hedging,Personnel,vested_locked,any,prohibited,express,,2.5,Vested Equity Plan securities that remain subject to a holding lock may not be hedged by any Personnel.,must not ... hedge against those entitlements prior to the vesting of those entitlements or while they are subject to a holding lock.
CSL,CSL LIMITED,82521323101,"Pharmaceuticals, Biotechnology & Life Sciences",2023-12-15,hedging,Personnel,vested_unrestricted,any,permitted,express,,2.5,"Personnel other than directors, Global Leadership Group members and their Related Parties may hedge vested, unlocked CSL Securities if the hedge is initiated in an Open Period, is arranged so that its specified exercise date falls within an Open Period, and they hold no inside information. If the Disclosure Committee later declares or extends a Closed Period over the exercise date, prior approval to exercise may be requested under 3.1.","Personnel (other than a director, member of the Global Leadership Group or their Related Parties) may hedge against vested CSL Securities that are not subject to a holding lock if the hedge is both initiated in, and arranged so that the specified exercise date falls within, an Open Period and when not in possession of inside information."
CSL,CSL LIMITED,82521323101,"Pharmaceuticals, Biotechnology & Life Sciences",2023-12-15,hedging,Restricted Persons,vested_unrestricted,any,permitted_with_clearance,express,,"2.2, 2.5, 3.1","A Restricted Person who is not a director or Global Leadership Group member may hedge vested, unlocked securities on the 2.5 conditions but, as hedging is a form of dealing, must first obtain approval under 3.1 and deal within three ASX trading days.",Restricted Persons and their Related Parties may only deal in CSL Securities during Open Periods if prior approval is sought and granted in accordance with the procedure set out in section 3.1 Seeking Prior Approval and they are not in possession of inside information.
CSL,CSL LIMITED,82521323101,"Pharmaceuticals, Biotechnology & Life Sciences",2023-12-15,monetisation,all,any,any,prohibited,implied,,"2.5, 2.6","Monetisation is not named. A prepaid forward, funded collar or similar limits the economic risk of holding CSL Securities and so is a hedging arrangement (banned for directors and GLG; window-conditioned for others), and any structure secured on CSL Securities is a secured financing arrangement banned for all Personnel under 2.6.","Personnel must not obtain margin loans using CSL Securities (either solely or as part of a portfolio) as security for the loans, or enter into any other secured financing arrangements in respect of CSL Securities."
CSL,CSL LIMITED,82521323101,"Pharmaceuticals, Biotechnology & Life Sciences",2023-12-15,short_selling,all,any,any,prohibited,express,,2.3,"Outright ban on short selling CSL Securities for all Personnel, defined as selling financial products not owned with a view to repurchasing later at a lower price.",Personnel are not permitted to engage in any short selling of CSL Securities.
CSL,CSL LIMITED,82521323101,"Pharmaceuticals, Biotechnology & Life Sciences",2023-12-15,stock_lending,all,any,any,not_addressed,none,,,Securities lending is not named and there is no dealing definition in the lodged document.,
CSL,CSL LIMITED,82521323101,"Pharmaceuticals, Biotechnology & Life Sciences",2023-12-15,cfd,all,any,any,not_addressed,none,,,"CFDs are not named. A CFD used to limit the economic risk of holding CSL Securities would be a hedging arrangement under 2.5, and a short CFD closed within three months could offend the short-term dealing ban, but the policy does not address CFDs directly.",
CSL,CSL LIMITED,82521323101,"Pharmaceuticals, Biotechnology & Life Sciences",2023-12-15,margin_lending,all,any,any,prohibited,express,,2.6,"Margin loans using CSL Securities as security, solely or within a portfolio, are banned for all Personnel with no approval route.",Personnel must not obtain margin loans using CSL Securities (either solely or as part of a portfolio) as security for the loans
CSL,CSL LIMITED,82521323101,"Pharmaceuticals, Biotechnology & Life Sciences",2023-12-15,encumbrance,all,any,any,prohibited,express,,2.6,Granting security over CSL Securities to support any financing is a secured financing arrangement and banned. A charge or lien unconnected with financing is not addressed.,or enter into any other secured financing arrangements in respect of CSL Securities.
CSL,CSL LIMITED,82521323101,"Pharmaceuticals, Biotechnology & Life Sciences",2023-12-15,secured_financing,all,any,any,prohibited,express,,2.6,"Blanket ban on any secured financing in respect of CSL Securities for all Personnel, not limited to margin loans, with no tier, vesting-state or approval carve-out. The Exceptional Circumstances process cannot override it because dealings permitted under 2.7 must comply with the other sections of the Policy.",or enter into any other secured financing arrangements in respect of CSL Securities.
CSL,CSL LIMITED,82521323101,"Pharmaceuticals, Biotechnology & Life Sciences",2023-12-15,short_term,all,any,any,prohibited,express,,"2.4, 2.7","Buying and selling CSL Securities within a three-month period is banned unless Exceptional Circumstances apply (severe financial hardship, court order or other exceptional circumstance) and prior approval is granted under 3.1.","Personnel must not buy and sell CSL Securities on a short-term basis (that is, within a three-month period) except in Exceptional Circumstances (see section 2.7 Exceptional circumstances) and provided prior approval is sought and granted"
RIO,RIO TINTO LIMITED,66001984052,Materials,2020-12-23,derivatives,PDMRs,any,any,prohibited,express,,12.3(a),"Absolute ban on PDMRs Dealing in derivative products issued over or in respect of Rio Tinto Securities, with no venue, vesting-state or approval carve-out. This captures both the purchased put and the written call of a collar.",PDMRs are prohibited from undertaking any of the following Dealings with respect to Rio Tinto Securities: (a) Dealing in derivative products issued over or in respect of Rio Tinto Securities
RIO,RIO TINTO LIMITED,66001984052,Materials,2020-12-23,derivatives,Permanent Restricted Persons,any,any,permitted_with_clearance,via_dealing_definition,,"9.1, 14, 16 (Deal, Securities)","For Permanent Restricted Persons who are not PDMRs, a derivative is not named as restricted but any transaction whose economic outcome depends on the price of a Rio Tinto Security is a Dealing, and Securities includes unquoted financial instruments linked to Rio Tinto Securities, so an OTC option requires prior written clearance via the Dealing Rules portal and must be executed within the clearance period.","entering into a transaction the economic outcome of which is dependent upon the price of a Rio Tinto Security, including but not limited to a transaction which has the effect of limiting the economic risk of holding a Rio Tinto Security"
RIO,RIO TINTO LIMITED,66001984052,Materials,2020-12-23,derivatives,Rio Tinto Personnel,any,any,permitted,via_dealing_definition,,"5.1, 16 (Deal)",Personnel who are not Restricted Persons or PDMRs may Deal in derivatives subject only to the Insider Dealing prohibition.,All Rio Tinto Personnel who have access to Inside Information about the Rio Tinto Group must not: (a) Deal in Rio Tinto Securities
RIO,RIO TINTO LIMITED,66001984052,Materials,2020-12-23,hedging,Permanent Restricted Persons,unvested,any,prohibited,express,,11.1,"Permanent Restricted Persons (which includes all PDMRs) must not enter arrangements limiting the economic risk of unvested employee share plan shares, options or other securities.","Rio Tinto prohibits Permanent Restricted Persons, from entering into arrangements which have the effect of limiting the economic risk related to an unvested share, option or other Rio Tinto Security granted or awarded under a Rio Tinto employee share plan"
RIO,RIO TINTO LIMITED,66001984052,Materials,2020-12-23,hedging,Permanent Restricted Persons,vested_locked,any,prohibited,express,,11.1,"The hedging ban extends to vested plan securities, including shares acquired under a plan, that remain subject to disposal restrictions.","(or a vested share, option or other Rio Tinto Security granted, awarded or acquired under a Rio Tinto employee share plan that is still subject to disposal restrictions)"
RIO,RIO TINTO LIMITED,66001984052,Materials,2020-12-23,hedging,Permanent Restricted Persons,vested_unrestricted,any,permitted_with_clearance,via_dealing_definition,,"9.1, 11.1, 14, 16 (Deal)","Section 11.1 does not reach vested plan securities free of disposal restrictions or non-plan shares. For non-PDMR Permanent Restricted Persons, hedging those holdings is a Dealing (transaction limiting the economic risk of holding a Rio Tinto Security) requiring prior written clearance. PDMRs cannot use this route because of the derivatives ban.",including but not limited to a transaction which has the effect of limiting the economic risk of holding a Rio Tinto Security
RIO,RIO TINTO LIMITED,66001984052,Materials,2020-12-23,hedging,PDMRs,vested_unrestricted,any,prohibited,implied,,12.3(a),"No express hedging ban covers PDMRs' vested unrestricted shares, but any hedge implemented through a derivative product over or in respect of Rio Tinto Securities is prohibited by 12.3(a), leaving no practical hedging route.",(a) Dealing in derivative products issued over or in respect of Rio Tinto Securities
RIO,RIO TINTO LIMITED,66001984052,Materials,2020-12-23,monetisation,PDMRs,any,any,prohibited,implied,,"12.3(a), 12.3(d)","Monetisation is not named. A prepaid forward, funded collar or similar is a derivative product over Rio Tinto Securities and, where secured on the shares, a secured financing arrangement; both are banned for PDMRs.",(d) entering into margin lending or other secure financing arrangements in respect of Rio Tinto Securities.
RIO,RIO TINTO LIMITED,66001984052,Materials,2020-12-23,monetisation,Permanent Restricted Persons,any,any,permitted_with_clearance,via_dealing_definition,,"9.1, 14, 16 (Deal)",For non-PDMR Permanent Restricted Persons a monetisation structure is a Dealing under limbs (e) and (h) of the definition and requires prior written clearance.,"(h) entering into any margin lending, derivative contract or other secured financial arrangement pursuant to which a charge is granted over the Rio Tinto Securities."
RIO,RIO TINTO LIMITED,66001984052,Materials,2020-12-23,short_selling,PDMRs,any,any,prohibited,express,,12.3(c),Outright ban on PDMRs short selling Rio Tinto Securities.,(c) engaging in the practice of short selling in Rio Tinto Securities
RIO,RIO TINTO LIMITED,66001984052,Materials,2020-12-23,short_selling,Permanent Restricted Persons,any,any,permitted_with_clearance,via_dealing_definition,,"9.1, 14, 16 (Deal)",Short selling is not named for non-PDMR Restricted Persons; a short sale is a disposal and so a Dealing requiring prior written clearance.,Dealing in Securities covers a wide range of transactions affecting the title or interest in those securities including: (a) acquisition or disposal
RIO,RIO TINTO LIMITED,66001984052,Materials,2020-12-23,stock_lending,Permanent Restricted Persons,any,any,permitted_with_clearance,via_dealing_definition,,"14, 16 (Deal)","Securities lending is not named. Lending transfers title and so falls within the chapeau of the Dealing definition (transactions affecting the title or interest in securities), requiring prior written clearance for Permanent and Project Restricted Persons; PDMRs are not separately restricted.",Dealing in Securities covers a wide range of transactions affecting the title or interest in those securities
RIO,RIO TINTO LIMITED,66001984052,Materials,2020-12-23,cfd,PDMRs,any,any,prohibited,implied,,12.3(a),CFDs are not named but are derivative products issued over or in respect of Rio Tinto Securities and so fall within the PDMR derivatives ban.,(a) Dealing in derivative products issued over or in respect of Rio Tinto Securities
RIO,RIO TINTO LIMITED,66001984052,Materials,2020-12-23,cfd,Permanent Restricted Persons,any,any,permitted_with_clearance,via_dealing_definition,,"9.1, 14, 16 (Deal)",A CFD is a transaction whose economic outcome depends on the price of a Rio Tinto Security and so a Dealing requiring prior written clearance for non-PDMR Permanent Restricted Persons.,entering into a transaction the economic outcome of which is dependent upon the price of a Rio Tinto Security
RIO,RIO TINTO LIMITED,66001984052,Materials,2020-12-23,margin_lending,PDMRs,any,any,prohibited,express,,12.3(d),Absolute ban on PDMRs entering margin lending arrangements in respect of Rio Tinto Securities.,(d) entering into margin lending or other secure financing arrangements in respect of Rio Tinto Securities.
RIO,RIO TINTO LIMITED,66001984052,Materials,2020-12-23,margin_lending,Permanent Restricted Persons,any,any,permitted_with_clearance,via_dealing_definition,,"9.1, 10(f), 14, 16 (Deal)",Entering a margin loan under which a charge is granted over Rio Tinto Securities is a Dealing requiring prior written clearance for non-PDMR Permanent Restricted Persons; a subsequent disposal by the secured lender exercising its rights is excluded from the Policy.,"(h) entering into any margin lending, derivative contract or other secured financial arrangement pursuant to which a charge is granted over the Rio Tinto Securities."
RIO,RIO TINTO LIMITED,66001984052,Materials,2020-12-23,encumbrance,PDMRs,any,any,prohibited,express,,"12.3(d), 16 (Deal)","Granting a charge over Rio Tinto Securities to secure financing is a secured financing arrangement banned for PDMRs. A charge, lien or encumbrance unconnected with financing is a Dealing under limb (c) requiring clearance and Closed Period compliance rather than being banned.","(c) using as security, or otherwise granting a charge, lien or other encumbrance"
RIO,RIO TINTO LIMITED,66001984052,Materials,2020-12-23,encumbrance,Permanent Restricted Persons,any,any,permitted_with_clearance,via_dealing_definition,,"9.1, 14, 16 (Deal)","Using Rio Tinto Securities as security or granting any charge, lien or encumbrance is a Dealing requiring prior written clearance.","(c) using as security, or otherwise granting a charge, lien or other encumbrance"
RIO,RIO TINTO LIMITED,66001984052,Materials,2020-12-23,secured_financing,PDMRs,any,any,prohibited,express,,12.3(d),Any secured financing arrangement in respect of Rio Tinto Securities is banned for PDMRs with no approval route; the exceptional circumstances clearance in section 15 covers only Closed Period and short-term dealing.,(d) entering into margin lending or other secure financing arrangements in respect of Rio Tinto Securities.
RIO,RIO TINTO LIMITED,66001984052,Materials,2020-12-23,secured_financing,Permanent Restricted Persons,any,any,permitted_with_clearance,via_dealing_definition,,"9.1, 14, 16 (Deal)","For non-PDMR Permanent Restricted Persons a secured financing arrangement under which a charge is granted over Rio Tinto Securities is a Dealing requiring prior written clearance, executed within two Business Days or the period specified.","(h) entering into any margin lending, derivative contract or other secured financial arrangement pursuant to which a charge is granted over the Rio Tinto Securities."
RIO,RIO TINTO LIMITED,66001984052,Materials,2020-12-23,short_term,PDMRs,any,any,prohibited,express,,"12.3(b), 15.1","PDMRs must not Deal on a short-term trading basis, defined as three months between purchase and sale, unless clearance is given in exceptional circumstances under section 15.","(b) Dealing in Rio Tinto Securities on a short-term trading basis, being a period of three months between purchase and sale of any Rio Tinto Securities"
RIO,RIO TINTO LIMITED,66001984052,Materials,2020-12-23,short_term,Restricted Persons,any,any,not_addressed,none,,15.1,"The express short-term ban is confined to PDMRs. Section 15.1 contemplates clearance for Restricted Persons to undertake short-term trading in exceptional circumstances, implying a restriction, but none is stated for non-PDMR Restricted Persons.",Clearance may be given to PDMRs and Restricted Persons to Deal in Rio Tinto Securities during Closed Periods or to undertake short-term trading
WDS,WOODSIDE ENERGY GROUP LTD,62165974676,Energy,2024-12-11,derivatives,"directors, executive key management personnel and other executives participating in an equity-based executive incentive plan",any,any,prohibited,express,,5.1,"Absolute ban on transactions in Woodside-based derivative securities (options, warrants, stock appreciation rights, convertible notes or similar rights), whether or not for hedging, expressly including option contracts, straddles or collars and writing puts or calls, plus debt convertible into Woodside shares. Holding, exercising or settling plan awards is carved out.","Transactions in derivative securities include, but are not limited to: trading in Woodside-based option contracts; transactions in straddles or collars; and/or writing puts or calls."
WDS,WOODSIDE ENERGY GROUP LTD,62165974676,Energy,2024-12-11,derivatives,restricted employees,any,any,permitted_with_clearance,via_dealing_definition,,"1.3, 2.3, 6.2","For restricted employees outside the section 5 tier (e.g. GGC-nominated employees not in an executive incentive plan), third-party derivatives over Woodside shares are securities and granting, accepting or acquiring an option is a dealing, so a Compliance Certificate must be acknowledged by the Group General Counsel and the dealing completed within 7 days, outside black-out periods; the requirement is stated expressly for products limiting the economic risk of a vested holding.",These requirements also apply to dealings in financial products issued by third parties in relation to Woodside securities which operate to limit the economic risk of a vested holding in Woodside securities.
WDS,WOODSIDE ENERGY GROUP LTD,62165974676,Energy,2024-12-11,derivatives,employees,any,any,permitted,via_dealing_definition,,"1.3, 2.3, 3.1, 6.1","Employees may deal in derivatives over Woodside securities at any time without notification, subject to holding no inside information, the Front Page Test and the ban on short-term or speculative dealing, which in practice constrains short-dated or speculative option positions.","you can deal in Woodside securities at any time provided you do not have inside information, the proposed dealing would pass the Front Page Test and you are not involved in short term or speculative dealing"
WDS,WOODSIDE ENERGY GROUP LTD,62165974676,Energy,2024-12-11,hedging,"directors, executive key management personnel and other executives participating in an equity-based executive incentive plan",unvested,any,prohibited,express,,5.1,No transaction may hedge or transfer to another person the risk of fluctuation in the value of an unvested entitlement.,"are prohibited from entering into any transaction which would have the effect of hedging, or otherwise transferring to any other person the risk of any fluctuation in the value of, any unvested entitlement in Woodside securities"
WDS,WOODSIDE ENERGY GROUP LTD,62165974676,Energy,2024-12-11,hedging,"directors, executive key management personnel and other executives participating in an equity-based executive incentive plan",vested_locked,any,prohibited,express,,5.1,The hedging ban extends to vested securities still subject to a holding lock or similar plan restriction.,or vested Woodside securities that remain subject to a holding lock or similar restriction under a Woodside equity incentive plan.
WDS,WOODSIDE ENERGY GROUP LTD,62165974676,Energy,2024-12-11,hedging,"directors, executive key management personnel and other executives participating in an equity-based executive incentive plan",vested_unrestricted,any,prohibited,express,,5.1,"Hedging of vested, unlocked shares is not itself banned for this tier, but every practical hedge (collar, purchased put, written call, swap-like right) is a transaction in Woodside-based derivative securities, which section 5.1 prohibits 'whether entered into for hedging purposes or not'.","Transactions involving Woodside-based derivative securities by directors, executive key management personnel and other executives participating in an equity-based executive incentive plan, are also prohibited."
WDS,WOODSIDE ENERGY GROUP LTD,62165974676,Energy,2024-12-11,hedging,restricted employees,vested_unrestricted,any,permitted_with_clearance,express,,6.2,"Restricted employees outside the section 5 tier may enter third-party financial products limiting the economic risk of a vested holding, subject to Compliance Certificate acknowledgement by the Group General Counsel, the 7-day window, black-out periods and the Front Page Test.",These requirements also apply to dealings in financial products issued by third parties in relation to Woodside securities which operate to limit the economic risk of a vested holding in Woodside securities.
WDS,WOODSIDE ENERGY GROUP LTD,62165974676,Energy,2024-12-11,hedging,employees,vested_unrestricted,any,permitted,via_dealing_definition,,"2.7, 6.1","Employees outside section 5 are not restricted from hedging vested, unlocked holdings beyond the general insider trading, Front Page Test, short-term dealing and plan rules; the Policy applies to subsequent dealings in plan securities.",This Policy does not restrict participation in Woodside employee share and equity incentive plans but does apply in respect of any subsequent dealing in Woodside securities to which you become entitled under those plans.
WDS,WOODSIDE ENERGY GROUP LTD,62165974676,Energy,2024-12-11,monetisation,directors,any,any,prohibited,implied,,"5.1, 8.1","Monetisation is not named. A prepaid forward or funded collar is a transaction in derivative securities banned by 5.1, and any structure secured on the shares is pledging banned by 8.1.",directors or Company Secretaries of Woodside Energy Group Ltd and direct reports to the CEO are prohibited from pledging Woodside securities as collateral.
WDS,WOODSIDE ENERGY GROUP LTD,62165974676,Energy,2024-12-11,monetisation,restricted employees,any,any,prohibited,implied,,"5.1, 8.1","For CEO direct reports and Company Secretaries, any secured monetisation is pledging banned by 8.1, and executive plan participants are also within the 5.1 derivatives ban. A GGC-nominated restricted employee outside both bans could monetise only as a dealing requiring Compliance Certificate acknowledgement.",directors or Company Secretaries of Woodside Energy Group Ltd and direct reports to the CEO are prohibited from pledging Woodside securities as collateral.
WDS,WOODSIDE ENERGY GROUP LTD,62165974676,Energy,2024-12-11,short_selling,all,any,any,prohibited,express,,3.1,"Short selling is named as a form of short-term or speculative dealing and banned for everyone covered by the Policy, directly or indirectly.","It is Woodside's policy that you must not engage, directly or indirectly, in short-term or speculative dealing (including short-selling) in Woodside securities."
WDS,WOODSIDE ENERGY GROUP LTD,62165974676,Energy,2024-12-11,stock_lending,all,any,any,not_addressed,none,,,"Lending securities is not named; borrowing appears only in the description of short selling. A loan of shares would likely be a dealing under the broad 'any transaction or change affecting title to, or interest in, securities' chapeau but the Policy does not address it.",
WDS,WOODSIDE ENERGY GROUP LTD,62165974676,Energy,2024-12-11,cfd,"directors, executive key management personnel and other executives participating in an equity-based executive incentive plan",any,any,prohibited,implied,,5.1,CFDs are not named. A CFD is a 'similar right whose value is derived from the value of an equity security' and so a Woodside-based derivative security banned for this tier; it would also be speculative dealing under 3.1.,"'Derivative securities' are options, warrants, stock appreciation rights, convertible notes or similar rights whose value is derived from the value of an equity security."
WDS,WOODSIDE ENERGY GROUP LTD,62165974676,Energy,2024-12-11,cfd,restricted employees,any,any,permitted_with_clearance,via_dealing_definition,,"1.3, 3.1, 6.2","For restricted employees outside the section 5 tier a CFD is a third-party financial product in relation to Woodside shares requiring Compliance Certificate acknowledgement, and would be caught by the speculative dealing ban if used for short-term trading.","derivatives (such as exchange-traded options and warrants) and other financial products issued by third parties in relation to Woodside shares, debentures and options"
WDS,WOODSIDE ENERGY GROUP LTD,62165974676,Energy,2024-12-11,margin_lending,directors,any,any,prohibited,express,,8.1,"Directors may not pledge Woodside securities as collateral, expressly including shares held in a margin account, because a foreclosure sale while aware of inside information may be unlawful insider trading.","Woodside securities pledged as collateral, including shares held in a margin account, may be sold without your consent by the lender in foreclosure if you default on your loan."
WDS,WOODSIDE ENERGY GROUP LTD,62165974676,Energy,2024-12-11,margin_lending,restricted employees,any,any,prohibited,express,,8.1,"The pledging ban covers Company Secretaries and direct reports to the CEO but not GGC-nominated restricted employees, for whom a margin loan is a dealing (granting a charge) requiring Compliance Certificate acknowledgement and subject to the 3.1 three-month rule.",directors or Company Secretaries of Woodside Energy Group Ltd and direct reports to the CEO are prohibited from pledging Woodside securities as collateral.
WDS,WOODSIDE ENERGY GROUP LTD,62165974676,Energy,2024-12-11,margin_lending,employees,any,any,permitted,express,,3.1,Employees are not barred from margin loans but must not enter arrangements such as margin loans that could result in securities being disposed of within three months of acquisition; section 8.1 warns of insider trading risk on foreclosure.,"If you acquire Woodside securities, you must not dispose of those securities or enter into arrangements (such as margin loans) which could result in those securities being disposed of within three months of acquisition."
WDS,WOODSIDE ENERGY GROUP LTD,62165974676,Energy,2024-12-11,encumbrance,directors,any,any,prohibited,express,,8.1,Pledging Woodside securities as collateral in any form is banned for directors; using securities as security or granting a charge or encumbrance is also a dealing under 2.3.,directors or Company Secretaries of Woodside Energy Group Ltd and direct reports to the CEO are prohibited from pledging Woodside securities as collateral.
WDS,WOODSIDE ENERGY GROUP LTD,62165974676,Energy,2024-12-11,encumbrance,restricted employees,any,any,prohibited,express,,"2.3, 8.1",Banned for Company Secretaries and CEO direct reports. Other restricted employees may grant a charge or encumbrance only as a dealing with Compliance Certificate acknowledgement.,using as security or otherwise granting a charge or encumbrance over securities
WDS,WOODSIDE ENERGY GROUP LTD,62165974676,Energy,2024-12-11,encumbrance,employees,any,any,permitted,via_dealing_definition,,"2.3, 6.1",Granting a charge is a dealing; employees may do so subject to the general rules and no notification is required.,using as security or otherwise granting a charge or encumbrance over securities
WDS,WOODSIDE ENERGY GROUP LTD,62165974676,Energy,2024-12-11,secured_financing,directors,any,any,prohibited,express,,8.1,Any borrowing secured by a pledge of Woodside securities is prohibited for directors with no approval route; the section 4.3 exceptional circumstances clearance permits disposals only.,"Due to this risk, directors or Company Secretaries of Woodside Energy Group Ltd and direct reports to the CEO are prohibited from pledging Woodside securities as collateral."
WDS,WOODSIDE ENERGY GROUP LTD,62165974676,Energy,2024-12-11,secured_financing,restricted employees,any,any,prohibited,express,,8.1,Prohibited for Company Secretaries and direct reports to the CEO. GGC-nominated restricted employees outside that group are not within the ban and would treat a secured loan as a dealing requiring acknowledgement.,directors or Company Secretaries of Woodside Energy Group Ltd and direct reports to the CEO are prohibited from pledging Woodside securities as collateral.
WDS,WOODSIDE ENERGY GROUP LTD,62165974676,Energy,2024-12-11,secured_financing,employees,any,any,permitted,via_dealing_definition,,"2.3, 3.1, 8.1","Not prohibited for employees, subject to the three-month disposal rule for arrangements that could force a sale of recently acquired securities and the insider trading warning in 8.1.",Employees can risk breaching insider trading laws if they enter borrowing arrangements that may result in the sale of securities at the time they possess inside information.
WDS,WOODSIDE ENERGY GROUP LTD,62165974676,Energy,2024-12-11,short_term,all,any,any,prohibited,express,,3.1,"Three-month minimum holding period from acquisition, extended to arrangements (such as margin loans) that could result in disposal within that period; sales of plan securities are carved out. The section 4.3 exceptional circumstances clearance can override it for disposals.","If you acquire Woodside securities, you must not dispose of those securities or enter into arrangements (such as margin loans) which could result in those securities being disposed of within three months of acquisition."
FMG,FORTESCUE LTD,53604779222,Materials,2015-08-20,derivatives,Designated Persons,vested_unrestricted,any,permitted_with_notification,via_dealing_definition,,"8(c), 9, 24, 25","No standalone derivatives rule for vested, unlocked shares. Company Securities include derivatives and other financial products created or issued by third parties in relation to the Company's shares, and dealing includes buying or selling them or agreeing to do so, and any transaction limiting economic risk of a holding. An OTC put and call with a bank is therefore a dealing requiring prior Notification, execution within 7 days, and is barred during Prohibited Periods and while holding inside information.","derivatives and other financial products created by the Company or created or issued by third parties in relation to the Company's shares, debentures, options or other securities able to be traded on ASX or another stock exchange"
FMG,FORTESCUE LTD,53604779222,Materials,2015-08-20,derivatives,Designated Persons,unvested,any,prohibited,express,,29,Acquiring derivatives or options in relation to Company Securities that hedge or transfer the risk of fluctuation in value of an unvested entitlement (including equity rights subject to time and/or performance hurdles) is expressly banned.,This would include acquiring derivatives or options in relation to Company Securities.
FMG,FORTESCUE LTD,53604779222,Materials,2015-08-20,derivatives,Designated Persons,vested_locked,any,prohibited,express,,29,The same express ban on acquiring derivatives or options extends to Company Securities which are vested but still subject to a holding lock.,Company Securities which are vested but still subject to a holding lock. This would include acquiring derivatives or options in relation to Company Securities.
FMG,FORTESCUE LTD,53604779222,Materials,2015-08-20,derivatives,Persons,any,any,permitted,implied,,23,"Persons who are not Designated Persons are bound only by the general principles (insider trading, conflicts, no personal advantage from non-public information); the Notification, Prohibited Period and hedging restrictions are not applied to them.","Persons who possess ""inside information"" must not deal or procure dealing in Company Securities"
FMG,FORTESCUE LTD,53604779222,Materials,2015-08-20,hedging,Designated Persons,unvested,any,prohibited,express,,29,"Absolute ban on transactions having the effect of hedging or transferring the risk of fluctuation in value of any unvested entitlement, including equity rights subject to time and/or performance hurdles. No approval route.",A Designated Person must not enter into transactions which would have the effect of hedging or transferring the risk of any fluctuation in the value of: (a) any unvested entitlement to Company Securities
FMG,FORTESCUE LTD,53604779222,Materials,2015-08-20,hedging,Designated Persons,vested_locked,any,prohibited,express,,29,Vested securities still subject to a holding lock cannot be hedged; a collar over holding-locked plan shares is prohibited until the lock lifts.,(b) Company Securities which are vested but still subject to a holding lock.
FMG,FORTESCUE LTD,53604779222,Materials,2015-08-20,hedging,Designated Persons,vested_unrestricted,any,permitted_with_notification,via_dealing_definition,,"9(c), 25, 29","The hedging ban is confined to unvested and holding-locked securities. Hedging vested, unlocked shares is a dealing (agreements or transactions limiting economic risk of a holding) and so is permitted subject to prior Notification, the 7-day execution window, Prohibited Periods and the insider trading prohibition.",entering into agreements or transactions which operate to limit the economic risk of a person's holdings in Company Securities.
FMG,FORTESCUE LTD,53604779222,Materials,2015-08-20,hedging,Persons,any,any,permitted,implied,,"23, 29",The hedging ban is addressed to Designated Persons only; other Persons remain subject only to the insider trading prohibition.,A Designated Person must not enter into transactions which would have the effect of hedging
FMG,FORTESCUE LTD,53604779222,Materials,2015-08-20,monetisation,all,any,any,not_addressed,none,,,"Monetisation structures (collars, prepaid forwards, equity swaps) are not named. They would be caught only as economic-risk-limiting dealings and, if over unvested or holding-locked securities, by the hedging ban.",
FMG,FORTESCUE LTD,53604779222,Materials,2015-08-20,short_selling,Designated Persons,any,any,prohibited,express,,30(b),"Outright ban on short selling Company Securities, expressed to apply notwithstanding any other provision of the Policy.","Notwithstanding any provision in this Policy, a Designated Person must not: ... (b) short sell Company Securities"
FMG,FORTESCUE LTD,53604779222,Materials,2015-08-20,stock_lending,Designated Persons,any,any,prohibited,express,,30(c),"Designated Persons must not knowingly allow their Company Securities to be used for short selling, which captures lending shares into a short-selling programme. Lending for other purposes is not addressed and is not a dealing under the definition.",(c) knowingly allow their Company Securities to be used for short selling.
FMG,FORTESCUE LTD,53604779222,Materials,2015-08-20,cfd,Designated Persons,any,any,permitted_with_notification,via_dealing_definition,,"8(c), 9, 30","CFDs are not named. They are financial products issued by third parties in relation to the Company's shares and so a dealing requiring Notification, but a short CFD would breach the short-selling ban and a CFD opened and closed within 3 months would be Short Term Dealing.",derivatives and other financial products created by the Company or created or issued by third parties in relation to the Company's shares
FMG,FORTESCUE LTD,53604779222,Materials,2015-08-20,margin_lending,all,any,any,not_addressed,none,,,"Margin loans are not mentioned anywhere in the Policy; there is no ban, notification or forced-sale provision.",
FMG,FORTESCUE LTD,53604779222,Materials,2015-08-20,encumbrance,all,any,any,not_addressed,none,,,"Granting a charge, lien, pledge or other security over Company Securities is not mentioned and is not within the dealing definition.",
FMG,FORTESCUE LTD,53604779222,Materials,2015-08-20,secured_financing,all,any,any,not_addressed,none,,,"No provision on borrowing against Company Securities. The loan leg of a funded collar is unregulated by the Policy, though a lender's enforcement sale would be a disposal by the Designated Person with no forced-sale carve-out.",
FMG,FORTESCUE LTD,53604779222,Materials,2015-08-20,short_term,Designated Persons,any,any,prohibited,express,,"14, 30(a)","Ban on Short Term Dealing, defined as dealing in Company Securities within a 3 month period. Carve-out for sale of securities acquired by conversion (e.g. exercise of an option) or in accordance with the Executive and Senior Staff Incentive Plan or other Company incentive scheme.","Short Term Dealing includes dealing in Company Securities within a 3 month period, but does not include the sale of Company Securities after they have been acquired through the conversion of a security, for example the exercise of an option, or in accordance with the Executive and Senior Staff Incentive Plan or other Company incentive scheme."
TLS,TELSTRA GROUP LIMITED,51574200824,Telecommunication Services,2025-09-24,derivatives,Designated Persons,any,any,prohibited,via_hedging_definition,,"16(d), 19; Definitions (securities)","Derivatives are not regulated as such. Securities expressly include warrants and other derivative products relating to Telstra securities whether created by Telstra or third parties (no venue limit), so a derivative is a dealing requiring window-period approval or notification. Any derivative that limits the economic risk of holding Telstra securities (a purchased put, a collar) is caught by the general hedging prohibition and is banned outright; forward contracts are deemed speculative short-term dealing.","It also extends to financial products relating to securities issued by Telstra (for example, warrants and other derivative products) whether or not the financial products are created by Telstra or by third parties."
TLS,TELSTRA GROUP LIMITED,51574200824,Telecommunication Services,2025-09-24,derivatives,Everyone,any,any,permitted,implied,,"1, 4, 6",Persons who are not Designated Persons face only the insider trading prohibition and the market perception obligation when dealing in derivative products over Telstra securities.,you must not deal if your proposed dealing could be perceived as you taking advantage of your position in an inappropriate way.
TLS,TELSTRA GROUP LIMITED,51574200824,Telecommunication Services,2025-09-24,hedging,Designated Persons,any,any,prohibited,express,,"18(a), 19","General hedging prohibition applying to all Telstra securities held by a Designated Person, vested or not, plan or non-plan. Only relief is paragraph 21 (pre-existing arrangements entered before becoming a Designated Person may continue for a limited period with Company Secretary approval) and the Exceptional Dealing Approval process.","Subject to paragraph 21, if you're a Designated Person, you are prohibited from entering into any hedging arrangement that limits the economic risk of holding Telstra securities."
TLS,TELSTRA GROUP LIMITED,51574200824,Telecommunication Services,2025-09-24,hedging,Equity Plan Participants,unvested,any,prohibited,express,,"18(b), 20","Specific prohibition on hedging securities allocated under an equity-based remuneration plan prior to vesting or exercise; applies to every plan participant (Band A, B and C executives) whether or not a Designated Person, and extends to Closely Related Parties.",you must not enter into any hedging arrangement that limits the economic risk of holding Telstra securities allocated to you under these equity plans prior to the vesting or exercise of those securities or while they are subject to a trading restriction.
TLS,TELSTRA GROUP LIMITED,51574200824,Telecommunication Services,2025-09-24,hedging,Equity Plan Participants,vested_locked,any,prohibited,express,,20,Plan securities that have vested but remain subject to a trading restriction cannot be hedged.,or while they are subject to a trading restriction. You must also ensure that your Closely Related Parties do not enter into such hedging arrangements.
TLS,TELSTRA GROUP LIMITED,51574200824,Telecommunication Services,2025-09-24,hedging,Equity Plan Participants,vested_unrestricted,any,permitted,implied,,"18, 19, 20","For a plan participant who is not a Designated Person (e.g. a Band C executive), the specific prohibition ends once plan securities have vested or been exercised and are free of trading restrictions; only the insider trading prohibition and market perception obligation remain. A participant who is a Designated Person remains caught by paragraph 19.",general hedging prohibition that applies only to Designated Persons
TLS,TELSTRA GROUP LIMITED,51574200824,Telecommunication Services,2025-09-24,hedging,Everyone,any,any,permitted,implied,,18(a),The general hedging prohibition is expressed to apply only to Designated Persons; other staff who are not equity plan participants are not restricted from hedging beyond the insider trading and market perception obligations.,general hedging prohibition that applies only to Designated Persons
TLS,TELSTRA GROUP LIMITED,51574200824,Telecommunication Services,2025-09-24,monetisation,all,any,any,not_addressed,none,,,"Collars, prepaid forwards, equity swaps and other monetisation structures are not named. For Designated Persons they would be caught by the general hedging prohibition (19), the collateral ban (16(b)) and, for forward contracts, the speculative dealing ban (16(d)).",
TLS,TELSTRA GROUP LIMITED,51574200824,Telecommunication Services,2025-09-24,short_selling,Designated Persons,any,any,prohibited,express,,16(c),Outright ban on short selling arrangements in relation to Telstra securities.,engaging in any short selling or stock lending arrangements in relation to Telstra securities
TLS,TELSTRA GROUP LIMITED,51574200824,Telecommunication Services,2025-09-24,stock_lending,Designated Persons,any,any,prohibited,express,,16(c),Outright ban on stock lending arrangements in relation to Telstra securities.,engaging in any short selling or stock lending arrangements in relation to Telstra securities
TLS,TELSTRA GROUP LIMITED,51574200824,Telecommunication Services,2025-09-24,cfd,Designated Persons,any,any,permitted_with_clearance,via_dealing_definition,,"16(c), 16(d), 19; Definitions (securities)","CFDs are not named. As derivative products relating to Telstra securities they are dealings requiring window-period approval or notification; a short CFD would breach the hedging and short selling bans and a CFD closed within 3 months would be speculative dealing, so in practice only a long CFD held beyond 3 months is open.",Buying and selling Telstra securities within a 3-month period and entering into short term arrangements such as forward contracts in respect of Telstra securities will always be considered speculative dealing and accordingly is prohibited.
TLS,TELSTRA GROUP LIMITED,51574200824,Telecommunication Services,2025-09-24,margin_lending,Designated Persons,any,any,prohibited,express,,"16(b), 17, 30(c)","Ban on entering margin loan arrangements in respect of Telstra securities and on transferring Telstra securities into an existing margin loan account. An arrangement entered before becoming a Designated Person may continue for 12 months or until expiry, whichever is earlier, and a secured lender's sale under such a grandfathered arrangement is an excluded dealing.","using Telstra securities as collateral in any financial transaction, including entering margin loan arrangements in respect of Telstra securities or transferring Telstra securities to an existing margin loan account"
TLS,TELSTRA GROUP LIMITED,51574200824,Telecommunication Services,2025-09-24,encumbrance,Designated Persons,any,any,prohibited,express,,16(b),Granting security over Telstra securities in any financial transaction is prohibited; not limited to margin loans. A charge unconnected with a financial transaction is not addressed and is not within the dealing definition.,using Telstra securities as collateral in any financial transaction
TLS,TELSTRA GROUP LIMITED,51574200824,Telecommunication Services,2025-09-24,secured_financing,Designated Persons,any,any,prohibited,express,,"16(b), 17","Blanket ban on using Telstra securities as collateral in any financial transaction, with no tier, vesting or approval carve-out other than the 12-month grandfathering of arrangements entered before becoming a Designated Person and the Exceptional Dealing Approval process.","using Telstra securities as collateral in any financial transaction, including entering margin loan arrangements in respect of Telstra securities"
TLS,TELSTRA GROUP LIMITED,51574200824,Telecommunication Services,2025-09-24,secured_financing,Everyone,any,any,permitted,implied,,16,"The collateral, margin loan, short selling, stock lending and speculative dealing bans in paragraph 16 are addressed to Designated Persons only; other staff are restricted only by the insider trading prohibition and market perception obligation.","If you're a Designated Person, you are prohibited from:"
TLS,TELSTRA GROUP LIMITED,51574200824,Telecommunication Services,2025-09-24,short_term,Designated Persons,any,any,prohibited,express,,16(d),"Speculative dealing for short term gain is banned. Buying and selling within a 3-month period, and short term arrangements such as forward contracts, are deemed speculative. Carve-out for exercising rights or options under an equity plan and subsequently selling the shares acquired.",Buying and selling Telstra securities within a 3-month period and entering into short term arrangements such as forward contracts in respect of Telstra securities will always be considered speculative dealing and accordingly is prohibited. This does not prohibit exercising rights or options under an equity plan and subsequently selling the shares acquired.
WOW,WOOLWORTHS GROUP LIMITED,48045496221,Consumer Staples Distribution & Retail,2021-08-20,derivatives,Woolworths Team Members,unvested,any,prohibited,express,,3.4,"All Team Members are barred from using any Derivative (s761D derivatives including options, forwards, swaps, caps and collars, and any risk-limiting transaction) in relation to unvested Woolworths Securities. No approval route.",Woolworths Team Members must not use any Derivatives in relation to any unvested Woolworths Securities or vested Woolworths Securities that are still subject to disposal restrictions.
WOW,WOOLWORTHS GROUP LIMITED,48045496221,Consumer Staples Distribution & Retail,2021-08-20,derivatives,Woolworths Team Members,vested_locked,any,prohibited,express,,3.4,The same ban applies to vested Woolworths Securities still subject to disposal restrictions.,or vested Woolworths Securities that are still subject to disposal restrictions
WOW,WOOLWORTHS GROUP LIMITED,48045496221,Consumer Staples Distribution & Retail,2021-08-20,derivatives,Specified Persons,vested_unrestricted,any,permitted_with_clearance,express,,"4.1, 4.3, 5 (Derivative, Security, Trade)","Derivatives (expressly including options, forwards, swaps, caps and collars, with no venue limit) are Securities, so entering one is a Trade requiring prior written clearance under Schedule 1 at any time, valid five business days, and barred in Blackout Periods. Section 4.1 expressly requires clearance for hedging arrangements over vested and unrestricted Securities. Director Derivative positions may be publicly disclosed by Woolworths.",enter into hedging arrangements in relation to vested and unrestricted Woolworths Securities (no hedging) without first obtaining clearance in accordance with section 4.3.
WOW,WOOLWORTHS GROUP LIMITED,48045496221,Consumer Staples Distribution & Retail,2021-08-20,derivatives,Woolworths Team Members,vested_unrestricted,any,permitted,implied,,"3.3, 3.4, 4.1","Team Members who are not Specified Persons need no clearance and face no hedging restriction over vested, unrestricted Securities; they remain subject to the insider trading prohibition, the front page test and the speculative and short-term trading bans.",Certain aspects of this Policy (outlined in section 4) only apply to Specified Persons and their Closely Related Parties.
WOW,WOOLWORTHS GROUP LIMITED,48045496221,Consumer Staples Distribution & Retail,2021-08-20,hedging,Woolworths Team Members,unvested,any,prohibited,express,,"3.4, 5 (Derivative)","Because Derivative includes any transaction that operates to limit the economic risk of holding the securities, section 3.4 is a hedging ban over unvested Securities for all Team Members.",The use of Derivatives in this way can have the effect of distorting the proper functioning of these hurdles and reduce the intended alignment with shareholders' interests.
WOW,WOOLWORTHS GROUP LIMITED,48045496221,Consumer Staples Distribution & Retail,2021-08-20,hedging,Woolworths Team Members,vested_locked,any,prohibited,express,,"3.4, 5 (Derivative)",Hedging of vested Securities still subject to disposal restrictions is banned for all Team Members.,Woolworths Team Members must not use any Derivatives in relation to any unvested Woolworths Securities or vested Woolworths Securities that are still subject to disposal restrictions.
WOW,WOOLWORTHS GROUP LIMITED,48045496221,Consumer Staples Distribution & Retail,2021-08-20,hedging,Specified Persons,vested_unrestricted,any,permitted_with_clearance,express,,"4.1, 4.3",Hedging of vested and unrestricted Woolworths Securities is permitted for Specified Persons and their Closely Related Parties only with prior written clearance from the Schedule 1 approver; the parenthetical '(no hedging)' signals the default expectation but the operative text is a clearance requirement.,enter into hedging arrangements in relation to vested and unrestricted Woolworths Securities (no hedging) without first obtaining clearance in accordance with section 4.3.
WOW,WOOLWORTHS GROUP LIMITED,48045496221,Consumer Staples Distribution & Retail,2021-08-20,hedging,Woolworths Team Members,vested_unrestricted,any,permitted,implied,,"3.4, 4.1",No hedging restriction applies to non-Specified Team Members once Securities have vested and are free of disposal restrictions.,Certain aspects of this Policy (outlined in section 4) only apply to Specified Persons and their Closely Related Parties.
WOW,WOOLWORTHS GROUP LIMITED,48045496221,Consumer Staples Distribution & Retail,2021-08-20,monetisation,Specified Persons,vested_unrestricted,any,permitted_with_clearance,express,,"4.1, 5 (Derivative)","Collars, forward contracts and swaps are named as Derivatives, so the option legs of a collar over vested unrestricted shares are a clearable hedging arrangement. The loan leg is separately prohibited by the collateral ban, so only an unfunded collar is achievable.","derivatives within the meaning given in section 761D of the Corporations Act (such as options, forward contracts, swaps, futures, warrants, caps and collars)"
WOW,WOOLWORTHS GROUP LIMITED,48045496221,Consumer Staples Distribution & Retail,2021-08-20,short_selling,Woolworths Team Members,any,any,prohibited,express,,3.3,Short selling is named as an example of speculative Trading and banned for all Team Members.,Woolworths Team Members are also not permitted to Trade in Woolworths Securities on a speculative basis (including short selling).
WOW,WOOLWORTHS GROUP LIMITED,48045496221,Consumer Staples Distribution & Retail,2021-08-20,stock_lending,Specified Persons,any,any,permitted_with_clearance,via_dealing_definition,,"4.3, 5 (Trade)","Securities lending is not named. A loan of shares involves a change in beneficial ownership and an agreement to deal, so it is a Trade requiring clearance for Specified Persons; lending to facilitate short selling would offend the speculative trading ban.","engaging in any transaction involving a change in beneficial ownership of the Securities, or the entry into any agreement to do any of the above things"
WOW,WOOLWORTHS GROUP LIMITED,48045496221,Consumer Staples Distribution & Retail,2021-08-20,cfd,Specified Persons,vested_unrestricted,any,permitted_with_clearance,via_dealing_definition,,"3.3, 4.3, 5 (Derivative)","CFDs are not named but are s761D derivatives and so Securities; a CFD is a Trade requiring clearance and, being typically short-term or speculative (or short), would in practice fall foul of section 3.3. CFDs over unvested or restricted Securities are banned by 3.4.",Woolworths Team Members are also not permitted to Trade in Woolworths Securities on a speculative basis (including short selling).
WOW,WOOLWORTHS GROUP LIMITED,48045496221,Consumer Staples Distribution & Retail,2021-08-20,margin_lending,Specified Persons,any,any,prohibited,express,,4.1,No new margin lending arrangements following the date of the Policy (20 August 2021) for Specified Persons and Closely Related Parties; pre-existing arrangements are not addressed and appear grandfathered.,enter into arrangements to use Woolworths Securities as collateral in any financial transaction following the date of this Policy (no new margin lending arrangements)
WOW,WOOLWORTHS GROUP LIMITED,48045496221,Consumer Staples Distribution & Retail,2021-08-20,margin_lending,Woolworths Team Members,any,any,permitted,implied,,4.1,"The collateral ban is in section 4, which applies only to Specified Persons and their Closely Related Parties; other Team Members are not restricted.",Certain aspects of this Policy (outlined in section 4) only apply to Specified Persons and their Closely Related Parties.
WOW,WOOLWORTHS GROUP LIMITED,48045496221,Consumer Staples Distribution & Retail,2021-08-20,encumbrance,Specified Persons,any,any,prohibited,express,,"4.1, 5 (Trade)","Using Woolworths Securities as collateral in any financial transaction is banned. Creating any security interest or other financial interest over Securities is also a Trade, so an encumbrance outside a financial transaction would still need clearance and be barred in Blackout Periods.","Trade, Trading includes buying, selling or otherwise dealing in Securities, including creating a security interest or other financial interest over Securities"
WOW,WOOLWORTHS GROUP LIMITED,48045496221,Consumer Staples Distribution & Retail,2021-08-20,secured_financing,Specified Persons,any,any,prohibited,express,,4.1,"Ban on any new arrangement using Woolworths Securities as collateral in any financial transaction, not limited to margin loans; no vesting-state, tier or approval carve-out and no exemption authority.",enter into arrangements to use Woolworths Securities as collateral in any financial transaction following the date of this Policy
WOW,WOOLWORTHS GROUP LIMITED,48045496221,Consumer Staples Distribution & Retail,2021-08-20,secured_financing,Woolworths Team Members,any,any,permitted,implied,,4.1,Non-Specified Team Members are not subject to the collateral ban.,Specified Persons and their Closely Related Parties are subject to additional Trading restrictions and must not:
WOW,WOOLWORTHS GROUP LIMITED,48045496221,Consumer Staples Distribution & Retail,2021-08-20,short_term,Woolworths Team Members,any,any,prohibited,express,,3.3,"Three-month holding period from purchase, with a carve-out for sales within 3 months of vesting or release from restriction under an employee share scheme; separate ban on speculative Trading.",Woolworths Team Members must not sell Woolworths Securities within 3 months after their purchase except for the sale of Woolworths Securities within 3 months of their vesting or release from restrictions under a Woolworths employee share scheme.
RMD,RESMED INC,47875131567,Health Care Equipment & Services,2010-12-23,derivatives,Insiders,any,any,prohibited,express,,4.5,"Buying or selling puts or calls on ResMed Securities is named as a speculative transaction and prohibited outright for Insiders (which in practice includes all directors and executive officers). No venue limit and no vesting-state carve-out, so both legs of a collar are banned. Section 5.1 states there are no exceptions beyond the five listed, none of which cover options.","You are prohibited from engaging in any speculative transactions involving ResMed Securities, including: Buying or selling puts or calls on ResMed Securities; or Short sales (which are illegal for executive officers and directors)."
RMD,RESMED INC,47875131567,Health Care Equipment & Services,2010-12-23,derivatives,Employees,any,any,permitted,implied,,"1.1, 4, 5.1","The puts and calls ban is addressed to Insiders. Employees who are not Insiders and not Specified Persons face only the insider trading law, the Trading Window (if read as applying to all Employees) and the Rule 10b5-1 pre-approval requirement; ResMed Securities expressly include options, futures, calls, puts and warrants so the window applies to them.","As an Insider, the following sections 4.1 through 4.5 apply to you"
RMD,RESMED INC,47875131567,Health Care Equipment & Services,2010-12-23,hedging,Specified Persons,any,any,permitted_with_clearance,express,,6.1,"A 'hedge' is expressly listed as a transaction a Specified Person may engage in only with pre-approval from the Global General Counsel (or CFO), requested at least two business days ahead and granted only for a precise period at the approver's discretion. Because puts and calls are banned under 4.5, only non-option hedges (e.g. a forward or swap) could realistically be approved, and approval may be withheld for Section 16(b), Rule 144 or adverse publicity reasons.","who wish to engage in any transaction involving ResMed Securities (including any option exercise, stock purchase, stock sale, gift, loan, pledge, hedge, contribution to a trust, or any other transfer or acquisition), must first obtain pre-approval of the transaction from the Global General Counsel, or the Chief Financial Officer in his absence."
RMD,RESMED INC,47875131567,Health Care Equipment & Services,2010-12-23,hedging,Insiders,any,any,prohibited,express,,4.5,"Option-based hedging (purchased puts, written calls, collars) is banned for Insiders as speculative. Hedging by other instruments is not addressed for Insiders who are not Specified Persons.",Buying or selling puts or calls on ResMed Securities
RMD,RESMED INC,47875131567,Health Care Equipment & Services,2010-12-23,monetisation,all,any,any,not_addressed,none,,,"Collars, prepaid forwards, swaps and other monetisation structures are not named. A collar is caught by the puts and calls ban (4.5) and any other structure by the Specified Person pre-approval list (loan, pledge, hedge, any other transfer).",
RMD,RESMED INC,47875131567,Health Care Equipment & Services,2010-12-23,short_selling,Insiders,any,any,prohibited,express,,"2.1, 4.5",Short sales are named as speculative transactions and prohibited for Insiders; the Policy notes they are illegal for executive officers and directors (Section 16(c)).,Short sales (which are illegal for executive officers and directors).
RMD,RESMED INC,47875131567,Health Care Equipment & Services,2010-12-23,stock_lending,Specified Persons,any,any,permitted_with_clearance,express,,6.1,A 'loan' of ResMed Securities is listed among the transactions requiring Global General Counsel pre-approval; no outright ban.,"(including any option exercise, stock purchase, stock sale, gift, loan, pledge, hedge, contribution to a trust, or any other transfer or acquisition)"
RMD,RESMED INC,47875131567,Health Care Equipment & Services,2010-12-23,cfd,Insiders,any,any,prohibited,implied,,4.5,"CFDs are not named. A CFD over ResMed stock is a speculative transaction involving ResMed Securities of the same character as the named puts, calls and short sales and would fall within the 4.5 ban.",You are prohibited from engaging in any speculative transactions involving ResMed Securities
RMD,RESMED INC,47875131567,Health Care Equipment & Services,2010-12-23,margin_lending,Specified Persons,any,any,permitted_with_clearance,via_dealing_definition,,6.1,"Margin loans are not named. A margin loan involves a pledge of ResMed Securities, which is a listed transaction requiring Global General Counsel pre-approval for Specified Persons. Not addressed for other Employees.","gift, loan, pledge, hedge, contribution to a trust, or any other transfer or acquisition"
RMD,RESMED INC,47875131567,Health Care Equipment & Services,2010-12-23,encumbrance,Specified Persons,any,any,permitted_with_clearance,express,,6.1,A pledge of ResMed Securities is expressly a transaction requiring pre-approval from the Global General Counsel (or CFO); there is no prohibition on pledging.,"(including any option exercise, stock purchase, stock sale, gift, loan, pledge, hedge, contribution to a trust, or any other transfer or acquisition)"
RMD,RESMED INC,47875131567,Health Care Equipment & Services,2010-12-23,secured_financing,Specified Persons,any,any,permitted_with_clearance,via_dealing_definition,,6.1,"Borrowing against ResMed Securities is not named as such but the pledge securing the loan requires pre-approval; approval is discretionary and may be withheld where the transaction could cause adverse publicity or Section 16(b) exposure. No forced-sale, margin-call or disclosure provisions.","Approval for a proposed transaction may be withheld by the Global General Counsel (or Chief Financial Officer in his absence), in his discretion, if ... the transaction could result in adverse publicity or have a material adverse impact on trading in ResMed Securities or ResMed"
RMD,RESMED INC,47875131567,Health Care Equipment & Services,2010-12-23,short_term,Section 16 Persons,any,any,permitted_with_clearance,express,,"6.1, Exhibit B 10.1","No policy holding period. Section 16(b) short-swing profit recovery applies by law to any purchase and sale, or sale and purchase, within six months (highest sale matched with lowest purchase), and pre-approval may be withheld where a transaction could trigger 16(b) liability. Exempt transactions include gifts, approved option grants, in-the-money option exercises and employee benefit plan transactions.","Section 16(b) requires ResMed to recover any deemed profit resulting from any sale and purchase, or purchase and sale, by a Section 16 Person within a six-month period. It makes no difference how long the shares were held or whether the Section 16 person was in possession of material non-public information at the time of the trades."
ALL,ARISTOCRAT LEISURE LIMITED,36126622825,Consumer Services,2023-07-31,derivatives,Designated Persons,any,any,permitted_with_clearance,via_hedging_definition,,3.4; 3.5; 4.3,"Derivatives and 'deal' are not defined. A put/call collar is an arrangement limiting economic risk and so is hedging (banned pre-vesting and during a holding lock, otherwise unrestricted), and forward contracts are named as short-term dealings. Any dealing by a Designated Person outside a blackout requires prior written approval; no venue distinction is drawn.","During any period that is not a trading blackout period under section 4.1, Designated Persons must, prior to any proposed dealing, seek approval for the proposed dealing in Aristocrat securities."
ALL,ARISTOCRAT LEISURE LIMITED,36126622825,Consumer Services,2023-07-31,derivatives,Employees,any,any,permitted,implied,,3; 3.5,"Non-Designated Employees need no approval. Derivatives are not named; they remain subject to the Inside Information, hedging, short-term (forward contracts named) and speculative bans.","Short-term trading includes buying and selling securities on market within a 3-month period and entering into other short-term dealings (for example, forward contracts)."
ALL,ARISTOCRAT LEISURE LIMITED,36126622825,Consumer Services,2023-07-31,hedging,all,unvested,any,prohibited,express,,3.4,"Absolute ban on hedging plan securities before vesting, applying to all Employees.","Aristocrat securities acquired under an employee, executive or director equity plan operated by Aristocrat must never be hedged prior to vesting."
ALL,ARISTOCRAT LEISURE LIMITED,36126622825,Consumer Services,2023-07-31,hedging,all,vested_locked,any,prohibited,express,,3.4,Absolute ban on hedging securities while subject to a holding lock or dealing restriction under a plan.,"Aristocrat securities must never be hedged while they are subject to a holding lock or restriction on dealing under the terms of an employee, executive or director equity plan operated by Aristocrat."
ALL,ARISTOCRAT LEISURE LIMITED,36126622825,Consumer Services,2023-07-31,hedging,Designated Persons,vested_unrestricted,any,permitted_with_clearance,implied,,3.4; 4.3; 4.4,"Hedging bans are limited to unvested and locked plan securities; hedging of vested, unrestricted shares (plan or otherwise) is not prohibited but is a dealing requiring prior written approval outside blackout periods, subject to the Front Page Test.",Hedging includes entering into any arrangements that operate to limit the economic risk associated with holding Aristocrat securities.
ALL,ARISTOCRAT LEISURE LIMITED,36126622825,Consumer Services,2023-07-31,hedging,Employees,vested_unrestricted,any,permitted,implied,,3.4,"Non-Designated Employees may hedge vested, unrestricted securities without approval, subject to the Inside Information and short-term/speculative bans.","Aristocrat securities must never be hedged while they are subject to a holding lock or restriction on dealing under the terms of an employee, executive or director equity plan operated by Aristocrat."
ALL,ARISTOCRAT LEISURE LIMITED,36126622825,Consumer Services,2023-07-31,monetisation,Designated Persons,any,any,permitted_with_clearance,via_hedging_definition,,3.4; 3.5; 4.3,"Monetisation is not named. A prepaid forward or similar limits economic risk and is hedging (banned if unvested/locked), forward contracts are cited as short-term dealings, and any dealing needs prior written approval.",Hedging includes entering into any arrangements that operate to limit the economic risk associated with holding Aristocrat securities.
ALL,ARISTOCRAT LEISURE LIMITED,36126622825,Consumer Services,2023-07-31,short_selling,all,any,any,prohibited,express,,3.5,Short-selling is banned for all Employees as speculative dealing.,"Employees must not deal in Aristocrat securities on a speculative basis, including short-selling."
ALL,ARISTOCRAT LEISURE LIMITED,36126622825,Consumer Services,2023-07-31,stock_lending,all,any,any,not_addressed,none,,,Securities lending is not named; borrowing is mentioned only in describing short-selling.,
ALL,ARISTOCRAT LEISURE LIMITED,36126622825,Consumer Services,2023-07-31,cfd,all,any,any,prohibited,implied,,3.5,CFDs are not named but fall within the bans on speculative and short-term dealing (forward contracts given as an example of the latter).,"Employees must not deal in Aristocrat securities on a speculative basis, including short-selling."
ALL,ARISTOCRAT LEISURE LIMITED,36126622825,Consumer Services,2023-07-31,margin_lending,Designated Persons,any,any,prohibited,express,,4.7,Designated Persons may neither enter a margin lending arrangement in respect of Aristocrat securities nor transfer Aristocrat securities into an existing margin loan account. No vesting-state or approval carve-out.,Designated Persons must not: (a) enter into a margin lending arrangement in respect of Aristocrat securities; or (b) transfer securities in Aristocrat into an existing margin loan account.
ALL,ARISTOCRAT LEISURE LIMITED,36126622825,Consumer Services,2023-07-31,margin_lending,Employees,any,any,not_addressed,none,,4.7,The margin lending ban is confined to Designated Persons; other Employees are not restricted.,
ALL,ARISTOCRAT LEISURE LIMITED,36126622825,Consumer Services,2023-07-31,encumbrance,all,any,any,not_addressed,none,,,"Granting a charge, lien or pledge is not named and 'deal' is not defined to include it; only margin lending (Designated Persons) is banned.",
ALL,ARISTOCRAT LEISURE LIMITED,36126622825,Consumer Services,2023-07-31,secured_financing,Designated Persons,any,any,not_addressed,none,,4.7; 1,Only margin lending arrangements are banned; other loans secured on Aristocrat securities are not addressed. The substance-over-form statement means a loan with LVR triggers or lender sale rights may be treated as a margin lending arrangement.,
ALL,ARISTOCRAT LEISURE LIMITED,36126622825,Consumer Services,2023-07-31,short_term,all,any,any,prohibited,express,,3.5,Buy-and-sell within 3 months and other short-term dealings (forward contracts named) are banned. Selling plan shares within 3 months of vesting is carved out; section 5 excluded dealings are also outside 3.5.,"Employees must not deal in Aristocrat securities on a short-term trading basis. Short-term trading includes buying and selling securities on market within a 3-month period and entering into other short-term dealings (for example, forward contracts)."
NST,NORTHERN STAR RESOURCES LTD,33753631919,Materials,2017-11-01,derivatives,Restricted Persons,any,any,permitted_with_clearance,express,,3; 7,"Company Securities expressly include derivatives of shares, including equity swaps, futures, hedges and exchange-traded or over-the-counter options, cash or physically settled. Trading in them at any time requires prior written clearance from the Approving Officer and is barred in Prohibited Periods absent exceptional circumstances.","derivatives of any of the above (including equity swaps, futures, hedges and exchange-traded or over-the-counter options) whether settled by cash or otherwise"
NST,NORTHERN STAR RESOURCES LTD,33753631919,Materials,2017-11-01,hedging,Restricted Persons,unvested,any,prohibited,express,,9,Absolute ban on limiting the economic risk of unvested entitlements under any equity-based remuneration scheme; no clearance route.,Restricted Persons are prohibited from entering into transactions or arrangements which limit the economic risk of participating in unvested entitlements under any equity based remuneration schemes.
NST,NORTHERN STAR RESOURCES LTD,33753631919,Materials,2017-11-01,hedging,Restricted Persons,vested_unrestricted,any,permitted_with_clearance,express,,9; 7,Hedging of the person's security holding is expressly permitted with prior written clearance from the appropriate Approving Officer under Section 7. The policy does not distinguish vested-but-locked shares; release from holding lock is an excluded dealing but hedging locked shares is not separately addressed.,Restricted Persons must not enter into transactions or arrangements which operate to limit the economic risk of their security holding in the Company without first obtaining prior written clearance from the appropriate Approving Officer in accordance with the procedure set out in Section 7.
NST,NORTHERN STAR RESOURCES LTD,33753631919,Materials,2017-11-01,monetisation,Restricted Persons,any,any,permitted_with_clearance,via_dealing_definition,,3; 9; 10,"Monetisation is not named. A prepaid forward or similar is an agreement to dispose of securities (a trade) and, insofar as it limits economic risk or is secured on the shares, falls under the clearance regimes in Sections 9 and 10.","To ""trade"" in securities means, whether as principal or agent, to apply for, acquire or dispose of securities; or enter into an agreement to apply for, acquire or dispose of securities."
NST,NORTHERN STAR RESOURCES LTD,33753631919,Materials,2017-11-01,short_selling,Restricted Persons,any,any,not_addressed,none,,,Short selling is not named anywhere in the Policy.,
NST,NORTHERN STAR RESOURCES LTD,33753631919,Materials,2017-11-01,stock_lending,Restricted Persons,any,any,not_addressed,none,,,Securities lending is not named and is not within the trade definition.,
NST,NORTHERN STAR RESOURCES LTD,33753631919,Materials,2017-11-01,cfd,Restricted Persons,any,any,permitted_with_clearance,via_dealing_definition,,3; 7,"CFDs are not named but cash-settled derivatives and equity swaps over Company shares are Company Securities, so a CFD is a trade requiring prior written clearance.","derivatives of any of the above (including equity swaps, futures, hedges and exchange-traded or over-the-counter options) whether settled by cash or otherwise"
NST,NORTHERN STAR RESOURCES LTD,33753631919,Materials,2017-11-01,margin_lending,Restricted Persons,any,any,permitted_with_clearance,express,,10,Margin loan agreements over Company Securities are permitted with prior written clearance from the Approving Officer. A disposal resulting from a secured lender exercising rights under a margin lending arrangement is excluded from the blackout restrictions.,Restricted Persons must not enter into margin loan agreements or other secured lending arrangements in relation to Company Securities without first obtaining prior written clearance from the appropriate Approving Officer in accordance with the procedure set out in Section 7.
NST,NORTHERN STAR RESOURCES LTD,33753631919,Materials,2017-11-01,encumbrance,Restricted Persons,any,any,permitted_with_clearance,implied,,10,"Granting a charge, mortgage or pledge is not named as such, but any 'secured lending arrangement in relation to Company Securities' requires prior written clearance, which captures a security interest granted to a lender. A charge unconnected with lending is not addressed.",Restricted Persons must not enter into margin loan agreements or other secured lending arrangements in relation to Company Securities without first obtaining prior written clearance
NST,NORTHERN STAR RESOURCES LTD,33753631919,Materials,2017-11-01,secured_financing,Restricted Persons,any,any,permitted_with_clearance,express,,10; 8(g),Any secured lending arrangement in relation to Company Securities is permitted with prior written clearance; no vesting-state carve-out is stated. A lender's enforcement disposal is an excluded trade for blackout purposes.,"a disposal of Company Securities that is the result of a secured lender exercising their rights, for example, under a margin lending arrangement"
NST,NORTHERN STAR RESOURCES LTD,33753631919,Materials,2017-11-01,short_term,Restricted Persons,any,any,not_addressed,none,,,"No short-term, speculative or minimum holding-period rule; the Approving Officer may consider reputational implications when clearing.",
QBE,QBE INSURANCE GROUP LIMITED,33585670041,Insurance,2026-08-17,derivatives,Relevant Persons,any,any,prohibited,express,,2(e); 2(l)(vi); 4.2(d),"The derivative definition expressly names options, forwards, swaps, caps and collars and any transaction limiting the economic risk of holding securities; derivatives (cash or physically settled, including third-party products) are QBE securities. Any risk-limiting derivative, including a put/call collar, is hedging and prohibited at all times. A non-risk-limiting derivative is a dealing subject to Closed Periods and, for paragraph 6 persons, prior clearance.","derivative has the meaning given to that term in the Corporations Act and includes options, forward contracts, swaps, futures, warrants, caps, collars and any other transaction in financial products that operates to limit the economic risk associated with holding securities."
QBE,QBE INSURANCE GROUP LIMITED,33585670041,Insurance,2026-08-17,hedging,Relevant Persons,any,any,prohibited,express,,4.2(d),"Absolute ban at all times on hedging any QBE securities, vested or unvested, plan or non-plan, for all Relevant Persons and Closely Related Parties. No waiver route: paragraph 5 waivers extend only to Closed Periods and short-term dealing.",Hedging of QBE securities by a Relevant Person and their Closely Related Parties is prohibited at all times.
QBE,QBE INSURANCE GROUP LIMITED,33585670041,Insurance,2026-08-17,monetisation,Relevant Persons,any,any,prohibited,via_hedging_definition,,2(e); 4.2(c); 4.2(d),"Monetisation is not named. A prepaid forward is a forward contract limiting economic risk (hedging, banned) and any structure secured on QBE securities is a prohibited secured financial arrangement.",entering into transactions in financial products that operate to limit the economic risk associated with holding QBE securities.
QBE,QBE INSURANCE GROUP LIMITED,33585670041,Insurance,2026-08-17,short_selling,Relevant Persons,any,any,not_addressed,none,,,Short selling is not named; a short position used to offset price risk would be hedging.,
QBE,QBE INSURANCE GROUP LIMITED,33585670041,Insurance,2026-08-17,stock_lending,Certain Relevant Persons (paragraph 6),any,any,permitted_with_clearance,via_dealing_definition,,2(d)(iv); 6,"Stock lending is expressly a dealing, so it is barred in Closed Periods and needs prior written clearance from the Assessor for paragraph 6 persons; it is not otherwise prohibited.","entering into margin lending, stock lending or other financing arrangements related to securities"
QBE,QBE INSURANCE GROUP LIMITED,33585670041,Insurance,2026-08-17,stock_lending,Any other Relevant Person,any,any,permitted,via_dealing_definition,,2(d)(iv); 4.2(a),A dealing subject to the insider trading and Closed Period rules only.,"entering into margin lending, stock lending or other financing arrangements related to securities"
QBE,QBE INSURANCE GROUP LIMITED,33585670041,Insurance,2026-08-17,cfd,Certain Relevant Persons (paragraph 6),any,any,permitted_with_clearance,via_dealing_definition,,2(l)(vi); 4.2(b); 4.2(d); 6,"CFDs are not named but are cash-settled derivatives and so securities; a long CFD is a dealing requiring clearance and subject to the three-month rule, while a short CFD offsets price risk and is prohibited hedging.","any derivatives of those securities, whether settled by cash or otherwise, including financial products created by third parties in relation to those securities."
QBE,QBE INSURANCE GROUP LIMITED,33585670041,Insurance,2026-08-17,cfd,Any other Relevant Person,any,any,permitted,via_dealing_definition,,2(l)(vi); 4.2,Long CFDs are dealings subject to the Closed Period and short-term rules; short CFDs are prohibited hedging.,"any derivatives of those securities, whether settled by cash or otherwise, including financial products created by third parties in relation to those securities."
QBE,QBE INSURANCE GROUP LIMITED,33585670041,Insurance,2026-08-17,margin_lending,Relevant Persons,any,any,prohibited,express,,4.2(c),Entering a margin lending arrangement over QBE securities or transferring QBE securities into an existing margin loan account is not permitted for any Relevant Person or Closely Related Party.,Dealing in QBE securities by Relevant Persons and their Closely Related Parties pursuant to a margin lending arrangement or any other secured financial arrangement is not permitted.
QBE,QBE INSURANCE GROUP LIMITED,33585670041,Insurance,2026-08-17,encumbrance,Relevant Persons,any,any,prohibited,express,,4.2(c)(iii); 2(d)(vi),"Pledging, collateralising or using QBE securities as security for any financing is expressly not permitted; granting a mortgage or other right over securities is also a dealing.","pledging, collateralisation, or use of QBE securities as security for any other financing arrangement."
QBE,QBE INSURANCE GROUP LIMITED,33585670041,Insurance,2026-08-17,secured_financing,Relevant Persons,any,any,prohibited,express,,4.2(c),"Blanket ban on any secured financial arrangement over QBE securities, for all tiers and security states, with no clearance or waiver route (paragraph 5 waivers cover only 4.2(a) and 4.2(b)).",Dealing in QBE securities by Relevant Persons and their Closely Related Parties pursuant to a margin lending arrangement or any other secured financial arrangement is not permitted.
QBE,QBE INSURANCE GROUP LIMITED,33585670041,Insurance,2026-08-17,short_term,Relevant Persons,any,any,prohibited,express,,4.2(b); 5,"No purchase and sale of QBE securities within three months; waiver available from the Assessor for exceptional circumstances. Paragraph 7 exclusions (plan participation, DRP, SPP, rights issues, takeovers, no change of beneficial interest, ETF lookthrough, trading plans) are outside the rule.","Relevant Persons and their Closely Related Parties must not deal in QBE securities on a short-term trading basis, being a period of three months between purchase and sale of any QBE securities."
COL,COLES GROUP LIMITED.,31805637156,Consumer Staples Distribution & Retail,2023-06-19,derivatives,Restricted Persons,any,any,permitted_with_clearance,express,,"3.1 (Dealing, Securities); 5.3; 6.3","Securities expressly include equity swaps, futures, hedges and exchange-traded or OTC options, cash or physically settled, and creating a hedge or other financial interest over securities is a dealing. Restricted Persons need prior written clearance from the Company Secretary outside blackout periods. For directors and ELT any derivative that limits economic risk is prohibited hedging.","any derivatives of those securities, including equity swaps, futures, hedges and exchange-traded or over-the-counter options, whether settled by cash or otherwise."
COL,COLES GROUP LIMITED.,31805637156,Consumer Staples Distribution & Retail,2023-06-19,derivatives,directors and team members,any,any,permitted,via_dealing_definition,,3.1,"Non-Restricted team members may deal in derivatives subject only to the insider trading prohibition, company notices and the unvested/locked hedging bans.","creating a hedge, security interest, margin loan or other financial interest over or in relation to securities"
COL,COLES GROUP LIMITED.,31805637156,Consumer Staples Distribution & Retail,2023-06-19,hedging,directors,any,any,prohibited,express,,6.3(a),"Absolute ban on directors and their Connected Persons hedging any exposure to Company securities, vested or unvested; no clearance route.","All directors, members of the Executive Leadership Team and their Connected Persons are prohibited from hedging their exposure to Company securities."
COL,COLES GROUP LIMITED.,31805637156,Consumer Staples Distribution & Retail,2023-06-19,hedging,Executive Leadership Team,any,any,prohibited,express,,6.3(a),Absolute ban on ELT members and their Connected Persons hedging any exposure to Company securities.,"All directors, members of the Executive Leadership Team and their Connected Persons are prohibited from hedging their exposure to Company securities."
COL,COLES GROUP LIMITED.,31805637156,Consumer Staples Distribution & Retail,2023-06-19,hedging,all,unvested,any,prohibited,express,,6.3(b),Plan securities must never be hedged before vesting; applies to everyone holding plan securities.,"Company securities acquired under a team member, executive or director equity plan operated by the Company must never be hedged prior to vesting."
COL,COLES GROUP LIMITED.,31805637156,Consumer Staples Distribution & Retail,2023-06-19,hedging,all,vested_locked,any,prohibited,express,,6.3(c),Securities under a plan holding lock or dealing restriction must never be hedged.,"Company securities that are subject to a holding lock or restriction on dealing under the terms of a team member, executive or director equity plan operated by the Company must never be hedged."
COL,COLES GROUP LIMITED.,31805637156,Consumer Staples Distribution & Retail,2023-06-19,hedging,Permitted Restricted Persons,vested_unrestricted,any,permitted_with_clearance,express,,6.3(d),"GM-level executives and nominated team members may hedge vested, unrestricted securities if the hedge is treated as a dealing, cleared by the Company Secretary and notified post-trade; they must not enter, renew, alter or close out a hedge while holding Inside Information.","Permitted Restricted Persons and their Connected Persons are permitted to hedge their vested and unrestricted Company securities provided that the hedge transaction is treated as a dealing in Company securities for the purposes of this Policy, and the relevant approvals and notifications required under section 5 are made on that basis."
COL,COLES GROUP LIMITED.,31805637156,Consumer Staples Distribution & Retail,2023-06-19,hedging,directors and team members,vested_unrestricted,any,permitted,via_dealing_definition,,3.1; 6.3,Non-Restricted team members are outside 6.3(a) and (d); hedging vested unrestricted securities is a dealing subject only to the insider trading rules.,"creating a hedge, security interest, margin loan or other financial interest over or in relation to securities"
COL,COLES GROUP LIMITED.,31805637156,Consumer Staples Distribution & Retail,2023-06-19,monetisation,directors,any,any,prohibited,via_hedging_definition,,6.3(a); 6.2; 6.1,Monetisation is not named. A prepaid forward limits economic risk and is banned hedging for directors; forward contracts are also named as short-term dealings and any structure secured on Company securities is a prohibited secured financing arrangement.,Hedging includes entering into transactions in financial products that operate to limit the economic risk associated with holding Company securities.
COL,COLES GROUP LIMITED.,31805637156,Consumer Staples Distribution & Retail,2023-06-19,monetisation,Executive Leadership Team,any,any,prohibited,via_hedging_definition,,6.3(a); 6.2,As for directors: a risk-limiting monetisation is banned hedging and a secured one is a prohibited secured financing arrangement.,"All directors, members of the Executive Leadership Team and their Connected Persons are prohibited from hedging their exposure to Company securities."
COL,COLES GROUP LIMITED.,31805637156,Consumer Staples Distribution & Retail,2023-06-19,monetisation,Permitted Restricted Persons,vested_unrestricted,any,permitted_with_clearance,via_hedging_definition,,6.3(d); 6.2; 6.1,"An unsecured prepaid forward or similar over vested unrestricted shares is a hedge permitted with clearance, but forward contracts are named as short-term dealings and any secured monetisation is prohibited under 6.2.",Permitted Restricted Persons and their Connected Persons are permitted to hedge their vested and unrestricted Company securities provided that the hedge transaction is treated as a dealing
COL,COLES GROUP LIMITED.,31805637156,Consumer Staples Distribution & Retail,2023-06-19,short_selling,Restricted Persons,any,any,prohibited,express,,6.1,Short selling is named as a short-term dealing and banned for Restricted Persons and Connected Persons.,"Short-term trading includes buying and selling securities on market within a 3 month period, and entering into other short-term dealings (for example, forward contracts or short selling)."
COL,COLES GROUP LIMITED.,31805637156,Consumer Staples Distribution & Retail,2023-06-19,short_selling,directors and team members,any,any,not_addressed,none,,,The short-term dealing ban (which names short selling) applies only to Restricted Persons.,
COL,COLES GROUP LIMITED.,31805637156,Consumer Staples Distribution & Retail,2023-06-19,stock_lending,Restricted Persons,any,any,permitted_with_clearance,via_dealing_definition,,3.1; 5.3,"Stock lending is not named; a loan of shares transfers legal ownership and creates an interest in securities, so it is a dealing needing clearance.","transferring legal ownership of securities, even where beneficial ownership does not change"
COL,COLES GROUP LIMITED.,31805637156,Consumer Staples Distribution & Retail,2023-06-19,cfd,Restricted Persons,any,any,permitted_with_clearance,via_dealing_definition,,3.1; 5.3; 6.1; 6.3,"CFDs are not named but cash-settled derivatives are securities; a CFD is a dealing needing clearance and will in practice be caught by the short-term/short-selling ban and, for directors and ELT, the hedging ban if short.","any derivatives of those securities, including equity swaps, futures, hedges and exchange-traded or over-the-counter options, whether settled by cash or otherwise."
COL,COLES GROUP LIMITED.,31805637156,Consumer Staples Distribution & Retail,2023-06-19,margin_lending,Restricted Persons,any,any,prohibited,express,,6.2,"Directors, Restricted Persons and Connected Persons may not obtain a margin loan secured on Company securities (solely or in a portfolio), transfer securities into an existing margin account or sell securities to satisfy a margin call.","All directors, Restricted Persons and their Connected Persons are prohibited from obtaining a margin loan using the Company's securities (either solely or as part of a portfolio) as security for the loan or entering into any secured financing arrangement in respect of the Company's securities."
COL,COLES GROUP LIMITED.,31805637156,Consumer Staples Distribution & Retail,2023-06-19,margin_lending,directors and team members,any,any,not_addressed,none,,6.2,"The margin lending ban is confined to directors, Restricted Persons and their Connected Persons; other team members are not restricted, though a margin loan is a dealing under 3.1.",
COL,COLES GROUP LIMITED.,31805637156,Consumer Staples Distribution & Retail,2023-06-19,encumbrance,Restricted Persons,any,any,prohibited,express,,6.2; 3.1,"Any secured financing arrangement in respect of Company securities is prohibited, which captures a charge or pledge to a lender; creating a security interest is also a dealing. A security interest unconnected with financing is not separately addressed.",or entering into any secured financing arrangement in respect of the Company's securities.
COL,COLES GROUP LIMITED.,31805637156,Consumer Staples Distribution & Retail,2023-06-19,encumbrance,directors and team members,any,any,permitted,via_dealing_definition,,3.1,For non-Restricted team members creating a security interest is a dealing subject only to the insider trading prohibition.,"creating a hedge, security interest, margin loan or other financial interest over or in relation to securities"
COL,COLES GROUP LIMITED.,31805637156,Consumer Staples Distribution & Retail,2023-06-19,secured_financing,Restricted Persons,any,any,prohibited,express,,6.2,"Blanket ban on any secured financing arrangement in respect of Company securities for directors, Restricted Persons and Connected Persons, with no vesting-state or approval carve-out.",or entering into any secured financing arrangement in respect of the Company's securities.
COL,COLES GROUP LIMITED.,31805637156,Consumer Staples Distribution & Retail,2023-06-19,short_term,Restricted Persons,any,any,prohibited,express,,6.1,No buying and selling on market within 3 months and no other short-term dealings (forward contracts and short selling named). Disposals shortly after vesting or issuance under a share plan are carved out; section 7 exclusions also fall outside 6.1.,"Restricted Persons and their Connected Persons must not deal in Company securities on a short-term trading basis. Short-term trading includes buying and selling securities on market within a 3 month period, and entering into other short-term dealings (for example, forward contracts or short selling)."
COL,COLES GROUP LIMITED.,31805637156,Consumer Staples Distribution & Retail,2023-06-19,short_term,directors and team members,any,any,not_addressed,none,,,The short-term dealing ban applies only to Restricted Persons and their Connected Persons.,
SIG,SIGMA HEALTHCARE LIMITED,31283434686,Health Care Equipment & Services,2020-12-10,derivatives,Team Members,unvested,any,prohibited,express,,12,"No derivatives (options, forwards, swaps, futures, warrants or any arrangement giving a greater benefit than the unvested shares would realise) over unvested Sigma Shares; no clearance route.",Sigma Team Members are not permitted to use derivatives in relation to any unvested Sigma Shares.
SIG,SIGMA HEALTHCARE LIMITED,31283434686,Health Care Equipment & Services,2020-12-10,derivatives,Team Members,vested_locked,any,prohibited,express,,12,Derivatives over vested shares are allowed only if the shares are not subject to a holding lock.,"Sigma Team Members may use derivatives in relation to Sigma Shares which have vested, provided any dealing in those derivatives complies with the other requirements of this policy and the Sigma Shares are not subject to a holding lock."
SIG,SIGMA HEALTHCARE LIMITED,31283434686,Health Care Equipment & Services,2020-12-10,derivatives,Specified Persons,vested_unrestricted,any,permitted_with_clearance,express,,"12; 2 (Derivatives, Sigma Shares); 14","Derivatives over vested, unlocked shares are expressly permitted if the dealing complies with the rest of the policy. The Derivatives definition names put and call options, forwards, CFDs, caps and collars and OTC instruments deriving value from Sigma Shares, and Sigma Shares includes securities deriving value from Sigma securities, so a collar is a dealing in Sigma Shares requiring prior written clearance from the Chairman, outside Closed Periods, and subject to the 12-month and speculative dealing rules.","put or call options, exchange traded options, forward contracts, futures, warrants, depositary receipts, structured financial products, swaps, contracts for difference, spread bets, caps and collars and any other hedging or investment arrangement that derives value from the relevant underlying security or asset."
SIG,SIGMA HEALTHCARE LIMITED,31283434686,Health Care Equipment & Services,2020-12-10,derivatives,Team Members,vested_unrestricted,any,permitted,express,,12,"Team Members who are not Specified Persons may use derivatives over vested, unlocked shares without clearance, subject to Closed Periods, the 12-month holding rule and the insider trading prohibition.","Sigma Team Members may use derivatives in relation to Sigma Shares which have vested, provided any dealing in those derivatives complies with the other requirements of this policy and the Sigma Shares are not subject to a holding lock."
SIG,SIGMA HEALTHCARE LIMITED,31283434686,Health Care Equipment & Services,2020-12-10,hedging,Team Members,unvested,any,prohibited,express,,12,The unvested-derivatives ban is expressly an anti-hedging rule: arrangements that let a Team Member realise value from unvested shares regardless of performance hurdles are barred.,The use of derivatives over unvested Sigma Shares has the potential to allow Sigma Team Members to realise value from those securities even if the performance hurdles have not been satisfied.
SIG,SIGMA HEALTHCARE LIMITED,31283434686,Health Care Equipment & Services,2020-12-10,hedging,Team Members,vested_locked,any,prohibited,express,,12,Hedging arrangements are Derivatives and cannot be used over shares under a holding lock.,the Sigma Shares are not subject to a holding lock.
SIG,SIGMA HEALTHCARE LIMITED,31283434686,Health Care Equipment & Services,2020-12-10,hedging,Specified Persons,vested_unrestricted,any,permitted_with_clearance,express,,12; 2 (Derivatives); 14,"Hedging is not separately defined; 'any other hedging or investment arrangement' is a Derivative, permitted over vested unlocked shares with prior written clearance from the Chairman. The policy encourages long-term shareholding but imposes no general hedging ban for directors or executives.",caps and collars and any other hedging or investment arrangement that derives value from the relevant underlying security or asset.
SIG,SIGMA HEALTHCARE LIMITED,31283434686,Health Care Equipment & Services,2020-12-10,hedging,Team Members,vested_unrestricted,any,permitted,express,,12,"Non-Specified Team Members may hedge vested, unlocked shares without clearance subject to the other policy rules.",Sigma Team Members may use derivatives in relation to Sigma Shares which have vested
SIG,SIGMA HEALTHCARE LIMITED,31283434686,Health Care Equipment & Services,2020-12-10,monetisation,Specified Persons,vested_unrestricted,any,permitted_with_clearance,via_dealing_definition,,8; 11; 12; 14,"Monetisation is not named. A prepaid forward is a forward contract (a Derivative) and an agreement to dispose (a dealing), permitted over vested unlocked shares with clearance, but any arrangement that could result in disposal within 12 months of acquisition is banned and a structure secured on the shares is caught by the margin loan ban.","'Deal' or 'dealing' means applying for, acquiring or disposing of securities, or entering an agreement to do any of those things."
SIG,SIGMA HEALTHCARE LIMITED,31283434686,Health Care Equipment & Services,2020-12-10,short_selling,Team Members,any,any,prohibited,express,,11,Outright ban on short selling arrangements in relation to Sigma Shares.,"Similarly, Sigma Team Members are prohibited from entering short selling or stock lending arrangements in relation to Sigma Shares."
SIG,SIGMA HEALTHCARE LIMITED,31283434686,Health Care Equipment & Services,2020-12-10,stock_lending,Team Members,any,any,prohibited,express,,11,"Outright ban on stock lending arrangements in relation to Sigma Shares, so a collar cannot be supported by lending the collared shares to the bank.","Similarly, Sigma Team Members are prohibited from entering short selling or stock lending arrangements in relation to Sigma Shares."
SIG,SIGMA HEALTHCARE LIMITED,31283434686,Health Care Equipment & Services,2020-12-10,cfd,Team Members,any,any,prohibited,implied,,2 (Derivatives); 11; 12,"CFDs and spread bets are named Derivatives and so dealings in Sigma Shares. They are banned over unvested shares and, as leveraged short-term instruments, fall within the ban on dealing as a short-term trader or on a speculative basis; a short CFD is also short selling in substance.",Sigma Team Members must not deal in Sigma Shares as a short-term trader or on a speculative basis.
SIG,SIGMA HEALTHCARE LIMITED,31283434686,Health Care Equipment & Services,2020-12-10,margin_lending,Team Members,any,any,prohibited,express,,12; 11,"Margin loans to fund acquisition of Sigma Shares, or in relation to which Sigma Shares may be used as security, are prohibited because their terms may compel a sale in a Closed Period or while holding inside information. Margin loans are also cited as arrangements that could result in disposal within 12 months.",Team Members are prohibited from entering margin loan arrangements to fund the acquisition of Sigma Shares or in relation to which Sigma Shares may be used as security against loan repayment.
SIG,SIGMA HEALTHCARE LIMITED,31283434686,Health Care Equipment & Services,2020-12-10,encumbrance,Team Members,any,any,not_addressed,none,,,"Granting a charge, mortgage or pledge is not named and the dealing definition does not list it, though 'granting ... any beneficial interest in securities' is a dealing example. The only express restriction is the margin loan ban.",
SIG,SIGMA HEALTHCARE LIMITED,31283434686,Health Care Equipment & Services,2020-12-10,secured_financing,Team Members,any,any,prohibited,implied,,12; 11,"Only 'margin loan arrangements' are named, but the ban extends to any such arrangement 'in relation to which Sigma Shares may be used as security against loan repayment' and the stated rationale (lender-compelled sale in a Closed Period) applies to any loan secured on Sigma Shares. Section 11 separately bars arrangements that could result in disposal within 12 months of acquisition. A non-margin secured loan over shares held more than 12 months is not expressly addressed.","Margin loans to support an investment in Sigma Shares can compromise compliance with this policy, as the terms of the loan may compel the sale of Sigma Shares during a Closed Period or when the Team Member has relevant inside information."
SIG,SIGMA HEALTHCARE LIMITED,31283434686,Health Care Equipment & Services,2020-12-10,short_term,Team Members,any,any,prohibited,express,,11,"12-month minimum holding from acquisition, extending to arrangements (margin loans given as the example) that could result in disposal within 12 months, plus a ban on short-term or speculative dealing. Carve-outs for shares from options held 12 months, LTI/SPP/Employee Share Plan shares and pro-rata rights.","Sigma Team Members who acquire Sigma Shares must not dispose of those shares, or enter arrangements (such as margin loans) which could result in those shares being disposed of, within 12 months of acquisition."
ORG,ORIGIN ENERGY LIMITED,20156147751,Utilities,2025-03-11,derivatives,all,any,any,permitted_with_clearance,via_dealing_definition,,"4; Attachment 1 (Dealing, Securities)","No express derivatives rule. Creating a derivative over Securities, and buying or selling financial products created over or in respect of Securities, are Dealings; Securities includes derivatives and any financial product with no venue limit, so an OTC put/call is a Dealing requiring prior written clearance and is barred in Closed Periods, Additional Prohibitions and while holding Inside Information.","buy or sell Securities or financial products issued or created over, or in respect of Securities ... create a derivative over Securities"
ORG,ORIGIN ENERGY LIMITED,20156147751,Utilities,2025-03-11,hedging,all,unvested,any,prohibited,express,,7.2,Absolute ban on instruments limiting economic risk of equity incentive scheme securities while subject to performance hurdles or otherwise unvested.,You must not Deal in instruments or other financial products which operate to limit the economic risk of any Securities issued to you under any equity incentive schemes provided by Origin while those holdings are subject to performance hurdles or are otherwise unvested.
ORG,ORIGIN ENERGY LIMITED,20156147751,Utilities,2025-03-11,hedging,all,vested_unrestricted,any,permitted_with_clearance,express,,7.2,"Hedging arrangements over vested plan securities are expressly contemplated and must comply with the Policy, i.e. prior written clearance, outside Closed Periods/Additional Prohibitions, no Inside Information. The policy does not distinguish vested-but-locked shares; hedging of non-plan shares is not named and is caught only as a Dealing.","Any sale, hedging arrangement or other Dealing involving those Securities after they have vested must be done in compliance with this Policy."
ORG,ORIGIN ENERGY LIMITED,20156147751,Utilities,2025-03-11,monetisation,all,any,any,permitted_with_clearance,via_dealing_definition,,Attachment 1 (Dealing); 7.1,Monetisation is not named. A prepaid forward or similar is a Dealing (financial product in respect of Securities; agreement to sell) requiring clearance. Any monetisation that takes security over Origin Securities is a secured financing arrangement prohibited by 7.1.,"enter into an agreement to do any of the above, and Deal has a corresponding meaning."
ORG,ORIGIN ENERGY LIMITED,20156147751,Utilities,2025-03-11,short_selling,all,any,any,prohibited,express,,6,Outright ban; short selling is also listed within the Dealing definition as a short-term trade.,You must not engage in short-selling Origin Securities.
ORG,ORIGIN ENERGY LIMITED,20156147751,Utilities,2025-03-11,stock_lending,all,any,any,not_addressed,implied,,,Securities lending is not named anywhere and is not listed in the Dealing definition.,
ORG,ORIGIN ENERGY LIMITED,20156147751,Utilities,2025-03-11,cfd,all,any,any,permitted_with_clearance,via_dealing_definition,,"6; Attachment 1 (Dealing, Securities)","CFDs are not named. They are financial products in respect of Securities and so a Dealing requiring clearance, but a CFD would in practice fall within the ban on short-term or speculative Dealing and, if short, the short-selling ban.",You must not Deal in Origin’s Securities on a short-term or speculative basis.
ORG,ORIGIN ENERGY LIMITED,20156147751,Utilities,2025-03-11,margin_lending,all,any,any,prohibited,express,,7.1,"Margin loans using Origin Securities as collateral, solely or as part of a portfolio, are banned from the date of the Policy. A lender's forced sale in a Closed Period or other prohibited time is a serious breach.","From the date of this Policy, you must not enter into margin lending arrangements using Origin Securities (either solely or as part of a portfolio) as security as a collateral against repayment of a loan, or enter into any other secured financing arrangements in respect of Origin Securities."
ORG,ORIGIN ENERGY LIMITED,20156147751,Utilities,2025-03-11,encumbrance,all,any,any,prohibited,express,,7.1,Granting security over Origin Securities to support any financing is prohibited as a 'secured financing arrangement'. A charge or lien unconnected to a financing is not named and is not a Dealing under the definition.,or enter into any other secured financing arrangements in respect of Origin Securities.
ORG,ORIGIN ENERGY LIMITED,20156147751,Utilities,2025-03-11,secured_financing,all,any,any,prohibited,express,,7.1,"Blanket ban on any secured financing in respect of Origin Securities, not limited to margin loans; no tier, security-state or approval carve-out and no exemption authority.",or enter into any other secured financing arrangements in respect of Origin Securities.
ORG,ORIGIN ENERGY LIMITED,20156147751,Utilities,2025-03-11,short_term,all,any,any,prohibited,express,,6,"Intention test: no acquisition with intent to dispose within three months, and no arrangements that result in short-term Dealing (margin loans given as an example). Carve-out for securities acquired on exercise of plan options/rights and shares acquired under employee equity incentive schemes.","You must not acquire Origin’s Securities with the intention of disposing or selling them within three months of acquisition, or enter into arrangements which result in short-term Dealing (such as margin loans) to minimise the perception of speculative trading."
